{
"type": "FeatureCollection",
"name": "copas_caixas",
"crs": { "type": "name", "properties": { "name": "urn:ogc:def:crs:OGC:1.3:CRS84" } },
"xy_coordinate_resolution": 1e-07,
"features": [
{ "type": "Feature", "properties": { "id_copa": 33, "talhao": "AP3" }, "geometry": { "type": "Polygon", "coordinates": [ [ [ -39.3080984, -13.3299961 ], [ -39.3080516, -13.3299962 ], [ -39.3080516, -13.3300443 ], [ -39.3080985, -13.3300443 ], [ -39.3080984, -13.3299961 ] ] ] } },
{ "type": "Feature", "properties": { "id_copa": 384, "talhao": "AP3" }, "geometry": { "type": "Polygon", "coordinates": [ [ [ -39.3080406, -13.329934 ], [ -39.3079465, -13.3299341 ], [ -39.3079466, -13.330039 ], [ -39.3080407, -13.3300389 ], [ -39.3080406, -13.329934 ] ] ] } },
{ "type": "Feature", "properties": { "id_copa": 456, "talhao": "AP3" }, "geometry": { "type": "Polygon", "coordinates": [ [ [ -39.3080165, -13.3301565 ], [ -39.3079624, -13.3301565 ], [ -39.3079624, -13.3302217 ], [ -39.3080166, -13.3302216 ], [ -39.3080165, -13.3301565 ] ] ] } },
{ "type": "Feature", "properties": { "id_copa": 485, "talhao": "AP3" }, "geometry": { "type": "Polygon", "coordinates": [ [ [ -39.3076833, -13.3308002 ], [ -39.3076297, -13.3308003 ], [ -39.3076298, -13.3308665 ], [ -39.3076834, -13.3308664 ], [ -39.3076833, -13.3308002 ] ] ] } },
{ "type": "Feature", "properties": { "id_copa": 717, "talhao": "AP3" }, "geometry": { "type": "Polygon", "coordinates": [ [ [ -39.3080297, -13.3300952 ], [ -39.3079839, -13.3300952 ], [ -39.3079839, -13.3301497 ], [ -39.3080298, -13.3301497 ], [ -39.3080297, -13.3300952 ] ] ] } },
{ "type": "Feature", "properties": { "id_copa": 1729, "talhao": "AP3" }, "geometry": { "type": "Polygon", "coordinates": [ [ [ -39.307751, -13.3307917 ], [ -39.3076875, -13.3307917 ], [ -39.3076876, -13.3308473 ], [ -39.3077511, -13.3308472 ], [ -39.307751, -13.3307917 ] ] ] } },
{ "type": "Feature", "properties": { "id_copa": 31, "talhao": "C1" }, "geometry": { "type": "Polygon", "coordinates": [ [ [ -39.3117541, -13.3337181 ], [ -39.3117011, -13.3337181 ], [ -39.3117011, -13.3337685 ], [ -39.3117542, -13.3337685 ], [ -39.3117541, -13.3337181 ] ] ] } },
{ "type": "Feature", "properties": { "id_copa": 704, "talhao": "C1" }, "geometry": { "type": "Polygon", "coordinates": [ [ [ -39.3121327, -13.3329215 ], [ -39.31206, -13.3329216 ], [ -39.31206, -13.332987 ], [ -39.3121328, -13.332987 ], [ -39.3121327, -13.3329215 ] ] ] } },
{ "type": "Feature", "properties": { "id_copa": 1164, "talhao": "C1" }, "geometry": { "type": "Polygon", "coordinates": [ [ [ -39.3114959, -13.3336976 ], [ -39.3114097, -13.3336977 ], [ -39.3114098, -13.3337907 ], [ -39.311496, -13.3337906 ], [ -39.3114959, -13.3336976 ] ] ] } },
{ "type": "Feature", "properties": { "id_copa": 570, "talhao": "C2a" }, "geometry": { "type": "Polygon", "coordinates": [ [ [ -39.3129274, -13.3319828 ], [ -39.3128593, -13.3319829 ], [ -39.3128593, -13.33202 ], [ -39.3129274, -13.33202 ], [ -39.3129274, -13.3319828 ] ] ] } },
{ "type": "Feature", "properties": { "id_copa": 12, "talhao": "C2b" }, "geometry": { "type": "Polygon", "coordinates": [ [ [ -39.312626, -13.3318355 ], [ -39.312546, -13.3318356 ], [ -39.3125461, -13.3319117 ], [ -39.3126261, -13.3319116 ], [ -39.312626, -13.3318355 ] ] ] } },
{ "type": "Feature", "properties": { "id_copa": 754, "talhao": "C2b" }, "geometry": { "type": "Polygon", "coordinates": [ [ [ -39.3125294, -13.3317323 ], [ -39.3124195, -13.3317325 ], [ -39.3124196, -13.3318685 ], [ -39.3125295, -13.3318684 ], [ -39.3125294, -13.3317323 ] ] ] } },
{ "type": "Feature", "properties": { "id_copa": 1312, "talhao": "C2b" }, "geometry": { "type": "Polygon", "coordinates": [ [ [ -39.312722, -13.3319423 ], [ -39.312629, -13.3319424 ], [ -39.3126291, -13.3320134 ], [ -39.3127221, -13.3320133 ], [ -39.312722, -13.3319423 ] ] ] } },
{ "type": "Feature", "properties": { "id_copa": 1331, "talhao": "C2b" }, "geometry": { "type": "Polygon", "coordinates": [ [ [ -39.3125651, -13.3313815 ], [ -39.3124541, -13.3313816 ], [ -39.3124543, -13.3314996 ], [ -39.3125652, -13.3314994 ], [ -39.3125651, -13.3313815 ] ] ] } },
{ "type": "Feature", "properties": { "id_copa": 1471, "talhao": "C2b" }, "geometry": { "type": "Polygon", "coordinates": [ [ [ -39.312459, -13.3315545 ], [ -39.3123933, -13.3315546 ], [ -39.3123933, -13.3316156 ], [ -39.3124591, -13.3316155 ], [ -39.312459, -13.3315545 ] ] ] } },
{ "type": "Feature", "properties": { "id_copa": 1503, "talhao": "C2b" }, "geometry": { "type": "Polygon", "coordinates": [ [ [ -39.312783, -13.3319371 ], [ -39.3127133, -13.3319372 ], [ -39.3127134, -13.332 ], [ -39.3127831, -13.3319999 ], [ -39.312783, -13.3319371 ] ] ] } },
{ "type": "Feature", "properties": { "id_copa": 1575, "talhao": "C2b" }, "geometry": { "type": "Polygon", "coordinates": [ [ [ -39.3124353, -13.331753 ], [ -39.3123471, -13.3317531 ], [ -39.3123473, -13.3318636 ], [ -39.3124354, -13.3318635 ], [ -39.3124353, -13.331753 ] ] ] } },
{ "type": "Feature", "properties": { "id_copa": 1718, "talhao": "C2b" }, "geometry": { "type": "Polygon", "coordinates": [ [ [ -39.3126221, -13.3314448 ], [ -39.3125594, -13.3314448 ], [ -39.3125595, -13.3315044 ], [ -39.3126222, -13.3315043 ], [ -39.3126221, -13.3314448 ] ] ] } },
{ "type": "Feature", "properties": { "id_copa": 1811, "talhao": "C4" }, "geometry": { "type": "Polygon", "coordinates": [ [ [ -39.3052283, -13.3249669 ], [ -39.3051414, -13.324967 ], [ -39.3051416, -13.3250664 ], [ -39.3052284, -13.3250663 ], [ -39.3052283, -13.3249669 ] ] ] } },
{ "type": "Feature", "properties": { "id_copa": 431, "talhao": "C5" }, "geometry": { "type": "Polygon", "coordinates": [ [ [ -39.3082525, -13.327356 ], [ -39.3081877, -13.3273561 ], [ -39.3081877, -13.3274182 ], [ -39.3082526, -13.3274182 ], [ -39.3082525, -13.327356 ] ] ] } },
{ "type": "Feature", "properties": { "id_copa": 546, "talhao": "C5" }, "geometry": { "type": "Polygon", "coordinates": [ [ [ -39.3082879, -13.327849 ], [ -39.3082302, -13.327849 ], [ -39.3082303, -13.3279025 ], [ -39.308288, -13.3279024 ], [ -39.3082879, -13.327849 ] ] ] } },
{ "type": "Feature", "properties": { "id_copa": 578, "talhao": "C5" }, "geometry": { "type": "Polygon", "coordinates": [ [ [ -39.308269, -13.3284639 ], [ -39.3082092, -13.328464 ], [ -39.3082092, -13.3285166 ], [ -39.3082691, -13.3285165 ], [ -39.308269, -13.3284639 ] ] ] } },
{ "type": "Feature", "properties": { "id_copa": 810, "talhao": "C5" }, "geometry": { "type": "Polygon", "coordinates": [ [ [ -39.3083327, -13.3286739 ], [ -39.3082602, -13.328674 ], [ -39.3082603, -13.3287359 ], [ -39.3083328, -13.3287358 ], [ -39.3083327, -13.3286739 ] ] ] } },
{ "type": "Feature", "properties": { "id_copa": 818, "talhao": "C5" }, "geometry": { "type": "Polygon", "coordinates": [ [ [ -39.3082321, -13.3275445 ], [ -39.3081841, -13.3275445 ], [ -39.3081842, -13.3275994 ], [ -39.3082322, -13.3275993 ], [ -39.3082321, -13.3275445 ] ] ] } },
{ "type": "Feature", "properties": { "id_copa": 1092, "talhao": "C5" }, "geometry": { "type": "Polygon", "coordinates": [ [ [ -39.3081399, -13.3269907 ], [ -39.3080698, -13.3269908 ], [ -39.3080698, -13.3270574 ], [ -39.30814, -13.3270573 ], [ -39.3081399, -13.3269907 ] ] ] } },
{ "type": "Feature", "properties": { "id_copa": 1722, "talhao": "C5" }, "geometry": { "type": "Polygon", "coordinates": [ [ [ -39.3083527, -13.3285687 ], [ -39.3082982, -13.3285688 ], [ -39.3082983, -13.3286183 ], [ -39.3083527, -13.3286183 ], [ -39.3083527, -13.3285687 ] ] ] } },
{ "type": "Feature", "properties": { "id_copa": 1797, "talhao": "C5" }, "geometry": { "type": "Polygon", "coordinates": [ [ [ -39.3084606, -13.3281555 ], [ -39.3083571, -13.3281556 ], [ -39.3083572, -13.3282441 ], [ -39.3084607, -13.328244 ], [ -39.3084606, -13.3281555 ] ] ] } },
{ "type": "Feature", "properties": { "id_copa": 145, "talhao": "Laranjal" }, "geometry": { "type": "Polygon", "coordinates": [ [ [ -39.3110382, -13.3323253 ], [ -39.3109534, -13.3323254 ], [ -39.3109535, -13.3324083 ], [ -39.3110383, -13.3324081 ], [ -39.3110382, -13.3323253 ] ] ] } },
{ "type": "Feature", "properties": { "id_copa": 170, "talhao": "Laranjal" }, "geometry": { "type": "Polygon", "coordinates": [ [ [ -39.3107703, -13.3325967 ], [ -39.3106791, -13.3325968 ], [ -39.3106792, -13.3326782 ], [ -39.3107704, -13.3326781 ], [ -39.3107703, -13.3325967 ] ] ] } },
{ "type": "Feature", "properties": { "id_copa": 182, "talhao": "Laranjal" }, "geometry": { "type": "Polygon", "coordinates": [ [ [ -39.3108732, -13.3327177 ], [ -39.3108091, -13.3327177 ], [ -39.3108092, -13.332794 ], [ -39.3108733, -13.3327939 ], [ -39.3108732, -13.3327177 ] ] ] } },
{ "type": "Feature", "properties": { "id_copa": 319, "talhao": "Laranjal" }, "geometry": { "type": "Polygon", "coordinates": [ [ [ -39.3107262, -13.33246 ], [ -39.3106171, -13.3324602 ], [ -39.3106173, -13.3325544 ], [ -39.3107263, -13.3325543 ], [ -39.3107262, -13.33246 ] ] ] } },
{ "type": "Feature", "properties": { "id_copa": 363, "talhao": "Laranjal" }, "geometry": { "type": "Polygon", "coordinates": [ [ [ -39.3108801, -13.3325077 ], [ -39.3107889, -13.3325079 ], [ -39.310789, -13.3326014 ], [ -39.3108802, -13.3326013 ], [ -39.3108801, -13.3325077 ] ] ] } },
{ "type": "Feature", "properties": { "id_copa": 613, "talhao": "Laranjal" }, "geometry": { "type": "Polygon", "coordinates": [ [ [ -39.3108799, -13.3324062 ], [ -39.3108053, -13.3324063 ], [ -39.3108054, -13.3324965 ], [ -39.31088, -13.3324964 ], [ -39.3108799, -13.3324062 ] ] ] } },
{ "type": "Feature", "properties": { "id_copa": 845, "talhao": "Laranjal" }, "geometry": { "type": "Polygon", "coordinates": [ [ [ -39.3112576, -13.3324224 ], [ -39.3111694, -13.3324225 ], [ -39.3111695, -13.3325019 ], [ -39.3112577, -13.3325018 ], [ -39.3112576, -13.3324224 ] ] ] } },
{ "type": "Feature", "properties": { "id_copa": 865, "talhao": "Laranjal" }, "geometry": { "type": "Polygon", "coordinates": [ [ [ -39.3110327, -13.3324516 ], [ -39.3108939, -13.3324518 ], [ -39.3108941, -13.3325854 ], [ -39.3110329, -13.3325852 ], [ -39.3110327, -13.3324516 ] ] ] } },
{ "type": "Feature", "properties": { "id_copa": 885, "talhao": "Laranjal" }, "geometry": { "type": "Polygon", "coordinates": [ [ [ -39.3107799, -13.3327136 ], [ -39.3107163, -13.3327137 ], [ -39.3107163, -13.3327689 ], [ -39.31078, -13.3327688 ], [ -39.3107799, -13.3327136 ] ] ] } },
{ "type": "Feature", "properties": { "id_copa": 894, "talhao": "Laranjal" }, "geometry": { "type": "Polygon", "coordinates": [ [ [ -39.3111784, -13.332306 ], [ -39.3111046, -13.332306 ], [ -39.3111047, -13.3323747 ], [ -39.3111785, -13.3323746 ], [ -39.3111784, -13.332306 ] ] ] } },
{ "type": "Feature", "properties": { "id_copa": 899, "talhao": "Laranjal" }, "geometry": { "type": "Polygon", "coordinates": [ [ [ -39.310985, -13.3326654 ], [ -39.310899, -13.3326655 ], [ -39.3108992, -13.3327736 ], [ -39.3109852, -13.3327735 ], [ -39.310985, -13.3326654 ] ] ] } },
{ "type": "Feature", "properties": { "id_copa": 957, "talhao": "Laranjal" }, "geometry": { "type": "Polygon", "coordinates": [ [ [ -39.3109498, -13.332276 ], [ -39.3108501, -13.3322762 ], [ -39.3108502, -13.3323609 ], [ -39.31095, -13.3323608 ], [ -39.3109498, -13.332276 ] ] ] } },
{ "type": "Feature", "properties": { "id_copa": 998, "talhao": "Laranjal" }, "geometry": { "type": "Polygon", "coordinates": [ [ [ -39.311099, -13.332595 ], [ -39.3109871, -13.3325951 ], [ -39.3109873, -13.3327064 ], [ -39.3110991, -13.3327063 ], [ -39.311099, -13.332595 ] ] ] } },
{ "type": "Feature", "properties": { "id_copa": 1107, "talhao": "Laranjal" }, "geometry": { "type": "Polygon", "coordinates": [ [ [ -39.3112319, -13.3321308 ], [ -39.3111644, -13.3321309 ], [ -39.3111645, -13.3322271 ], [ -39.311232, -13.3322271 ], [ -39.3112319, -13.3321308 ] ] ] } },
{ "type": "Feature", "properties": { "id_copa": 1145, "talhao": "Laranjal" }, "geometry": { "type": "Polygon", "coordinates": [ [ [ -39.3111197, -13.3319966 ], [ -39.3110391, -13.3319967 ], [ -39.3110392, -13.3320861 ], [ -39.3111198, -13.332086 ], [ -39.3111197, -13.3319966 ] ] ] } },
{ "type": "Feature", "properties": { "id_copa": 1182, "talhao": "Laranjal" }, "geometry": { "type": "Polygon", "coordinates": [ [ [ -39.3111901, -13.3326116 ], [ -39.311121, -13.3326117 ], [ -39.3111211, -13.332692 ], [ -39.3111902, -13.3326919 ], [ -39.3111901, -13.3326116 ] ] ] } },
{ "type": "Feature", "properties": { "id_copa": 1206, "talhao": "Laranjal" }, "geometry": { "type": "Polygon", "coordinates": [ [ [ -39.3111346, -13.3323916 ], [ -39.3110387, -13.3323917 ], [ -39.3110388, -13.3324722 ], [ -39.3111347, -13.3324721 ], [ -39.3111346, -13.3323916 ] ] ] } },
{ "type": "Feature", "properties": { "id_copa": 1216, "talhao": "Laranjal" }, "geometry": { "type": "Polygon", "coordinates": [ [ [ -39.3111376, -13.3321554 ], [ -39.3110531, -13.3321555 ], [ -39.3110532, -13.3322261 ], [ -39.3111377, -13.332226 ], [ -39.3111376, -13.3321554 ] ] ] } },
{ "type": "Feature", "properties": { "id_copa": 1266, "talhao": "Laranjal" }, "geometry": { "type": "Polygon", "coordinates": [ [ [ -39.3112409, -13.3325054 ], [ -39.3111513, -13.3325055 ], [ -39.3111514, -13.332602 ], [ -39.311241, -13.3326019 ], [ -39.3112409, -13.3325054 ] ] ] } },
{ "type": "Feature", "properties": { "id_copa": 1277, "talhao": "Laranjal" }, "geometry": { "type": "Polygon", "coordinates": [ [ [ -39.3111771, -13.3322213 ], [ -39.3110746, -13.3322214 ], [ -39.3110747, -13.3323142 ], [ -39.3111772, -13.3323141 ], [ -39.3111771, -13.3322213 ] ] ] } },
{ "type": "Feature", "properties": { "id_copa": 1280, "talhao": "Laranjal" }, "geometry": { "type": "Polygon", "coordinates": [ [ [ -39.3111817, -13.3325536 ], [ -39.3111054, -13.3325537 ], [ -39.3111055, -13.3326267 ], [ -39.3111818, -13.3326266 ], [ -39.3111817, -13.3325536 ] ] ] } },
{ "type": "Feature", "properties": { "id_copa": 1281, "talhao": "Laranjal" }, "geometry": { "type": "Polygon", "coordinates": [ [ [ -39.3111169, -13.3324543 ], [ -39.3110191, -13.3324544 ], [ -39.3110192, -13.3325219 ], [ -39.311117, -13.3325218 ], [ -39.3111169, -13.3324543 ] ] ] } },
{ "type": "Feature", "properties": { "id_copa": 1301, "talhao": "Laranjal" }, "geometry": { "type": "Polygon", "coordinates": [ [ [ -39.3111658, -13.3321186 ], [ -39.3110981, -13.3321187 ], [ -39.3110982, -13.3321778 ], [ -39.3111658, -13.3321778 ], [ -39.3111658, -13.3321186 ] ] ] } },
{ "type": "Feature", "properties": { "id_copa": 1307, "talhao": "Laranjal" }, "geometry": { "type": "Polygon", "coordinates": [ [ [ -39.3112474, -13.3322858 ], [ -39.311175, -13.3322859 ], [ -39.3111751, -13.3323528 ], [ -39.3112475, -13.3323527 ], [ -39.3112474, -13.3322858 ] ] ] } },
{ "type": "Feature", "properties": { "id_copa": 1358, "talhao": "Laranjal" }, "geometry": { "type": "Polygon", "coordinates": [ [ [ -39.3109826, -13.3322161 ], [ -39.3108882, -13.3322162 ], [ -39.3108884, -13.3323141 ], [ -39.3109827, -13.332314 ], [ -39.3109826, -13.3322161 ] ] ] } },
{ "type": "Feature", "properties": { "id_copa": 1361, "talhao": "Laranjal" }, "geometry": { "type": "Polygon", "coordinates": [ [ [ -39.3110433, -13.332403 ], [ -39.310981, -13.332403 ], [ -39.3109811, -13.332473 ], [ -39.3110434, -13.3324729 ], [ -39.3110433, -13.332403 ] ] ] } },
{ "type": "Feature", "properties": { "id_copa": 1410, "talhao": "Laranjal" }, "geometry": { "type": "Polygon", "coordinates": [ [ [ -39.311394, -13.3323911 ], [ -39.311285, -13.3323912 ], [ -39.3112851, -13.3324691 ], [ -39.3113941, -13.3324689 ], [ -39.311394, -13.3323911 ] ] ] } },
{ "type": "Feature", "properties": { "id_copa": 1469, "talhao": "Laranjal" }, "geometry": { "type": "Polygon", "coordinates": [ [ [ -39.3110857, -13.33223 ], [ -39.3110234, -13.3322301 ], [ -39.3110235, -13.3323247 ], [ -39.3110858, -13.3323246 ], [ -39.3110857, -13.33223 ] ] ] } },
{ "type": "Feature", "properties": { "id_copa": 1552, "talhao": "Laranjal" }, "geometry": { "type": "Polygon", "coordinates": [ [ [ -39.311212, -13.3320225 ], [ -39.3111374, -13.3320225 ], [ -39.3111375, -13.3321145 ], [ -39.3112121, -13.3321144 ], [ -39.311212, -13.3320225 ] ] ] } },
{ "type": "Feature", "properties": { "id_copa": 1555, "talhao": "Laranjal" }, "geometry": { "type": "Polygon", "coordinates": [ [ [ -39.3112897, -13.3323464 ], [ -39.3111811, -13.3323466 ], [ -39.3111812, -13.3324216 ], [ -39.3112898, -13.3324215 ], [ -39.3112897, -13.3323464 ] ] ] } },
{ "type": "Feature", "properties": { "id_copa": 1589, "talhao": "Laranjal" }, "geometry": { "type": "Polygon", "coordinates": [ [ [ -39.3113128, -13.3322 ], [ -39.3112149, -13.3322001 ], [ -39.311215, -13.3322827 ], [ -39.3113129, -13.3322826 ], [ -39.3113128, -13.3322 ] ] ] } },
{ "type": "Feature", "properties": { "id_copa": 1680, "talhao": "Laranjal" }, "geometry": { "type": "Polygon", "coordinates": [ [ [ -39.3108434, -13.3325823 ], [ -39.3107647, -13.3325824 ], [ -39.3107649, -13.3326901 ], [ -39.3108435, -13.33269 ], [ -39.3108434, -13.3325823 ] ] ] } },
{ "type": "Feature", "properties": { "id_copa": 1681, "talhao": "Laranjal" }, "geometry": { "type": "Polygon", "coordinates": [ [ [ -39.3107215, -13.3326614 ], [ -39.310655, -13.3326615 ], [ -39.3106551, -13.3327374 ], [ -39.3107216, -13.3327373 ], [ -39.3107215, -13.3326614 ] ] ] } },
{ "type": "Feature", "properties": { "id_copa": 1692, "talhao": "Laranjal" }, "geometry": { "type": "Polygon", "coordinates": [ [ [ -39.3114621, -13.3323876 ], [ -39.3113938, -13.3323877 ], [ -39.3113939, -13.3324576 ], [ -39.3114622, -13.3324575 ], [ -39.3114621, -13.3323876 ] ] ] } },
{ "type": "Feature", "properties": { "id_copa": 1767, "talhao": "Laranjal" }, "geometry": { "type": "Polygon", "coordinates": [ [ [ -39.3106228, -13.332761 ], [ -39.3105806, -13.3327611 ], [ -39.3105807, -13.3328141 ], [ -39.3106229, -13.332814 ], [ -39.3106228, -13.332761 ] ] ] } },
{ "type": "Feature", "properties": { "id_copa": 1808, "talhao": "Laranjal" }, "geometry": { "type": "Polygon", "coordinates": [ [ [ -39.3111821, -13.3323694 ], [ -39.3111044, -13.3323695 ], [ -39.3111045, -13.3324526 ], [ -39.3111822, -13.3324525 ], [ -39.3111821, -13.3323694 ] ] ] } },
{ "type": "Feature", "properties": { "id_copa": 1813, "talhao": "Laranjal" }, "geometry": { "type": "Polygon", "coordinates": [ [ [ -39.3115892, -13.3321947 ], [ -39.3114447, -13.3321949 ], [ -39.3114449, -13.3323348 ], [ -39.3115894, -13.3323346 ], [ -39.3115892, -13.3321947 ] ] ] } },
{ "type": "Feature", "properties": { "id_copa": 1864, "talhao": "Laranjal" }, "geometry": { "type": "Polygon", "coordinates": [ [ [ -39.3110582, -13.3319343 ], [ -39.310962, -13.3319344 ], [ -39.3109621, -13.3320328 ], [ -39.3110583, -13.3320327 ], [ -39.3110582, -13.3319343 ] ] ] } },
{ "type": "Feature", "properties": { "id_copa": 395, "talhao": "Lieta" }, "geometry": { "type": "Polygon", "coordinates": [ [ [ -39.3089467, -13.3253971 ], [ -39.3088244, -13.3253973 ], [ -39.3088246, -13.3255286 ], [ -39.3089468, -13.3255285 ], [ -39.3089467, -13.3253971 ] ] ] } },
{ "type": "Feature", "properties": { "id_copa": 1323, "talhao": "Lieta" }, "geometry": { "type": "Polygon", "coordinates": [ [ [ -39.3089914, -13.3248395 ], [ -39.3089149, -13.3248396 ], [ -39.308915, -13.3249256 ], [ -39.3089915, -13.3249255 ], [ -39.3089914, -13.3248395 ] ] ] } },
{ "type": "Feature", "properties": { "id_copa": 690, "talhao": "Pasto" }, "geometry": { "type": "Polygon", "coordinates": [ [ [ -39.3108737, -13.3318045 ], [ -39.3107629, -13.3318047 ], [ -39.310763, -13.3319103 ], [ -39.3108739, -13.3319101 ], [ -39.3108737, -13.3318045 ] ] ] } },
{ "type": "Feature", "properties": { "id_copa": 738, "talhao": "Pasto" }, "geometry": { "type": "Polygon", "coordinates": [ [ [ -39.3109275, -13.3315442 ], [ -39.3108649, -13.3315443 ], [ -39.310865, -13.3316167 ], [ -39.3109276, -13.3316166 ], [ -39.3109275, -13.3315442 ] ] ] } },
{ "type": "Feature", "properties": { "id_copa": 840, "talhao": "Pasto" }, "geometry": { "type": "Polygon", "coordinates": [ [ [ -39.3109479, -13.3316576 ], [ -39.3108658, -13.3316577 ], [ -39.3108659, -13.3317575 ], [ -39.3109481, -13.3317574 ], [ -39.3109479, -13.3316576 ] ] ] } },
{ "type": "Feature", "properties": { "id_copa": 863, "talhao": "Pasto" }, "geometry": { "type": "Polygon", "coordinates": [ [ [ -39.3107539, -13.3316825 ], [ -39.3106912, -13.3316825 ], [ -39.3106913, -13.3317427 ], [ -39.310754, -13.3317426 ], [ -39.3107539, -13.3316825 ] ] ] } },
{ "type": "Feature", "properties": { "id_copa": 940, "talhao": "Pasto" }, "geometry": { "type": "Polygon", "coordinates": [ [ [ -39.3107851, -13.3313993 ], [ -39.3106981, -13.3313994 ], [ -39.3106982, -13.3314819 ], [ -39.3107852, -13.3314818 ], [ -39.3107851, -13.3313993 ] ] ] } },
{ "type": "Feature", "properties": { "id_copa": 1001, "talhao": "Pasto" }, "geometry": { "type": "Polygon", "coordinates": [ [ [ -39.310785, -13.3315187 ], [ -39.3106929, -13.3315188 ], [ -39.310693, -13.3316155 ], [ -39.3107851, -13.3316154 ], [ -39.310785, -13.3315187 ] ] ] } },
{ "type": "Feature", "properties": { "id_copa": 1052, "talhao": "Pasto" }, "geometry": { "type": "Polygon", "coordinates": [ [ [ -39.3108575, -13.3315383 ], [ -39.3107763, -13.3315384 ], [ -39.3107764, -13.3316179 ], [ -39.3108576, -13.3316178 ], [ -39.3108575, -13.3315383 ] ] ] } },
{ "type": "Feature", "properties": { "id_copa": 1075, "talhao": "Pasto" }, "geometry": { "type": "Polygon", "coordinates": [ [ [ -39.3108443, -13.3317029 ], [ -39.3107585, -13.331703 ], [ -39.3107586, -13.3317883 ], [ -39.3108444, -13.3317882 ], [ -39.3108443, -13.3317029 ] ] ] } },
{ "type": "Feature", "properties": { "id_copa": 1076, "talhao": "Pasto" }, "geometry": { "type": "Polygon", "coordinates": [ [ [ -39.3110307, -13.3316106 ], [ -39.3109255, -13.3316108 ], [ -39.3109257, -13.3316982 ], [ -39.3110308, -13.3316981 ], [ -39.3110307, -13.3316106 ] ] ] } },
{ "type": "Feature", "properties": { "id_copa": 1306, "talhao": "Pasto" }, "geometry": { "type": "Polygon", "coordinates": [ [ [ -39.3106699, -13.331661 ], [ -39.3105918, -13.3316611 ], [ -39.3105919, -13.3317475 ], [ -39.31067, -13.3317474 ], [ -39.3106699, -13.331661 ] ] ] } },
{ "type": "Feature", "properties": { "id_copa": 1341, "talhao": "Pasto" }, "geometry": { "type": "Polygon", "coordinates": [ [ [ -39.3108643, -13.3316425 ], [ -39.3107901, -13.3316426 ], [ -39.3107902, -13.3317178 ], [ -39.3108643, -13.3317178 ], [ -39.3108643, -13.3316425 ] ] ] } },
{ "type": "Feature", "properties": { "id_copa": 1355, "talhao": "Pasto" }, "geometry": { "type": "Polygon", "coordinates": [ [ [ -39.3110144, -13.3317293 ], [ -39.3109527, -13.3317294 ], [ -39.3109528, -13.331794 ], [ -39.3110145, -13.331794 ], [ -39.3110144, -13.3317293 ] ] ] } },
{ "type": "Feature", "properties": { "id_copa": 1554, "talhao": "Pasto" }, "geometry": { "type": "Polygon", "coordinates": [ [ [ -39.3108825, -13.331886 ], [ -39.3108004, -13.3318861 ], [ -39.3108005, -13.3319708 ], [ -39.3108826, -13.3319707 ], [ -39.3108825, -13.331886 ] ] ] } },
{ "type": "Feature", "properties": { "id_copa": 1679, "talhao": "Pasto" }, "geometry": { "type": "Polygon", "coordinates": [ [ [ -39.3111057, -13.3315839 ], [ -39.3110451, -13.331584 ], [ -39.3110452, -13.3316544 ], [ -39.3111058, -13.3316543 ], [ -39.3111057, -13.3315839 ] ] ] } },
{ "type": "Feature", "properties": { "id_copa": 1756, "talhao": "Pasto" }, "geometry": { "type": "Polygon", "coordinates": [ [ [ -39.3110579, -13.3316805 ], [ -39.3109914, -13.3316806 ], [ -39.3109914, -13.3317363 ], [ -39.311058, -13.3317362 ], [ -39.3110579, -13.3316805 ] ] ] } },
{ "type": "Feature", "properties": { "id_copa": 1759, "talhao": "Pasto" }, "geometry": { "type": "Polygon", "coordinates": [ [ [ -39.3108385, -13.3314861 ], [ -39.310769, -13.3314862 ], [ -39.3107691, -13.3315449 ], [ -39.3108386, -13.3315448 ], [ -39.3108385, -13.3314861 ] ] ] } },
{ "type": "Feature", "properties": { "id_copa": 1860, "talhao": "Pasto" }, "geometry": { "type": "Polygon", "coordinates": [ [ [ -39.3108765, -13.3315939 ], [ -39.3108194, -13.331594 ], [ -39.3108195, -13.3316513 ], [ -39.3108766, -13.3316513 ], [ -39.3108765, -13.3315939 ] ] ] } },
{ "type": "Feature", "properties": { "id_copa": 1, "talhao": "T10" }, "geometry": { "type": "Polygon", "coordinates": [ [ [ -39.3068261, -13.3277339 ], [ -39.3067464, -13.327734 ], [ -39.3067465, -13.3278091 ], [ -39.3068262, -13.327809 ], [ -39.3068261, -13.3277339 ] ] ] } },
{ "type": "Feature", "properties": { "id_copa": 6, "talhao": "T10" }, "geometry": { "type": "Polygon", "coordinates": [ [ [ -39.3066702, -13.3271619 ], [ -39.306608, -13.3271619 ], [ -39.3066081, -13.3272191 ], [ -39.3066702, -13.327219 ], [ -39.3066702, -13.3271619 ] ] ] } },
{ "type": "Feature", "properties": { "id_copa": 42, "talhao": "T10" }, "geometry": { "type": "Polygon", "coordinates": [ [ [ -39.3072437, -13.3272531 ], [ -39.3071539, -13.3272532 ], [ -39.307154, -13.3273431 ], [ -39.3072438, -13.327343 ], [ -39.3072437, -13.3272531 ] ] ] } },
{ "type": "Feature", "properties": { "id_copa": 65, "talhao": "T10" }, "geometry": { "type": "Polygon", "coordinates": [ [ [ -39.3068427, -13.3280276 ], [ -39.3067724, -13.3280277 ], [ -39.3067724, -13.3280893 ], [ -39.3068428, -13.3280892 ], [ -39.3068427, -13.3280276 ] ] ] } },
{ "type": "Feature", "properties": { "id_copa": 68, "talhao": "T10" }, "geometry": { "type": "Polygon", "coordinates": [ [ [ -39.3076656, -13.3278738 ], [ -39.307609, -13.3278739 ], [ -39.307609, -13.327922 ], [ -39.3076656, -13.3279219 ], [ -39.3076656, -13.3278738 ] ] ] } },
{ "type": "Feature", "properties": { "id_copa": 76, "talhao": "T10" }, "geometry": { "type": "Polygon", "coordinates": [ [ [ -39.3074037, -13.3283223 ], [ -39.3073381, -13.3283223 ], [ -39.3073382, -13.3284028 ], [ -39.3074038, -13.3284028 ], [ -39.3074037, -13.3283223 ] ] ] } },
{ "type": "Feature", "properties": { "id_copa": 83, "talhao": "T10" }, "geometry": { "type": "Polygon", "coordinates": [ [ [ -39.3074053, -13.3284108 ], [ -39.3073546, -13.3284109 ], [ -39.3073547, -13.3284636 ], [ -39.3074054, -13.3284635 ], [ -39.3074053, -13.3284108 ] ] ] } },
{ "type": "Feature", "properties": { "id_copa": 102, "talhao": "T10" }, "geometry": { "type": "Polygon", "coordinates": [ [ [ -39.3067522, -13.3281451 ], [ -39.3066833, -13.3281452 ], [ -39.3066834, -13.3282261 ], [ -39.3067524, -13.328226 ], [ -39.3067522, -13.3281451 ] ] ] } },
{ "type": "Feature", "properties": { "id_copa": 107, "talhao": "T10" }, "geometry": { "type": "Polygon", "coordinates": [ [ [ -39.3071653, -13.3279723 ], [ -39.3070859, -13.3279724 ], [ -39.307086, -13.3280354 ], [ -39.3071654, -13.3280354 ], [ -39.3071653, -13.3279723 ] ] ] } },
{ "type": "Feature", "properties": { "id_copa": 121, "talhao": "T10" }, "geometry": { "type": "Polygon", "coordinates": [ [ [ -39.3066801, -13.3272955 ], [ -39.3066131, -13.3272955 ], [ -39.3066132, -13.3273573 ], [ -39.3066802, -13.3273572 ], [ -39.3066801, -13.3272955 ] ] ] } },
{ "type": "Feature", "properties": { "id_copa": 180, "talhao": "T10" }, "geometry": { "type": "Polygon", "coordinates": [ [ [ -39.3073045, -13.3278149 ], [ -39.3072203, -13.327815 ], [ -39.3072204, -13.3279105 ], [ -39.3073046, -13.3279104 ], [ -39.3073045, -13.3278149 ] ] ] } },
{ "type": "Feature", "properties": { "id_copa": 184, "talhao": "T10" }, "geometry": { "type": "Polygon", "coordinates": [ [ [ -39.3066397, -13.3273384 ], [ -39.3065819, -13.3273385 ], [ -39.306582, -13.3274056 ], [ -39.3066397, -13.3274055 ], [ -39.3066397, -13.3273384 ] ] ] } },
{ "type": "Feature", "properties": { "id_copa": 214, "talhao": "T10" }, "geometry": { "type": "Polygon", "coordinates": [ [ [ -39.3066678, -13.3270929 ], [ -39.3066109, -13.327093 ], [ -39.306611, -13.3271526 ], [ -39.3066679, -13.3271525 ], [ -39.3066678, -13.3270929 ] ] ] } },
{ "type": "Feature", "properties": { "id_copa": 233, "talhao": "T10" }, "geometry": { "type": "Polygon", "coordinates": [ [ [ -39.3073181, -13.3275624 ], [ -39.3072448, -13.3275625 ], [ -39.3072449, -13.3276318 ], [ -39.3073182, -13.3276317 ], [ -39.3073181, -13.3275624 ] ] ] } },
{ "type": "Feature", "properties": { "id_copa": 243, "talhao": "T10" }, "geometry": { "type": "Polygon", "coordinates": [ [ [ -39.3071042, -13.3282244 ], [ -39.3070364, -13.3282245 ], [ -39.3070365, -13.3283171 ], [ -39.3071043, -13.328317 ], [ -39.3071042, -13.3282244 ] ] ] } },
{ "type": "Feature", "properties": { "id_copa": 263, "talhao": "T10" }, "geometry": { "type": "Polygon", "coordinates": [ [ [ -39.3073179, -13.3283156 ], [ -39.307254, -13.3283157 ], [ -39.3072541, -13.3283767 ], [ -39.307318, -13.3283766 ], [ -39.3073179, -13.3283156 ] ] ] } },
{ "type": "Feature", "properties": { "id_copa": 309, "talhao": "T10" }, "geometry": { "type": "Polygon", "coordinates": [ [ [ -39.3066187, -13.3276137 ], [ -39.306546, -13.3276138 ], [ -39.3065461, -13.3276743 ], [ -39.3066187, -13.3276742 ], [ -39.3066187, -13.3276137 ] ] ] } },
{ "type": "Feature", "properties": { "id_copa": 359, "talhao": "T10" }, "geometry": { "type": "Polygon", "coordinates": [ [ [ -39.3071758, -13.3283926 ], [ -39.3071033, -13.3283927 ], [ -39.3071034, -13.3284603 ], [ -39.3071759, -13.3284602 ], [ -39.3071758, -13.3283926 ] ] ] } },
{ "type": "Feature", "properties": { "id_copa": 362, "talhao": "T10" }, "geometry": { "type": "Polygon", "coordinates": [ [ [ -39.306856, -13.3271865 ], [ -39.3067605, -13.3271866 ], [ -39.3067606, -13.3272893 ], [ -39.3068562, -13.3272892 ], [ -39.306856, -13.3271865 ] ] ] } },
{ "type": "Feature", "properties": { "id_copa": 376, "talhao": "T10" }, "geometry": { "type": "Polygon", "coordinates": [ [ [ -39.3067577, -13.3275831 ], [ -39.3066865, -13.3275832 ], [ -39.3066866, -13.3276586 ], [ -39.3067578, -13.3276585 ], [ -39.3067577, -13.3275831 ] ] ] } },
{ "type": "Feature", "properties": { "id_copa": 482, "talhao": "T10" }, "geometry": { "type": "Polygon", "coordinates": [ [ [ -39.3067856, -13.3270363 ], [ -39.3067047, -13.3270364 ], [ -39.3067048, -13.3271114 ], [ -39.3067857, -13.3271113 ], [ -39.3067856, -13.3270363 ] ] ] } },
{ "type": "Feature", "properties": { "id_copa": 506, "talhao": "T10" }, "geometry": { "type": "Polygon", "coordinates": [ [ [ -39.3073814, -13.327478 ], [ -39.3073089, -13.3274781 ], [ -39.307309, -13.3275576 ], [ -39.3073815, -13.3275575 ], [ -39.3073814, -13.327478 ] ] ] } },
{ "type": "Feature", "properties": { "id_copa": 521, "talhao": "T10" }, "geometry": { "type": "Polygon", "coordinates": [ [ [ -39.3071492, -13.3270229 ], [ -39.3070767, -13.327023 ], [ -39.3070768, -13.3270917 ], [ -39.3071493, -13.3270916 ], [ -39.3071492, -13.3270229 ] ] ] } },
{ "type": "Feature", "properties": { "id_copa": 538, "talhao": "T10" }, "geometry": { "type": "Polygon", "coordinates": [ [ [ -39.3070181, -13.3284668 ], [ -39.3069382, -13.3284669 ], [ -39.3069383, -13.3285279 ], [ -39.3070182, -13.3285278 ], [ -39.3070181, -13.3284668 ] ] ] } },
{ "type": "Feature", "properties": { "id_copa": 548, "talhao": "T10" }, "geometry": { "type": "Polygon", "coordinates": [ [ [ -39.3065192, -13.3274508 ], [ -39.3064712, -13.3274509 ], [ -39.3064713, -13.3274997 ], [ -39.3065192, -13.3274996 ], [ -39.3065192, -13.3274508 ] ] ] } },
{ "type": "Feature", "properties": { "id_copa": 554, "talhao": "T10" }, "geometry": { "type": "Polygon", "coordinates": [ [ [ -39.3068832, -13.3284271 ], [ -39.3068049, -13.3284272 ], [ -39.306805, -13.3284985 ], [ -39.3068833, -13.3284984 ], [ -39.3068832, -13.3284271 ] ] ] } },
{ "type": "Feature", "properties": { "id_copa": 619, "talhao": "T10" }, "geometry": { "type": "Polygon", "coordinates": [ [ [ -39.3069236, -13.3279007 ], [ -39.3068406, -13.3279008 ], [ -39.3068407, -13.3279892 ], [ -39.3069238, -13.3279891 ], [ -39.3069236, -13.3279007 ] ] ] } },
{ "type": "Feature", "properties": { "id_copa": 626, "talhao": "T10" }, "geometry": { "type": "Polygon", "coordinates": [ [ [ -39.3066198, -13.3272094 ], [ -39.3065688, -13.3272094 ], [ -39.3065689, -13.3272797 ], [ -39.3066199, -13.3272797 ], [ -39.3066198, -13.3272094 ] ] ] } },
{ "type": "Feature", "properties": { "id_copa": 635, "talhao": "T10" }, "geometry": { "type": "Polygon", "coordinates": [ [ [ -39.3072387, -13.3282814 ], [ -39.3071739, -13.3282815 ], [ -39.307174, -13.3283615 ], [ -39.3072388, -13.3283615 ], [ -39.3072387, -13.3282814 ] ] ] } },
{ "type": "Feature", "properties": { "id_copa": 654, "talhao": "T10" }, "geometry": { "type": "Polygon", "coordinates": [ [ [ -39.3073373, -13.3280063 ], [ -39.3072293, -13.3280064 ], [ -39.3072294, -13.3280991 ], [ -39.3073375, -13.3280989 ], [ -39.3073373, -13.3280063 ] ] ] } },
{ "type": "Feature", "properties": { "id_copa": 674, "talhao": "T10" }, "geometry": { "type": "Polygon", "coordinates": [ [ [ -39.3073042, -13.3271735 ], [ -39.3072064, -13.3271736 ], [ -39.3072065, -13.3272664 ], [ -39.3073043, -13.3272662 ], [ -39.3073042, -13.3271735 ] ] ] } },
{ "type": "Feature", "properties": { "id_copa": 677, "talhao": "T10" }, "geometry": { "type": "Polygon", "coordinates": [ [ [ -39.306721, -13.3271091 ], [ -39.3066667, -13.3271092 ], [ -39.3066668, -13.3271711 ], [ -39.306721, -13.3271711 ], [ -39.306721, -13.3271091 ] ] ] } },
{ "type": "Feature", "properties": { "id_copa": 679, "talhao": "T10" }, "geometry": { "type": "Polygon", "coordinates": [ [ [ -39.307454, -13.3278612 ], [ -39.3073843, -13.3278612 ], [ -39.3073844, -13.3279381 ], [ -39.3074541, -13.327938 ], [ -39.307454, -13.3278612 ] ] ] } },
{ "type": "Feature", "properties": { "id_copa": 685, "talhao": "T10" }, "geometry": { "type": "Polygon", "coordinates": [ [ [ -39.3067105, -13.3279133 ], [ -39.3066238, -13.3279134 ], [ -39.3066239, -13.3279825 ], [ -39.3067106, -13.3279823 ], [ -39.3067105, -13.3279133 ] ] ] } },
{ "type": "Feature", "properties": { "id_copa": 697, "talhao": "T10" }, "geometry": { "type": "Polygon", "coordinates": [ [ [ -39.3070625, -13.3283389 ], [ -39.3069688, -13.328339 ], [ -39.3069689, -13.3284192 ], [ -39.3070626, -13.3284191 ], [ -39.3070625, -13.3283389 ] ] ] } },
{ "type": "Feature", "properties": { "id_copa": 701, "talhao": "T10" }, "geometry": { "type": "Polygon", "coordinates": [ [ [ -39.3068846, -13.3269879 ], [ -39.3067934, -13.326988 ], [ -39.3067935, -13.3270862 ], [ -39.3068848, -13.3270861 ], [ -39.3068846, -13.3269879 ] ] ] } },
{ "type": "Feature", "properties": { "id_copa": 706, "talhao": "T10" }, "geometry": { "type": "Polygon", "coordinates": [ [ [ -39.3073093, -13.3274665 ], [ -39.3072124, -13.3274666 ], [ -39.3072125, -13.3275533 ], [ -39.3073094, -13.3275532 ], [ -39.3073093, -13.3274665 ] ] ] } },
{ "type": "Feature", "properties": { "id_copa": 712, "talhao": "T10" }, "geometry": { "type": "Polygon", "coordinates": [ [ [ -39.3071607, -13.3282711 ], [ -39.3070956, -13.3282712 ], [ -39.3070956, -13.328342 ], [ -39.3071608, -13.3283419 ], [ -39.3071607, -13.3282711 ] ] ] } },
{ "type": "Feature", "properties": { "id_copa": 728, "talhao": "T10" }, "geometry": { "type": "Polygon", "coordinates": [ [ [ -39.3075383, -13.3278791 ], [ -39.3074594, -13.3278792 ], [ -39.3074595, -13.3279417 ], [ -39.3075384, -13.3279416 ], [ -39.3075383, -13.3278791 ] ] ] } },
{ "type": "Feature", "properties": { "id_copa": 777, "talhao": "T10" }, "geometry": { "type": "Polygon", "coordinates": [ [ [ -39.3070329, -13.3285222 ], [ -39.3069356, -13.3285223 ], [ -39.3069357, -13.3285931 ], [ -39.307033, -13.328593 ], [ -39.3070329, -13.3285222 ] ] ] } },
{ "type": "Feature", "properties": { "id_copa": 816, "talhao": "T10" }, "geometry": { "type": "Polygon", "coordinates": [ [ [ -39.3076103, -13.327902 ], [ -39.3075349, -13.3279021 ], [ -39.307535, -13.3279817 ], [ -39.3076104, -13.3279816 ], [ -39.3076103, -13.327902 ] ] ] } },
{ "type": "Feature", "properties": { "id_copa": 835, "talhao": "T10" }, "geometry": { "type": "Polygon", "coordinates": [ [ [ -39.3072388, -13.3273784 ], [ -39.3071722, -13.3273785 ], [ -39.3071723, -13.3274493 ], [ -39.3072389, -13.3274492 ], [ -39.3072388, -13.3273784 ] ] ] } },
{ "type": "Feature", "properties": { "id_copa": 838, "talhao": "T10" }, "geometry": { "type": "Polygon", "coordinates": [ [ [ -39.3065855, -13.3276646 ], [ -39.3065204, -13.3276647 ], [ -39.3065205, -13.3277286 ], [ -39.3065856, -13.3277285 ], [ -39.3065855, -13.3276646 ] ] ] } },
{ "type": "Feature", "properties": { "id_copa": 901, "talhao": "T10" }, "geometry": { "type": "Polygon", "coordinates": [ [ [ -39.3069459, -13.3283264 ], [ -39.3068916, -13.3283265 ], [ -39.3068917, -13.3283777 ], [ -39.3069459, -13.3283777 ], [ -39.3069459, -13.3283264 ] ] ] } },
{ "type": "Feature", "properties": { "id_copa": 929, "talhao": "T10" }, "geometry": { "type": "Polygon", "coordinates": [ [ [ -39.3068963, -13.3282948 ], [ -39.3068324, -13.3282949 ], [ -39.3068326, -13.3283814 ], [ -39.3068964, -13.3283813 ], [ -39.3068963, -13.3282948 ] ] ] } },
{ "type": "Feature", "properties": { "id_copa": 992, "talhao": "T10" }, "geometry": { "type": "Polygon", "coordinates": [ [ [ -39.3075863, -13.3279721 ], [ -39.307505, -13.3279722 ], [ -39.3075051, -13.3280537 ], [ -39.3075864, -13.3280536 ], [ -39.3075863, -13.3279721 ] ] ] } },
{ "type": "Feature", "properties": { "id_copa": 1018, "talhao": "T10" }, "geometry": { "type": "Polygon", "coordinates": [ [ [ -39.306941, -13.3281954 ], [ -39.3068427, -13.3281955 ], [ -39.3068428, -13.3282707 ], [ -39.3069411, -13.3282706 ], [ -39.306941, -13.3281954 ] ] ] } },
{ "type": "Feature", "properties": { "id_copa": 1027, "talhao": "T10" }, "geometry": { "type": "Polygon", "coordinates": [ [ [ -39.30708, -13.3269959 ], [ -39.3070152, -13.326996 ], [ -39.3070153, -13.3270677 ], [ -39.3070801, -13.3270676 ], [ -39.30708, -13.3269959 ] ] ] } },
{ "type": "Feature", "properties": { "id_copa": 1031, "talhao": "T10" }, "geometry": { "type": "Polygon", "coordinates": [ [ [ -39.3068909, -13.3281222 ], [ -39.3068204, -13.3281223 ], [ -39.3068204, -13.3281874 ], [ -39.3068909, -13.3281873 ], [ -39.3068909, -13.3281222 ] ] ] } },
{ "type": "Feature", "properties": { "id_copa": 1040, "talhao": "T10" }, "geometry": { "type": "Polygon", "coordinates": [ [ [ -39.3074481, -13.3279519 ], [ -39.307387, -13.327952 ], [ -39.3073871, -13.328003 ], [ -39.3074481, -13.3280029 ], [ -39.3074481, -13.3279519 ] ] ] } },
{ "type": "Feature", "properties": { "id_copa": 1109, "talhao": "T10" }, "geometry": { "type": "Polygon", "coordinates": [ [ [ -39.3073397, -13.3272854 ], [ -39.307258, -13.3272855 ], [ -39.3072581, -13.3273815 ], [ -39.3073398, -13.3273814 ], [ -39.3073397, -13.3272854 ] ] ] } },
{ "type": "Feature", "properties": { "id_copa": 1126, "talhao": "T10" }, "geometry": { "type": "Polygon", "coordinates": [ [ [ -39.3066844, -13.3274942 ], [ -39.3066121, -13.3274943 ], [ -39.3066122, -13.3275601 ], [ -39.3066845, -13.32756 ], [ -39.3066844, -13.3274942 ] ] ] } },
{ "type": "Feature", "properties": { "id_copa": 1129, "talhao": "T10" }, "geometry": { "type": "Polygon", "coordinates": [ [ [ -39.3073428, -13.3282466 ], [ -39.3072932, -13.3282466 ], [ -39.3072932, -13.328308 ], [ -39.3073429, -13.328308 ], [ -39.3073428, -13.3282466 ] ] ] } },
{ "type": "Feature", "properties": { "id_copa": 1135, "talhao": "T10" }, "geometry": { "type": "Polygon", "coordinates": [ [ [ -39.3074944, -13.3282222 ], [ -39.3074146, -13.3282223 ], [ -39.3074147, -13.3282929 ], [ -39.3074945, -13.3282928 ], [ -39.3074944, -13.3282222 ] ] ] } },
{ "type": "Feature", "properties": { "id_copa": 1170, "talhao": "T10" }, "geometry": { "type": "Polygon", "coordinates": [ [ [ -39.3066203, -13.3277406 ], [ -39.3065429, -13.3277407 ], [ -39.306543, -13.3278145 ], [ -39.3066204, -13.3278144 ], [ -39.3066203, -13.3277406 ] ] ] } },
{ "type": "Feature", "properties": { "id_copa": 1181, "talhao": "T10" }, "geometry": { "type": "Polygon", "coordinates": [ [ [ -39.3066371, -13.3276991 ], [ -39.3065961, -13.3276991 ], [ -39.3065962, -13.3277473 ], [ -39.3066372, -13.3277473 ], [ -39.3066371, -13.3276991 ] ] ] } },
{ "type": "Feature", "properties": { "id_copa": 1208, "talhao": "T10" }, "geometry": { "type": "Polygon", "coordinates": [ [ [ -39.3073481, -13.3279111 ], [ -39.3072885, -13.3279112 ], [ -39.3072886, -13.3279697 ], [ -39.3073481, -13.3279696 ], [ -39.3073481, -13.3279111 ] ] ] } },
{ "type": "Feature", "properties": { "id_copa": 1256, "talhao": "T10" }, "geometry": { "type": "Polygon", "coordinates": [ [ [ -39.3066908, -13.3279916 ], [ -39.3066369, -13.3279917 ], [ -39.306637, -13.3280507 ], [ -39.3066908, -13.3280506 ], [ -39.3066908, -13.3279916 ] ] ] } },
{ "type": "Feature", "properties": { "id_copa": 1285, "talhao": "T10" }, "geometry": { "type": "Polygon", "coordinates": [ [ [ -39.307031, -13.3269749 ], [ -39.306942, -13.3269751 ], [ -39.3069421, -13.3270552 ], [ -39.3070311, -13.327055 ], [ -39.307031, -13.3269749 ] ] ] } },
{ "type": "Feature", "properties": { "id_copa": 1298, "talhao": "T10" }, "geometry": { "type": "Polygon", "coordinates": [ [ [ -39.3073999, -13.3281944 ], [ -39.3073337, -13.3281945 ], [ -39.3073338, -13.3282796 ], [ -39.3074, -13.3282795 ], [ -39.3073999, -13.3281944 ] ] ] } },
{ "type": "Feature", "properties": { "id_copa": 1303, "talhao": "T10" }, "geometry": { "type": "Polygon", "coordinates": [ [ [ -39.3071666, -13.3281374 ], [ -39.3071075, -13.3281375 ], [ -39.3071075, -13.3281991 ], [ -39.3071666, -13.328199 ], [ -39.3071666, -13.3281374 ] ] ] } },
{ "type": "Feature", "properties": { "id_copa": 1340, "talhao": "T10" }, "geometry": { "type": "Polygon", "coordinates": [ [ [ -39.3074785, -13.3275141 ], [ -39.307407, -13.3275142 ], [ -39.3074071, -13.3275807 ], [ -39.3074785, -13.3275806 ], [ -39.3074785, -13.3275141 ] ] ] } },
{ "type": "Feature", "properties": { "id_copa": 1342, "talhao": "T10" }, "geometry": { "type": "Polygon", "coordinates": [ [ [ -39.3073356, -13.328162 ], [ -39.307259, -13.3281621 ], [ -39.3072591, -13.3282468 ], [ -39.3073357, -13.3282467 ], [ -39.3073356, -13.328162 ] ] ] } },
{ "type": "Feature", "properties": { "id_copa": 1367, "talhao": "T10" }, "geometry": { "type": "Polygon", "coordinates": [ [ [ -39.3075146, -13.3278216 ], [ -39.3074482, -13.3278217 ], [ -39.3074482, -13.3278678 ], [ -39.3075147, -13.3278677 ], [ -39.3075146, -13.3278216 ] ] ] } },
{ "type": "Feature", "properties": { "id_copa": 1417, "talhao": "T10" }, "geometry": { "type": "Polygon", "coordinates": [ [ [ -39.3067731, -13.3283479 ], [ -39.306735, -13.3283479 ], [ -39.3067351, -13.3283936 ], [ -39.3067732, -13.3283936 ], [ -39.3067731, -13.3283479 ] ] ] } },
{ "type": "Feature", "properties": { "id_copa": 1424, "talhao": "T10" }, "geometry": { "type": "Polygon", "coordinates": [ [ [ -39.3073249, -13.327363 ], [ -39.3072542, -13.327363 ], [ -39.3072542, -13.3274289 ], [ -39.3073249, -13.3274288 ], [ -39.3073249, -13.327363 ] ] ] } },
{ "type": "Feature", "properties": { "id_copa": 1453, "talhao": "T10" }, "geometry": { "type": "Polygon", "coordinates": [ [ [ -39.3066334, -13.3279607 ], [ -39.3065853, -13.3279608 ], [ -39.3065853, -13.3280138 ], [ -39.3066335, -13.3280137 ], [ -39.3066334, -13.3279607 ] ] ] } },
{ "type": "Feature", "properties": { "id_copa": 1457, "talhao": "T10" }, "geometry": { "type": "Polygon", "coordinates": [ [ [ -39.3076651, -13.3280506 ], [ -39.3075829, -13.3280507 ], [ -39.307583, -13.3281311 ], [ -39.3076652, -13.328131 ], [ -39.3076651, -13.3280506 ] ] ] } },
{ "type": "Feature", "properties": { "id_copa": 1459, "talhao": "T10" }, "geometry": { "type": "Polygon", "coordinates": [ [ [ -39.3070186, -13.3279142 ], [ -39.3069139, -13.3279143 ], [ -39.306914, -13.3280004 ], [ -39.3070187, -13.3280003 ], [ -39.3070186, -13.3279142 ] ] ] } },
{ "type": "Feature", "properties": { "id_copa": 1495, "talhao": "T10" }, "geometry": { "type": "Polygon", "coordinates": [ [ [ -39.3067347, -13.3272364 ], [ -39.3066333, -13.3272365 ], [ -39.3066334, -13.3273169 ], [ -39.3067348, -13.3273168 ], [ -39.3067347, -13.3272364 ] ] ] } },
{ "type": "Feature", "properties": { "id_copa": 1498, "talhao": "T10" }, "geometry": { "type": "Polygon", "coordinates": [ [ [ -39.3066829, -13.3276557 ], [ -39.3066323, -13.3276557 ], [ -39.3066324, -13.3277185 ], [ -39.3066829, -13.3277185 ], [ -39.3066829, -13.3276557 ] ] ] } },
{ "type": "Feature", "properties": { "id_copa": 1499, "talhao": "T10" }, "geometry": { "type": "Polygon", "coordinates": [ [ [ -39.3072014, -13.3275155 ], [ -39.3071499, -13.3275156 ], [ -39.30715, -13.3275621 ], [ -39.3072015, -13.327562 ], [ -39.3072014, -13.3275155 ] ] ] } },
{ "type": "Feature", "properties": { "id_copa": 1540, "talhao": "T10" }, "geometry": { "type": "Polygon", "coordinates": [ [ [ -39.3070055, -13.3278019 ], [ -39.3069491, -13.3278019 ], [ -39.3069491, -13.3278574 ], [ -39.3070056, -13.3278573 ], [ -39.3070055, -13.3278019 ] ] ] } },
{ "type": "Feature", "properties": { "id_copa": 1544, "talhao": "T10" }, "geometry": { "type": "Polygon", "coordinates": [ [ [ -39.3071806, -13.3278713 ], [ -39.3071107, -13.3278714 ], [ -39.3071107, -13.3279303 ], [ -39.3071807, -13.3279302 ], [ -39.3071806, -13.3278713 ] ] ] } },
{ "type": "Feature", "properties": { "id_copa": 1586, "talhao": "T10" }, "geometry": { "type": "Polygon", "coordinates": [ [ [ -39.3072353, -13.3284355 ], [ -39.3071995, -13.3284355 ], [ -39.3071996, -13.3284771 ], [ -39.3072353, -13.3284771 ], [ -39.3072353, -13.3284355 ] ] ] } },
{ "type": "Feature", "properties": { "id_copa": 1587, "talhao": "T10" }, "geometry": { "type": "Polygon", "coordinates": [ [ [ -39.3075202, -13.3279663 ], [ -39.3074696, -13.3279664 ], [ -39.3074697, -13.3280286 ], [ -39.3075203, -13.3280285 ], [ -39.3075202, -13.3279663 ] ] ] } },
{ "type": "Feature", "properties": { "id_copa": 1612, "talhao": "T10" }, "geometry": { "type": "Polygon", "coordinates": [ [ [ -39.3076788, -13.3279253 ], [ -39.3076067, -13.3279254 ], [ -39.3076068, -13.3280023 ], [ -39.3076789, -13.3280023 ], [ -39.3076788, -13.3279253 ] ] ] } },
{ "type": "Feature", "properties": { "id_copa": 1614, "talhao": "T10" }, "geometry": { "type": "Polygon", "coordinates": [ [ [ -39.3069653, -13.3282848 ], [ -39.3069112, -13.3282849 ], [ -39.3069113, -13.3283391 ], [ -39.3069653, -13.328339 ], [ -39.3069653, -13.3282848 ] ] ] } },
{ "type": "Feature", "properties": { "id_copa": 1618, "talhao": "T10" }, "geometry": { "type": "Polygon", "coordinates": [ [ [ -39.3067836, -13.3274783 ], [ -39.3067619, -13.3274783 ], [ -39.306762, -13.327502 ], [ -39.3067836, -13.327502 ], [ -39.3067836, -13.3274783 ] ] ] } },
{ "type": "Feature", "properties": { "id_copa": 1664, "talhao": "T10" }, "geometry": { "type": "Polygon", "coordinates": [ [ [ -39.3067751, -13.3282761 ], [ -39.3067424, -13.3282762 ], [ -39.3067425, -13.3282998 ], [ -39.3067752, -13.3282997 ], [ -39.3067751, -13.3282761 ] ] ] } },
{ "type": "Feature", "properties": { "id_copa": 1665, "talhao": "T10" }, "geometry": { "type": "Polygon", "coordinates": [ [ [ -39.3068157, -13.3280931 ], [ -39.3067448, -13.3280932 ], [ -39.3067448, -13.3281543 ], [ -39.3068158, -13.3281542 ], [ -39.3068157, -13.3280931 ] ] ] } },
{ "type": "Feature", "properties": { "id_copa": 1702, "talhao": "T10" }, "geometry": { "type": "Polygon", "coordinates": [ [ [ -39.3072827, -13.3281558 ], [ -39.3072188, -13.3281559 ], [ -39.3072189, -13.3282424 ], [ -39.3072828, -13.3282423 ], [ -39.3072827, -13.3281558 ] ] ] } },
{ "type": "Feature", "properties": { "id_copa": 1724, "talhao": "T10" }, "geometry": { "type": "Polygon", "coordinates": [ [ [ -39.3070523, -13.3284203 ], [ -39.3070055, -13.3284203 ], [ -39.3070056, -13.3284758 ], [ -39.3070524, -13.3284757 ], [ -39.3070523, -13.3284203 ] ] ] } },
{ "type": "Feature", "properties": { "id_copa": 1765, "talhao": "T10" }, "geometry": { "type": "Polygon", "coordinates": [ [ [ -39.3071249, -13.3280812 ], [ -39.3069977, -13.3280813 ], [ -39.3069978, -13.3281788 ], [ -39.307125, -13.3281786 ], [ -39.3071249, -13.3280812 ] ] ] } },
{ "type": "Feature", "properties": { "id_copa": 1793, "talhao": "T10" }, "geometry": { "type": "Polygon", "coordinates": [ [ [ -39.3074878, -13.328037 ], [ -39.3074331, -13.3280371 ], [ -39.3074332, -13.3280849 ], [ -39.3074878, -13.3280848 ], [ -39.3074878, -13.328037 ] ] ] } },
{ "type": "Feature", "properties": { "id_copa": 1836, "talhao": "T10" }, "geometry": { "type": "Polygon", "coordinates": [ [ [ -39.3073997, -13.3279102 ], [ -39.3073394, -13.3279103 ], [ -39.3073395, -13.3280014 ], [ -39.3073998, -13.3280013 ], [ -39.3073997, -13.3279102 ] ] ] } },
{ "type": "Feature", "properties": { "id_copa": 1841, "talhao": "T10" }, "geometry": { "type": "Polygon", "coordinates": [ [ [ -39.3074642, -13.3274632 ], [ -39.3073876, -13.3274633 ], [ -39.3073876, -13.3275198 ], [ -39.3074642, -13.3275197 ], [ -39.3074642, -13.3274632 ] ] ] } },
{ "type": "Feature", "properties": { "id_copa": 1843, "talhao": "T10" }, "geometry": { "type": "Polygon", "coordinates": [ [ [ -39.3065691, -13.3275594 ], [ -39.306536, -13.3275594 ], [ -39.306536, -13.3275957 ], [ -39.3065691, -13.3275957 ], [ -39.3065691, -13.3275594 ] ] ] } },
{ "type": "Feature", "properties": { "id_copa": 1861, "talhao": "T10" }, "geometry": { "type": "Polygon", "coordinates": [ [ [ -39.307476, -13.32835 ], [ -39.3074031, -13.32835 ], [ -39.3074032, -13.3284298 ], [ -39.3074761, -13.3284297 ], [ -39.307476, -13.32835 ] ] ] } },
{ "type": "Feature", "properties": { "id_copa": 2, "talhao": "T11" }, "geometry": { "type": "Polygon", "coordinates": [ [ [ -39.3081388, -13.3279383 ], [ -39.3080521, -13.3279384 ], [ -39.3080521, -13.3280126 ], [ -39.3081389, -13.3280125 ], [ -39.3081388, -13.3279383 ] ] ] } },
{ "type": "Feature", "properties": { "id_copa": 30, "talhao": "T11" }, "geometry": { "type": "Polygon", "coordinates": [ [ [ -39.3081357, -13.327771 ], [ -39.3080759, -13.3277711 ], [ -39.308076, -13.3278285 ], [ -39.3081357, -13.3278284 ], [ -39.3081357, -13.327771 ] ] ] } },
{ "type": "Feature", "properties": { "id_copa": 48, "talhao": "T11" }, "geometry": { "type": "Polygon", "coordinates": [ [ [ -39.3075331, -13.327127 ], [ -39.3074789, -13.327127 ], [ -39.307479, -13.3271856 ], [ -39.3075332, -13.3271856 ], [ -39.3075331, -13.327127 ] ] ] } },
{ "type": "Feature", "properties": { "id_copa": 82, "talhao": "T11" }, "geometry": { "type": "Polygon", "coordinates": [ [ [ -39.3079347, -13.327851 ], [ -39.3078753, -13.3278511 ], [ -39.3078754, -13.3279083 ], [ -39.3079348, -13.3279083 ], [ -39.3079347, -13.327851 ] ] ] } },
{ "type": "Feature", "properties": { "id_copa": 111, "talhao": "T11" }, "geometry": { "type": "Polygon", "coordinates": [ [ [ -39.3078275, -13.3273341 ], [ -39.307758, -13.3273342 ], [ -39.3077581, -13.3273987 ], [ -39.3078276, -13.3273986 ], [ -39.3078275, -13.3273341 ] ] ] } },
{ "type": "Feature", "properties": { "id_copa": 113, "talhao": "T11" }, "geometry": { "type": "Polygon", "coordinates": [ [ [ -39.307853, -13.327681 ], [ -39.3077798, -13.3276811 ], [ -39.3077799, -13.3277385 ], [ -39.3078531, -13.3277384 ], [ -39.307853, -13.327681 ] ] ] } },
{ "type": "Feature", "properties": { "id_copa": 173, "talhao": "T11" }, "geometry": { "type": "Polygon", "coordinates": [ [ [ -39.3081027, -13.3273231 ], [ -39.3080378, -13.3273232 ], [ -39.3080379, -13.3273755 ], [ -39.3081028, -13.3273754 ], [ -39.3081027, -13.3273231 ] ] ] } },
{ "type": "Feature", "properties": { "id_copa": 222, "talhao": "T11" }, "geometry": { "type": "Polygon", "coordinates": [ [ [ -39.308145, -13.3281372 ], [ -39.3080553, -13.3281373 ], [ -39.3080554, -13.3282277 ], [ -39.3081451, -13.3282276 ], [ -39.308145, -13.3281372 ] ] ] } },
{ "type": "Feature", "properties": { "id_copa": 249, "talhao": "T11" }, "geometry": { "type": "Polygon", "coordinates": [ [ [ -39.307722, -13.327156 ], [ -39.3076663, -13.3271561 ], [ -39.3076664, -13.3272108 ], [ -39.307722, -13.3272107 ], [ -39.307722, -13.327156 ] ] ] } },
{ "type": "Feature", "properties": { "id_copa": 262, "talhao": "T11" }, "geometry": { "type": "Polygon", "coordinates": [ [ [ -39.3078187, -13.3272855 ], [ -39.3077492, -13.3272855 ], [ -39.3077493, -13.3273371 ], [ -39.3078188, -13.3273371 ], [ -39.3078187, -13.3272855 ] ] ] } },
{ "type": "Feature", "properties": { "id_copa": 271, "talhao": "T11" }, "geometry": { "type": "Polygon", "coordinates": [ [ [ -39.3079904, -13.3275407 ], [ -39.3079288, -13.3275408 ], [ -39.3079288, -13.3276161 ], [ -39.3079905, -13.3276161 ], [ -39.3079904, -13.3275407 ] ] ] } },
{ "type": "Feature", "properties": { "id_copa": 292, "talhao": "T11" }, "geometry": { "type": "Polygon", "coordinates": [ [ [ -39.3073286, -13.3268791 ], [ -39.3072416, -13.3268792 ], [ -39.3072417, -13.326954 ], [ -39.3073287, -13.3269539 ], [ -39.3073286, -13.3268791 ] ] ] } },
{ "type": "Feature", "properties": { "id_copa": 300, "talhao": "T11" }, "geometry": { "type": "Polygon", "coordinates": [ [ [ -39.3080231, -13.3273142 ], [ -39.3079353, -13.3273143 ], [ -39.3079354, -13.3273984 ], [ -39.3080232, -13.3273983 ], [ -39.3080231, -13.3273142 ] ] ] } },
{ "type": "Feature", "properties": { "id_copa": 311, "talhao": "T11" }, "geometry": { "type": "Polygon", "coordinates": [ [ [ -39.3080868, -13.3278342 ], [ -39.3080308, -13.3278343 ], [ -39.3080309, -13.3278871 ], [ -39.3080868, -13.327887 ], [ -39.3080868, -13.3278342 ] ] ] } },
{ "type": "Feature", "properties": { "id_copa": 338, "talhao": "T11" }, "geometry": { "type": "Polygon", "coordinates": [ [ [ -39.307724, -13.3270542 ], [ -39.3076432, -13.3270543 ], [ -39.3076433, -13.3271139 ], [ -39.307724, -13.3271138 ], [ -39.307724, -13.3270542 ] ] ] } },
{ "type": "Feature", "properties": { "id_copa": 351, "talhao": "T11" }, "geometry": { "type": "Polygon", "coordinates": [ [ [ -39.3072991, -13.3270209 ], [ -39.3071901, -13.327021 ], [ -39.3071903, -13.3271399 ], [ -39.3072993, -13.3271398 ], [ -39.3072991, -13.3270209 ] ] ] } },
{ "type": "Feature", "properties": { "id_copa": 386, "talhao": "T11" }, "geometry": { "type": "Polygon", "coordinates": [ [ [ -39.3081343, -13.3272673 ], [ -39.3080703, -13.3272674 ], [ -39.3080704, -13.3273337 ], [ -39.3081344, -13.3273336 ], [ -39.3081343, -13.3272673 ] ] ] } },
{ "type": "Feature", "properties": { "id_copa": 390, "talhao": "T11" }, "geometry": { "type": "Polygon", "coordinates": [ [ [ -39.3081789, -13.328021 ], [ -39.3080729, -13.3280211 ], [ -39.308073, -13.3281083 ], [ -39.308179, -13.3281082 ], [ -39.3081789, -13.328021 ] ] ] } },
{ "type": "Feature", "properties": { "id_copa": 420, "talhao": "T11" }, "geometry": { "type": "Polygon", "coordinates": [ [ [ -39.308037, -13.3278056 ], [ -39.3079875, -13.3278056 ], [ -39.3079876, -13.3278598 ], [ -39.308037, -13.3278597 ], [ -39.308037, -13.3278056 ] ] ] } },
{ "type": "Feature", "properties": { "id_copa": 441, "talhao": "T11" }, "geometry": { "type": "Polygon", "coordinates": [ [ [ -39.307833, -13.3274013 ], [ -39.3077716, -13.3274013 ], [ -39.3077717, -13.3274657 ], [ -39.3078331, -13.3274656 ], [ -39.307833, -13.3274013 ] ] ] } },
{ "type": "Feature", "properties": { "id_copa": 483, "talhao": "T11" }, "geometry": { "type": "Polygon", "coordinates": [ [ [ -39.3080395, -13.3277347 ], [ -39.3079435, -13.3277348 ], [ -39.3079436, -13.327799 ], [ -39.3080396, -13.3277989 ], [ -39.3080395, -13.3277347 ] ] ] } },
{ "type": "Feature", "properties": { "id_copa": 502, "talhao": "T11" }, "geometry": { "type": "Polygon", "coordinates": [ [ [ -39.3079467, -13.3277359 ], [ -39.3078942, -13.3277359 ], [ -39.3078942, -13.3277904 ], [ -39.3079468, -13.3277904 ], [ -39.3079467, -13.3277359 ] ] ] } },
{ "type": "Feature", "properties": { "id_copa": 536, "talhao": "T11" }, "geometry": { "type": "Polygon", "coordinates": [ [ [ -39.3081313, -13.3273712 ], [ -39.3080368, -13.3273713 ], [ -39.3080369, -13.3274687 ], [ -39.3081314, -13.3274686 ], [ -39.3081313, -13.3273712 ] ] ] } },
{ "type": "Feature", "properties": { "id_copa": 537, "talhao": "T11" }, "geometry": { "type": "Polygon", "coordinates": [ [ [ -39.3081458, -13.3276539 ], [ -39.3080815, -13.327654 ], [ -39.3080816, -13.3277239 ], [ -39.3081459, -13.3277238 ], [ -39.3081458, -13.3276539 ] ] ] } },
{ "type": "Feature", "properties": { "id_copa": 539, "talhao": "T11" }, "geometry": { "type": "Polygon", "coordinates": [ [ [ -39.3078769, -13.326941 ], [ -39.3077997, -13.3269411 ], [ -39.3077998, -13.3270167 ], [ -39.307877, -13.3270166 ], [ -39.3078769, -13.326941 ] ] ] } },
{ "type": "Feature", "properties": { "id_copa": 581, "talhao": "T11" }, "geometry": { "type": "Polygon", "coordinates": [ [ [ -39.3081372, -13.3275911 ], [ -39.3080601, -13.3275912 ], [ -39.3080602, -13.3276521 ], [ -39.3081373, -13.3276521 ], [ -39.3081372, -13.3275911 ] ] ] } },
{ "type": "Feature", "properties": { "id_copa": 588, "talhao": "T11" }, "geometry": { "type": "Polygon", "coordinates": [ [ [ -39.3080468, -13.3276204 ], [ -39.3079792, -13.3276205 ], [ -39.3079793, -13.3276937 ], [ -39.3080469, -13.3276936 ], [ -39.3080468, -13.3276204 ] ] ] } },
{ "type": "Feature", "properties": { "id_copa": 600, "talhao": "T11" }, "geometry": { "type": "Polygon", "coordinates": [ [ [ -39.3081236, -13.3271543 ], [ -39.3080476, -13.3271544 ], [ -39.3080478, -13.3272506 ], [ -39.3081238, -13.3272506 ], [ -39.3081236, -13.3271543 ] ] ] } },
{ "type": "Feature", "properties": { "id_copa": 609, "talhao": "T11" }, "geometry": { "type": "Polygon", "coordinates": [ [ [ -39.3080537, -13.3285498 ], [ -39.3079418, -13.32855 ], [ -39.3079419, -13.3286203 ], [ -39.3080538, -13.3286201 ], [ -39.3080537, -13.3285498 ] ] ] } },
{ "type": "Feature", "properties": { "id_copa": 644, "talhao": "T11" }, "geometry": { "type": "Polygon", "coordinates": [ [ [ -39.3077905, -13.3264181 ], [ -39.3077263, -13.3264182 ], [ -39.3077264, -13.326481 ], [ -39.3077905, -13.3264809 ], [ -39.3077905, -13.3264181 ] ] ] } },
{ "type": "Feature", "properties": { "id_copa": 646, "talhao": "T11" }, "geometry": { "type": "Polygon", "coordinates": [ [ [ -39.3079222, -13.3276693 ], [ -39.3078508, -13.3276694 ], [ -39.3078509, -13.3277375 ], [ -39.3079223, -13.3277374 ], [ -39.3079222, -13.3276693 ] ] ] } },
{ "type": "Feature", "properties": { "id_copa": 687, "talhao": "T11" }, "geometry": { "type": "Polygon", "coordinates": [ [ [ -39.3080382, -13.327996 ], [ -39.3079529, -13.3279961 ], [ -39.307953, -13.3280708 ], [ -39.3080383, -13.3280707 ], [ -39.3080382, -13.327996 ] ] ] } },
{ "type": "Feature", "properties": { "id_copa": 722, "talhao": "T11" }, "geometry": { "type": "Polygon", "coordinates": [ [ [ -39.307487, -13.327384 ], [ -39.3073922, -13.3273841 ], [ -39.3073923, -13.3274774 ], [ -39.3074872, -13.3274773 ], [ -39.307487, -13.327384 ] ] ] } },
{ "type": "Feature", "properties": { "id_copa": 726, "talhao": "T11" }, "geometry": { "type": "Polygon", "coordinates": [ [ [ -39.3078795, -13.3278842 ], [ -39.3078265, -13.3278842 ], [ -39.3078266, -13.3279313 ], [ -39.3078796, -13.3279312 ], [ -39.3078795, -13.3278842 ] ] ] } },
{ "type": "Feature", "properties": { "id_copa": 734, "talhao": "T11" }, "geometry": { "type": "Polygon", "coordinates": [ [ [ -39.3080245, -13.3274601 ], [ -39.3079666, -13.3274601 ], [ -39.3079667, -13.327511 ], [ -39.3080246, -13.3275109 ], [ -39.3080245, -13.3274601 ] ] ] } },
{ "type": "Feature", "properties": { "id_copa": 735, "talhao": "T11" }, "geometry": { "type": "Polygon", "coordinates": [ [ [ -39.3075202, -13.3270235 ], [ -39.307454, -13.3270236 ], [ -39.3074541, -13.3270894 ], [ -39.3075202, -13.3270893 ], [ -39.3075202, -13.3270235 ] ] ] } },
{ "type": "Feature", "properties": { "id_copa": 759, "talhao": "T11" }, "geometry": { "type": "Polygon", "coordinates": [ [ [ -39.3079345, -13.3276086 ], [ -39.3078599, -13.3276087 ], [ -39.30786, -13.3276743 ], [ -39.3079346, -13.3276742 ], [ -39.3079345, -13.3276086 ] ] ] } },
{ "type": "Feature", "properties": { "id_copa": 812, "talhao": "T11" }, "geometry": { "type": "Polygon", "coordinates": [ [ [ -39.3078061, -13.3272233 ], [ -39.3077204, -13.3272234 ], [ -39.3077204, -13.3272887 ], [ -39.3078062, -13.3272886 ], [ -39.3078061, -13.3272233 ] ] ] } },
{ "type": "Feature", "properties": { "id_copa": 824, "talhao": "T11" }, "geometry": { "type": "Polygon", "coordinates": [ [ [ -39.3078236, -13.3261642 ], [ -39.3077745, -13.3261642 ], [ -39.3077746, -13.3262175 ], [ -39.3078236, -13.3262174 ], [ -39.3078236, -13.3261642 ] ] ] } },
{ "type": "Feature", "properties": { "id_copa": 833, "talhao": "T11" }, "geometry": { "type": "Polygon", "coordinates": [ [ [ -39.3077271, -13.3264914 ], [ -39.3076728, -13.3264915 ], [ -39.3076729, -13.3265408 ], [ -39.3077271, -13.3265408 ], [ -39.3077271, -13.3264914 ] ] ] } },
{ "type": "Feature", "properties": { "id_copa": 904, "talhao": "T11" }, "geometry": { "type": "Polygon", "coordinates": [ [ [ -39.307916, -13.3277817 ], [ -39.3078509, -13.3277818 ], [ -39.307851, -13.327843 ], [ -39.3079161, -13.3278429 ], [ -39.307916, -13.3277817 ] ] ] } },
{ "type": "Feature", "properties": { "id_copa": 938, "talhao": "T11" }, "geometry": { "type": "Polygon", "coordinates": [ [ [ -39.3072577, -13.3268128 ], [ -39.3072045, -13.3268128 ], [ -39.3072045, -13.3268673 ], [ -39.3072578, -13.3268672 ], [ -39.3072577, -13.3268128 ] ] ] } },
{ "type": "Feature", "properties": { "id_copa": 966, "talhao": "T11" }, "geometry": { "type": "Polygon", "coordinates": [ [ [ -39.3076292, -13.3272742 ], [ -39.3075868, -13.3272742 ], [ -39.3075869, -13.327315 ], [ -39.3076293, -13.3273149 ], [ -39.3076292, -13.3272742 ] ] ] } },
{ "type": "Feature", "properties": { "id_copa": 1015, "talhao": "T11" }, "geometry": { "type": "Polygon", "coordinates": [ [ [ -39.3079642, -13.3279125 ], [ -39.3078335, -13.3279126 ], [ -39.3078337, -13.3280258 ], [ -39.3079644, -13.3280257 ], [ -39.3079642, -13.3279125 ] ] ] } },
{ "type": "Feature", "properties": { "id_copa": 1061, "talhao": "T11" }, "geometry": { "type": "Polygon", "coordinates": [ [ [ -39.3079266, -13.3273272 ], [ -39.3078513, -13.3273273 ], [ -39.3078514, -13.3273974 ], [ -39.3079267, -13.3273973 ], [ -39.3079266, -13.3273272 ] ] ] } },
{ "type": "Feature", "properties": { "id_copa": 1091, "talhao": "T11" }, "geometry": { "type": "Polygon", "coordinates": [ [ [ -39.3079721, -13.3274652 ], [ -39.3078426, -13.3274654 ], [ -39.3078427, -13.3275468 ], [ -39.3079722, -13.3275466 ], [ -39.3079721, -13.3274652 ] ] ] } },
{ "type": "Feature", "properties": { "id_copa": 1134, "talhao": "T11" }, "geometry": { "type": "Polygon", "coordinates": [ [ [ -39.307551, -13.3275106 ], [ -39.3074737, -13.3275107 ], [ -39.3074738, -13.3276047 ], [ -39.3075512, -13.3276046 ], [ -39.307551, -13.3275106 ] ] ] } },
{ "type": "Feature", "properties": { "id_copa": 1286, "talhao": "T11" }, "geometry": { "type": "Polygon", "coordinates": [ [ [ -39.3075841, -13.3271943 ], [ -39.3075295, -13.3271943 ], [ -39.3075296, -13.3272436 ], [ -39.3075842, -13.3272435 ], [ -39.3075841, -13.3271943 ] ] ] } },
{ "type": "Feature", "properties": { "id_copa": 1292, "talhao": "T11" }, "geometry": { "type": "Polygon", "coordinates": [ [ [ -39.3078998, -13.327736 ], [ -39.3078363, -13.3277361 ], [ -39.3078364, -13.3277944 ], [ -39.3078998, -13.3277943 ], [ -39.3078998, -13.327736 ] ] ] } },
{ "type": "Feature", "properties": { "id_copa": 1293, "talhao": "T11" }, "geometry": { "type": "Polygon", "coordinates": [ [ [ -39.3082126, -13.3272014 ], [ -39.3081414, -13.3272015 ], [ -39.3081416, -13.3272826 ], [ -39.3082127, -13.3272826 ], [ -39.3082126, -13.3272014 ] ] ] } },
{ "type": "Feature", "properties": { "id_copa": 1297, "talhao": "T11" }, "geometry": { "type": "Polygon", "coordinates": [ [ [ -39.3073119, -13.3269568 ], [ -39.3072472, -13.3269569 ], [ -39.3072473, -13.327019 ], [ -39.307312, -13.327019 ], [ -39.3073119, -13.3269568 ] ] ] } },
{ "type": "Feature", "properties": { "id_copa": 1366, "talhao": "T11" }, "geometry": { "type": "Polygon", "coordinates": [ [ [ -39.3075964, -13.3268671 ], [ -39.30752, -13.3268672 ], [ -39.3075201, -13.32692 ], [ -39.3075965, -13.3269199 ], [ -39.3075964, -13.3268671 ] ] ] } },
{ "type": "Feature", "properties": { "id_copa": 1369, "talhao": "T11" }, "geometry": { "type": "Polygon", "coordinates": [ [ [ -39.3074742, -13.3270705 ], [ -39.3074188, -13.3270706 ], [ -39.3074188, -13.327112 ], [ -39.3074743, -13.3271119 ], [ -39.3074742, -13.3270705 ] ] ] } },
{ "type": "Feature", "properties": { "id_copa": 1380, "talhao": "T11" }, "geometry": { "type": "Polygon", "coordinates": [ [ [ -39.3077539, -13.3268421 ], [ -39.3076722, -13.3268422 ], [ -39.3076723, -13.3269285 ], [ -39.307754, -13.3269285 ], [ -39.3077539, -13.3268421 ] ] ] } },
{ "type": "Feature", "properties": { "id_copa": 1394, "talhao": "T11" }, "geometry": { "type": "Polygon", "coordinates": [ [ [ -39.3079731, -13.3270334 ], [ -39.307872, -13.3270336 ], [ -39.3078721, -13.3270976 ], [ -39.3079732, -13.3270975 ], [ -39.3079731, -13.3270334 ] ] ] } },
{ "type": "Feature", "properties": { "id_copa": 1402, "talhao": "T11" }, "geometry": { "type": "Polygon", "coordinates": [ [ [ -39.3076859, -13.3264308 ], [ -39.3076356, -13.3264309 ], [ -39.3076357, -13.3264918 ], [ -39.307686, -13.3264917 ], [ -39.3076859, -13.3264308 ] ] ] } },
{ "type": "Feature", "properties": { "id_copa": 1436, "talhao": "T11" }, "geometry": { "type": "Polygon", "coordinates": [ [ [ -39.307602, -13.3273317 ], [ -39.307536, -13.3273318 ], [ -39.3075361, -13.3273929 ], [ -39.3076021, -13.3273928 ], [ -39.307602, -13.3273317 ] ] ] } },
{ "type": "Feature", "properties": { "id_copa": 1437, "talhao": "T11" }, "geometry": { "type": "Polygon", "coordinates": [ [ [ -39.3077197, -13.3269743 ], [ -39.30765, -13.3269744 ], [ -39.30765, -13.3270289 ], [ -39.3077198, -13.3270288 ], [ -39.3077197, -13.3269743 ] ] ] } },
{ "type": "Feature", "properties": { "id_copa": 1464, "talhao": "T11" }, "geometry": { "type": "Polygon", "coordinates": [ [ [ -39.3072867, -13.326734 ], [ -39.3072143, -13.3267341 ], [ -39.3072144, -13.326796 ], [ -39.3072868, -13.3267959 ], [ -39.3072867, -13.326734 ] ] ] } },
{ "type": "Feature", "properties": { "id_copa": 1505, "talhao": "T11" }, "geometry": { "type": "Polygon", "coordinates": [ [ [ -39.3077078, -13.3272266 ], [ -39.3076614, -13.3272266 ], [ -39.3076614, -13.32726 ], [ -39.3077078, -13.32726 ], [ -39.3077078, -13.3272266 ] ] ] } },
{ "type": "Feature", "properties": { "id_copa": 1521, "talhao": "T11" }, "geometry": { "type": "Polygon", "coordinates": [ [ [ -39.3075296, -13.3272683 ], [ -39.3074648, -13.3272684 ], [ -39.3074648, -13.3273276 ], [ -39.3075297, -13.3273275 ], [ -39.3075296, -13.3272683 ] ] ] } },
{ "type": "Feature", "properties": { "id_copa": 1534, "talhao": "T11" }, "geometry": { "type": "Polygon", "coordinates": [ [ [ -39.307745, -13.3272805 ], [ -39.3076761, -13.3272806 ], [ -39.3076761, -13.3273425 ], [ -39.3077451, -13.3273425 ], [ -39.307745, -13.3272805 ] ] ] } },
{ "type": "Feature", "properties": { "id_copa": 1572, "talhao": "T11" }, "geometry": { "type": "Polygon", "coordinates": [ [ [ -39.3077301, -13.3263867 ], [ -39.3076545, -13.3263868 ], [ -39.3076546, -13.3264513 ], [ -39.3077302, -13.3264512 ], [ -39.3077301, -13.3263867 ] ] ] } },
{ "type": "Feature", "properties": { "id_copa": 1585, "talhao": "T11" }, "geometry": { "type": "Polygon", "coordinates": [ [ [ -39.3076168, -13.3269166 ], [ -39.3075074, -13.3269167 ], [ -39.3075075, -13.3269892 ], [ -39.3076169, -13.3269891 ], [ -39.3076168, -13.3269166 ] ] ] } },
{ "type": "Feature", "properties": { "id_copa": 1606, "talhao": "T11" }, "geometry": { "type": "Polygon", "coordinates": [ [ [ -39.3080494, -13.3272894 ], [ -39.3079639, -13.3272895 ], [ -39.3079639, -13.3273375 ], [ -39.3080495, -13.3273374 ], [ -39.3080494, -13.3272894 ] ] ] } },
{ "type": "Feature", "properties": { "id_copa": 1609, "talhao": "T11" }, "geometry": { "type": "Polygon", "coordinates": [ [ [ -39.3081105, -13.3283983 ], [ -39.3080405, -13.3283984 ], [ -39.3080406, -13.3284838 ], [ -39.3081106, -13.3284837 ], [ -39.3081105, -13.3283983 ] ] ] } },
{ "type": "Feature", "properties": { "id_copa": 1615, "talhao": "T11" }, "geometry": { "type": "Polygon", "coordinates": [ [ [ -39.3076739, -13.3268701 ], [ -39.3076018, -13.3268702 ], [ -39.3076019, -13.3269188 ], [ -39.3076739, -13.3269187 ], [ -39.3076739, -13.3268701 ] ] ] } },
{ "type": "Feature", "properties": { "id_copa": 1640, "talhao": "T11" }, "geometry": { "type": "Polygon", "coordinates": [ [ [ -39.307685, -13.3269164 ], [ -39.3076139, -13.3269165 ], [ -39.307614, -13.3269826 ], [ -39.3076851, -13.3269825 ], [ -39.307685, -13.3269164 ] ] ] } },
{ "type": "Feature", "properties": { "id_copa": 1725, "talhao": "T11" }, "geometry": { "type": "Polygon", "coordinates": [ [ [ -39.3074839, -13.3272752 ], [ -39.3073826, -13.3272753 ], [ -39.3073828, -13.3273844 ], [ -39.3074841, -13.3273843 ], [ -39.3074839, -13.3272752 ] ] ] } },
{ "type": "Feature", "properties": { "id_copa": 1746, "talhao": "T11" }, "geometry": { "type": "Polygon", "coordinates": [ [ [ -39.3075272, -13.3270743 ], [ -39.3074818, -13.3270744 ], [ -39.3074818, -13.3271061 ], [ -39.3075273, -13.3271061 ], [ -39.3075272, -13.3270743 ] ] ] } },
{ "type": "Feature", "properties": { "id_copa": 1749, "talhao": "T11" }, "geometry": { "type": "Polygon", "coordinates": [ [ [ -39.3077072, -13.3274014 ], [ -39.3076494, -13.3274015 ], [ -39.3076495, -13.3274508 ], [ -39.3077073, -13.3274507 ], [ -39.3077072, -13.3274014 ] ] ] } },
{ "type": "Feature", "properties": { "id_copa": 1751, "talhao": "T11" }, "geometry": { "type": "Polygon", "coordinates": [ [ [ -39.3078021, -13.3263572 ], [ -39.3077624, -13.3263573 ], [ -39.3077624, -13.3263957 ], [ -39.3078021, -13.3263956 ], [ -39.3078021, -13.3263572 ] ] ] } },
{ "type": "Feature", "properties": { "id_copa": 1819, "talhao": "T11" }, "geometry": { "type": "Polygon", "coordinates": [ [ [ -39.3076872, -13.3272861 ], [ -39.3076267, -13.3272862 ], [ -39.3076268, -13.3273305 ], [ -39.3076872, -13.3273304 ], [ -39.3076872, -13.3272861 ] ] ] } },
{ "type": "Feature", "properties": { "id_copa": 1834, "talhao": "T11" }, "geometry": { "type": "Polygon", "coordinates": [ [ [ -39.3079974, -13.3271001 ], [ -39.3079601, -13.3271002 ], [ -39.3079601, -13.3271507 ], [ -39.3079975, -13.3271507 ], [ -39.3079974, -13.3271001 ] ] ] } },
{ "type": "Feature", "properties": { "id_copa": 1849, "talhao": "T11" }, "geometry": { "type": "Polygon", "coordinates": [ [ [ -39.3078532, -13.3272358 ], [ -39.3078069, -13.3272358 ], [ -39.307807, -13.3272909 ], [ -39.3078533, -13.3272908 ], [ -39.3078532, -13.3272358 ] ] ] } },
{ "type": "Feature", "properties": { "id_copa": 1853, "talhao": "T11" }, "geometry": { "type": "Polygon", "coordinates": [ [ [ -39.3079489, -13.3272629 ], [ -39.3078732, -13.327263 ], [ -39.3078733, -13.327334 ], [ -39.307949, -13.3273339 ], [ -39.3079489, -13.3272629 ] ] ] } },
{ "type": "Feature", "properties": { "id_copa": 1871, "talhao": "T11" }, "geometry": { "type": "Polygon", "coordinates": [ [ [ -39.3075412, -13.3271788 ], [ -39.3074627, -13.3271789 ], [ -39.3074628, -13.327274 ], [ -39.3075413, -13.3272739 ], [ -39.3075412, -13.3271788 ] ] ] } },
{ "type": "Feature", "properties": { "id_copa": 1874, "talhao": "T11" }, "geometry": { "type": "Polygon", "coordinates": [ [ [ -39.3080541, -13.3279111 ], [ -39.3080131, -13.3279111 ], [ -39.3080131, -13.3279562 ], [ -39.3080542, -13.3279562 ], [ -39.3080541, -13.3279111 ] ] ] } },
{ "type": "Feature", "properties": { "id_copa": 504, "talhao": "T12A" }, "geometry": { "type": "Polygon", "coordinates": [ [ [ -39.3074189, -13.3258708 ], [ -39.3073198, -13.3258709 ], [ -39.3073199, -13.3259381 ], [ -39.3074189, -13.325938 ], [ -39.3074189, -13.3258708 ] ] ] } },
{ "type": "Feature", "properties": { "id_copa": 1514, "talhao": "T12A" }, "geometry": { "type": "Polygon", "coordinates": [ [ [ -39.3075909, -13.3259839 ], [ -39.3075343, -13.325984 ], [ -39.3075343, -13.3260546 ], [ -39.307591, -13.3260545 ], [ -39.3075909, -13.3259839 ] ] ] } },
{ "type": "Feature", "properties": { "id_copa": 140, "talhao": "T13" }, "geometry": { "type": "Polygon", "coordinates": [ [ [ -39.307115, -13.3251017 ], [ -39.307063, -13.3251018 ], [ -39.3070631, -13.3251483 ], [ -39.307115, -13.3251482 ], [ -39.307115, -13.3251017 ] ] ] } },
{ "type": "Feature", "properties": { "id_copa": 277, "talhao": "T13" }, "geometry": { "type": "Polygon", "coordinates": [ [ [ -39.3072575, -13.3252231 ], [ -39.3071827, -13.3252232 ], [ -39.3071828, -13.3252873 ], [ -39.3072576, -13.3252873 ], [ -39.3072575, -13.3252231 ] ] ] } },
{ "type": "Feature", "properties": { "id_copa": 294, "talhao": "T13" }, "geometry": { "type": "Polygon", "coordinates": [ [ [ -39.3071867, -13.3251656 ], [ -39.3071139, -13.3251657 ], [ -39.307114, -13.3252227 ], [ -39.3071868, -13.3252226 ], [ -39.3071867, -13.3251656 ] ] ] } },
{ "type": "Feature", "properties": { "id_copa": 428, "talhao": "T13" }, "geometry": { "type": "Polygon", "coordinates": [ [ [ -39.3070938, -13.3251442 ], [ -39.3070168, -13.3251443 ], [ -39.307017, -13.3252681 ], [ -39.3070939, -13.325268 ], [ -39.3070938, -13.3251442 ] ] ] } },
{ "type": "Feature", "properties": { "id_copa": 475, "talhao": "T13" }, "geometry": { "type": "Polygon", "coordinates": [ [ [ -39.306672, -13.3264958 ], [ -39.306606, -13.3264958 ], [ -39.3066061, -13.3265678 ], [ -39.3066721, -13.3265677 ], [ -39.306672, -13.3264958 ] ] ] } },
{ "type": "Feature", "properties": { "id_copa": 540, "talhao": "T13" }, "geometry": { "type": "Polygon", "coordinates": [ [ [ -39.3069378, -13.3262787 ], [ -39.3068797, -13.3262787 ], [ -39.3068797, -13.3263234 ], [ -39.3069379, -13.3263233 ], [ -39.3069378, -13.3262787 ] ] ] } },
{ "type": "Feature", "properties": { "id_copa": 562, "talhao": "T13" }, "geometry": { "type": "Polygon", "coordinates": [ [ [ -39.3065432, -13.3260525 ], [ -39.306475, -13.3260525 ], [ -39.306475, -13.3261081 ], [ -39.3065433, -13.3261081 ], [ -39.3065432, -13.3260525 ] ] ] } },
{ "type": "Feature", "properties": { "id_copa": 668, "talhao": "T13" }, "geometry": { "type": "Polygon", "coordinates": [ [ [ -39.3068852, -13.3263887 ], [ -39.3068054, -13.3263888 ], [ -39.3068055, -13.3264751 ], [ -39.3068853, -13.326475 ], [ -39.3068852, -13.3263887 ] ] ] } },
{ "type": "Feature", "properties": { "id_copa": 785, "talhao": "T13" }, "geometry": { "type": "Polygon", "coordinates": [ [ [ -39.3064344, -13.3261308 ], [ -39.3063809, -13.3261308 ], [ -39.306381, -13.3261794 ], [ -39.3064345, -13.3261793 ], [ -39.3064344, -13.3261308 ] ] ] } },
{ "type": "Feature", "properties": { "id_copa": 910, "talhao": "T13" }, "geometry": { "type": "Polygon", "coordinates": [ [ [ -39.3064956, -13.3256513 ], [ -39.306458, -13.3256513 ], [ -39.306458, -13.3256846 ], [ -39.3064956, -13.3256846 ], [ -39.3064956, -13.3256513 ] ] ] } },
{ "type": "Feature", "properties": { "id_copa": 924, "talhao": "T13" }, "geometry": { "type": "Polygon", "coordinates": [ [ [ -39.3069873, -13.3261305 ], [ -39.3069421, -13.3261306 ], [ -39.3069422, -13.3261658 ], [ -39.3069873, -13.3261658 ], [ -39.3069873, -13.3261305 ] ] ] } },
{ "type": "Feature", "properties": { "id_copa": 942, "talhao": "T13" }, "geometry": { "type": "Polygon", "coordinates": [ [ [ -39.3063805, -13.3255363 ], [ -39.3063267, -13.3255364 ], [ -39.3063267, -13.3255779 ], [ -39.3063805, -13.3255778 ], [ -39.3063805, -13.3255363 ] ] ] } },
{ "type": "Feature", "properties": { "id_copa": 1032, "talhao": "T13" }, "geometry": { "type": "Polygon", "coordinates": [ [ [ -39.3067666, -13.326379 ], [ -39.3067046, -13.3263791 ], [ -39.3067046, -13.3264405 ], [ -39.3067667, -13.3264404 ], [ -39.3067666, -13.326379 ] ] ] } },
{ "type": "Feature", "properties": { "id_copa": 1144, "talhao": "T13" }, "geometry": { "type": "Polygon", "coordinates": [ [ [ -39.3067722, -13.3260985 ], [ -39.3067214, -13.3260986 ], [ -39.3067215, -13.3261418 ], [ -39.3067723, -13.3261417 ], [ -39.3067722, -13.3260985 ] ] ] } },
{ "type": "Feature", "properties": { "id_copa": 1178, "talhao": "T13" }, "geometry": { "type": "Polygon", "coordinates": [ [ [ -39.3069942, -13.32643 ], [ -39.3069337, -13.32643 ], [ -39.3069338, -13.3264902 ], [ -39.3069942, -13.3264901 ], [ -39.3069942, -13.32643 ] ] ] } },
{ "type": "Feature", "properties": { "id_copa": 1276, "talhao": "T13" }, "geometry": { "type": "Polygon", "coordinates": [ [ [ -39.307282, -13.3260394 ], [ -39.3072259, -13.3260394 ], [ -39.307226, -13.3261075 ], [ -39.3072821, -13.3261074 ], [ -39.307282, -13.3260394 ] ] ] } },
{ "type": "Feature", "properties": { "id_copa": 1368, "talhao": "T13" }, "geometry": { "type": "Polygon", "coordinates": [ [ [ -39.3067125, -13.3263594 ], [ -39.30665, -13.3263594 ], [ -39.3066501, -13.3264152 ], [ -39.3067126, -13.3264151 ], [ -39.3067125, -13.3263594 ] ] ] } },
{ "type": "Feature", "properties": { "id_copa": 1421, "talhao": "T13" }, "geometry": { "type": "Polygon", "coordinates": [ [ [ -39.3067978, -13.3265239 ], [ -39.3067244, -13.326524 ], [ -39.3067245, -13.3266012 ], [ -39.3067979, -13.3266011 ], [ -39.3067978, -13.3265239 ] ] ] } },
{ "type": "Feature", "properties": { "id_copa": 1616, "talhao": "T13" }, "geometry": { "type": "Polygon", "coordinates": [ [ [ -39.3067416, -13.326072 ], [ -39.3067033, -13.3260721 ], [ -39.3067033, -13.3261072 ], [ -39.3067416, -13.3261071 ], [ -39.3067416, -13.326072 ] ] ] } },
{ "type": "Feature", "properties": { "id_copa": 1654, "talhao": "T13" }, "geometry": { "type": "Polygon", "coordinates": [ [ [ -39.3067012, -13.3260727 ], [ -39.3066572, -13.3260727 ], [ -39.3066573, -13.3261351 ], [ -39.3067013, -13.3261351 ], [ -39.3067012, -13.3260727 ] ] ] } },
{ "type": "Feature", "properties": { "id_copa": 1717, "talhao": "T13" }, "geometry": { "type": "Polygon", "coordinates": [ [ [ -39.3062591, -13.3256982 ], [ -39.3062054, -13.3256982 ], [ -39.3062055, -13.3257524 ], [ -39.3062591, -13.3257523 ], [ -39.3062591, -13.3256982 ] ] ] } },
{ "type": "Feature", "properties": { "id_copa": 1752, "talhao": "T13" }, "geometry": { "type": "Polygon", "coordinates": [ [ [ -39.3071685, -13.3263169 ], [ -39.3070898, -13.3263169 ], [ -39.3070899, -13.326398 ], [ -39.3071686, -13.3263979 ], [ -39.3071685, -13.3263169 ] ] ] } },
{ "type": "Feature", "properties": { "id_copa": 1802, "talhao": "T13" }, "geometry": { "type": "Polygon", "coordinates": [ [ [ -39.3068159, -13.3263825 ], [ -39.3067649, -13.3263825 ], [ -39.306765, -13.3264457 ], [ -39.306816, -13.3264457 ], [ -39.3068159, -13.3263825 ] ] ] } },
{ "type": "Feature", "properties": { "id_copa": 484, "talhao": "T14B" }, "geometry": { "type": "Polygon", "coordinates": [ [ [ -39.3060874, -13.325092 ], [ -39.3060352, -13.325092 ], [ -39.3060353, -13.3251517 ], [ -39.3060874, -13.3251516 ], [ -39.3060874, -13.325092 ] ] ] } },
{ "type": "Feature", "properties": { "id_copa": 547, "talhao": "T14B" }, "geometry": { "type": "Polygon", "coordinates": [ [ [ -39.3065435, -13.3251411 ], [ -39.3065037, -13.3251412 ], [ -39.3065037, -13.3251835 ], [ -39.3065436, -13.3251835 ], [ -39.3065435, -13.3251411 ] ] ] } },
{ "type": "Feature", "properties": { "id_copa": 555, "talhao": "T14B" }, "geometry": { "type": "Polygon", "coordinates": [ [ [ -39.3061536, -13.3252106 ], [ -39.3060829, -13.3252107 ], [ -39.306083, -13.3252852 ], [ -39.3061537, -13.3252851 ], [ -39.3061536, -13.3252106 ] ] ] } },
{ "type": "Feature", "properties": { "id_copa": 612, "talhao": "T14B" }, "geometry": { "type": "Polygon", "coordinates": [ [ [ -39.3066207, -13.3250603 ], [ -39.3065529, -13.3250604 ], [ -39.3065529, -13.3251075 ], [ -39.3066207, -13.3251075 ], [ -39.3066207, -13.3250603 ] ] ] } },
{ "type": "Feature", "properties": { "id_copa": 1374, "talhao": "T14B" }, "geometry": { "type": "Polygon", "coordinates": [ [ [ -39.306538, -13.3250732 ], [ -39.3064997, -13.3250732 ], [ -39.3064998, -13.3251258 ], [ -39.3065381, -13.3251258 ], [ -39.306538, -13.3250732 ] ] ] } },
{ "type": "Feature", "properties": { "id_copa": 1430, "talhao": "T14B" }, "geometry": { "type": "Polygon", "coordinates": [ [ [ -39.3066981, -13.3251819 ], [ -39.3066181, -13.325182 ], [ -39.3066182, -13.325258 ], [ -39.3066982, -13.3252579 ], [ -39.3066981, -13.3251819 ] ] ] } },
{ "type": "Feature", "properties": { "id_copa": 1634, "talhao": "T14B" }, "geometry": { "type": "Polygon", "coordinates": [ [ [ -39.3068344, -13.325056 ], [ -39.3067895, -13.325056 ], [ -39.3067896, -13.3251008 ], [ -39.3068345, -13.3251008 ], [ -39.3068344, -13.325056 ] ] ] } },
{ "type": "Feature", "properties": { "id_copa": 1661, "talhao": "T14B" }, "geometry": { "type": "Polygon", "coordinates": [ [ [ -39.3061165, -13.3248164 ], [ -39.3060524, -13.3248165 ], [ -39.3060525, -13.3248952 ], [ -39.3061166, -13.3248951 ], [ -39.3061165, -13.3248164 ] ] ] } },
{ "type": "Feature", "properties": { "id_copa": 1804, "talhao": "T14B" }, "geometry": { "type": "Polygon", "coordinates": [ [ [ -39.3066161, -13.3251811 ], [ -39.3065331, -13.3251812 ], [ -39.3065332, -13.3252657 ], [ -39.3066162, -13.3252656 ], [ -39.3066161, -13.3251811 ] ] ] } },
{ "type": "Feature", "properties": { "id_copa": 1831, "talhao": "T14B" }, "geometry": { "type": "Polygon", "coordinates": [ [ [ -39.3063887, -13.3251947 ], [ -39.3063127, -13.3251948 ], [ -39.3063128, -13.3252656 ], [ -39.3063887, -13.3252655 ], [ -39.3063887, -13.3251947 ] ] ] } },
{ "type": "Feature", "properties": { "id_copa": 1839, "talhao": "T14B" }, "geometry": { "type": "Polygon", "coordinates": [ [ [ -39.3061666, -13.3248257 ], [ -39.3061105, -13.3248257 ], [ -39.3061105, -13.3248638 ], [ -39.3061666, -13.3248637 ], [ -39.3061666, -13.3248257 ] ] ] } },
{ "type": "Feature", "properties": { "id_copa": 21, "talhao": "T15" }, "geometry": { "type": "Polygon", "coordinates": [ [ [ -39.3082552, -13.3328924 ], [ -39.3081972, -13.3328924 ], [ -39.3081973, -13.3329601 ], [ -39.3082553, -13.33296 ], [ -39.3082552, -13.3328924 ] ] ] } },
{ "type": "Feature", "properties": { "id_copa": 23, "talhao": "T15" }, "geometry": { "type": "Polygon", "coordinates": [ [ [ -39.3082927, -13.3331205 ], [ -39.30823, -13.3331206 ], [ -39.30823, -13.3331821 ], [ -39.3082927, -13.333182 ], [ -39.3082927, -13.3331205 ] ] ] } },
{ "type": "Feature", "properties": { "id_copa": 36, "talhao": "T15" }, "geometry": { "type": "Polygon", "coordinates": [ [ [ -39.3084437, -13.332959 ], [ -39.3083731, -13.3329591 ], [ -39.3083732, -13.3330221 ], [ -39.3084438, -13.333022 ], [ -39.3084437, -13.332959 ] ] ] } },
{ "type": "Feature", "properties": { "id_copa": 39, "talhao": "T15" }, "geometry": { "type": "Polygon", "coordinates": [ [ [ -39.3076743, -13.3335411 ], [ -39.3076102, -13.3335412 ], [ -39.3076103, -13.333614 ], [ -39.3076744, -13.333614 ], [ -39.3076743, -13.3335411 ] ] ] } },
{ "type": "Feature", "properties": { "id_copa": 79, "talhao": "T15" }, "geometry": { "type": "Polygon", "coordinates": [ [ [ -39.3081505, -13.3327489 ], [ -39.3080838, -13.332749 ], [ -39.3080839, -13.3328258 ], [ -39.3081506, -13.3328257 ], [ -39.3081505, -13.3327489 ] ] ] } },
{ "type": "Feature", "properties": { "id_copa": 94, "talhao": "T15" }, "geometry": { "type": "Polygon", "coordinates": [ [ [ -39.3077365, -13.3334674 ], [ -39.3076691, -13.3334675 ], [ -39.3076692, -13.333529 ], [ -39.3077365, -13.333529 ], [ -39.3077365, -13.3334674 ] ] ] } },
{ "type": "Feature", "properties": { "id_copa": 100, "talhao": "T15" }, "geometry": { "type": "Polygon", "coordinates": [ [ [ -39.3075838, -13.3336897 ], [ -39.3075293, -13.3336897 ], [ -39.3075294, -13.3337553 ], [ -39.3075839, -13.3337552 ], [ -39.3075838, -13.3336897 ] ] ] } },
{ "type": "Feature", "properties": { "id_copa": 105, "talhao": "T15" }, "geometry": { "type": "Polygon", "coordinates": [ [ [ -39.3082276, -13.3327745 ], [ -39.3081508, -13.3327746 ], [ -39.3081509, -13.3328389 ], [ -39.3082277, -13.3328389 ], [ -39.3082276, -13.3327745 ] ] ] } },
{ "type": "Feature", "properties": { "id_copa": 137, "talhao": "T15" }, "geometry": { "type": "Polygon", "coordinates": [ [ [ -39.3085561, -13.3331203 ], [ -39.3085183, -13.3331203 ], [ -39.3085184, -13.333165 ], [ -39.3085562, -13.3331649 ], [ -39.3085561, -13.3331203 ] ] ] } },
{ "type": "Feature", "properties": { "id_copa": 139, "talhao": "T15" }, "geometry": { "type": "Polygon", "coordinates": [ [ [ -39.3080757, -13.332714 ], [ -39.3079876, -13.3327141 ], [ -39.3079877, -13.3327952 ], [ -39.3080758, -13.3327951 ], [ -39.3080757, -13.332714 ] ] ] } },
{ "type": "Feature", "properties": { "id_copa": 168, "talhao": "T15" }, "geometry": { "type": "Polygon", "coordinates": [ [ [ -39.3078832, -13.3330356 ], [ -39.3078038, -13.3330357 ], [ -39.3078039, -13.3331145 ], [ -39.3078833, -13.3331144 ], [ -39.3078832, -13.3330356 ] ] ] } },
{ "type": "Feature", "properties": { "id_copa": 190, "talhao": "T15" }, "geometry": { "type": "Polygon", "coordinates": [ [ [ -39.307987, -13.3326932 ], [ -39.3079025, -13.3326933 ], [ -39.3079027, -13.3328013 ], [ -39.3079872, -13.3328012 ], [ -39.307987, -13.3326932 ] ] ] } },
{ "type": "Feature", "properties": { "id_copa": 191, "talhao": "T15" }, "geometry": { "type": "Polygon", "coordinates": [ [ [ -39.3081724, -13.3332687 ], [ -39.3081217, -13.3332688 ], [ -39.3081218, -13.3333125 ], [ -39.3081725, -13.3333124 ], [ -39.3081724, -13.3332687 ] ] ] } },
{ "type": "Feature", "properties": { "id_copa": 194, "talhao": "T15" }, "geometry": { "type": "Polygon", "coordinates": [ [ [ -39.3083131, -13.332807 ], [ -39.3082568, -13.3328071 ], [ -39.3082569, -13.3328678 ], [ -39.3083132, -13.3328678 ], [ -39.3083131, -13.332807 ] ] ] } },
{ "type": "Feature", "properties": { "id_copa": 210, "talhao": "T15" }, "geometry": { "type": "Polygon", "coordinates": [ [ [ -39.3080127, -13.3330677 ], [ -39.3078969, -13.3330678 ], [ -39.307897, -13.3331758 ], [ -39.3080128, -13.3331757 ], [ -39.3080127, -13.3330677 ] ] ] } },
{ "type": "Feature", "properties": { "id_copa": 244, "talhao": "T15" }, "geometry": { "type": "Polygon", "coordinates": [ [ [ -39.3082702, -13.3331966 ], [ -39.308222, -13.3331967 ], [ -39.3082221, -13.3332561 ], [ -39.3082703, -13.333256 ], [ -39.3082702, -13.3331966 ] ] ] } },
{ "type": "Feature", "properties": { "id_copa": 245, "talhao": "T15" }, "geometry": { "type": "Polygon", "coordinates": [ [ [ -39.3084326, -13.3331979 ], [ -39.3084024, -13.333198 ], [ -39.3084024, -13.3332272 ], [ -39.3084327, -13.3332272 ], [ -39.3084326, -13.3331979 ] ] ] } },
{ "type": "Feature", "properties": { "id_copa": 261, "talhao": "T15" }, "geometry": { "type": "Polygon", "coordinates": [ [ [ -39.3083664, -13.332914 ], [ -39.3082926, -13.3329141 ], [ -39.3082927, -13.3329919 ], [ -39.3083665, -13.3329918 ], [ -39.3083664, -13.332914 ] ] ] } },
{ "type": "Feature", "properties": { "id_copa": 354, "talhao": "T15" }, "geometry": { "type": "Polygon", "coordinates": [ [ [ -39.308102, -13.3328884 ], [ -39.307996, -13.3328886 ], [ -39.3079961, -13.3329899 ], [ -39.3081021, -13.3329898 ], [ -39.308102, -13.3328884 ] ] ] } },
{ "type": "Feature", "properties": { "id_copa": 364, "talhao": "T15" }, "geometry": { "type": "Polygon", "coordinates": [ [ [ -39.3085055, -13.3329854 ], [ -39.3084514, -13.3329855 ], [ -39.3084515, -13.3330492 ], [ -39.3085055, -13.3330491 ], [ -39.3085055, -13.3329854 ] ] ] } },
{ "type": "Feature", "properties": { "id_copa": 366, "talhao": "T15" }, "geometry": { "type": "Polygon", "coordinates": [ [ [ -39.308094, -13.333209 ], [ -39.3080092, -13.3332091 ], [ -39.3080093, -13.3332936 ], [ -39.3080941, -13.3332935 ], [ -39.308094, -13.333209 ] ] ] } },
{ "type": "Feature", "properties": { "id_copa": 368, "talhao": "T15" }, "geometry": { "type": "Polygon", "coordinates": [ [ [ -39.3081062, -13.3331321 ], [ -39.308049, -13.3331322 ], [ -39.3080491, -13.3332029 ], [ -39.3081063, -13.3332028 ], [ -39.3081062, -13.3331321 ] ] ] } },
{ "type": "Feature", "properties": { "id_copa": 372, "talhao": "T15" }, "geometry": { "type": "Polygon", "coordinates": [ [ [ -39.3083782, -13.333143 ], [ -39.30831, -13.3331431 ], [ -39.3083101, -13.3332178 ], [ -39.3083783, -13.3332177 ], [ -39.3083782, -13.333143 ] ] ] } },
{ "type": "Feature", "properties": { "id_copa": 399, "talhao": "T15" }, "geometry": { "type": "Polygon", "coordinates": [ [ [ -39.3081685, -13.3328306 ], [ -39.3080884, -13.3328307 ], [ -39.3080885, -13.3329004 ], [ -39.3081686, -13.3329003 ], [ -39.3081685, -13.3328306 ] ] ] } },
{ "type": "Feature", "properties": { "id_copa": 414, "talhao": "T15" }, "geometry": { "type": "Polygon", "coordinates": [ [ [ -39.3085432, -13.3330297 ], [ -39.3085035, -13.3330298 ], [ -39.3085035, -13.3330645 ], [ -39.3085433, -13.3330645 ], [ -39.3085432, -13.3330297 ] ] ] } },
{ "type": "Feature", "properties": { "id_copa": 493, "talhao": "T15" }, "geometry": { "type": "Polygon", "coordinates": [ [ [ -39.3078185, -13.3331676 ], [ -39.3077046, -13.3331677 ], [ -39.3077047, -13.3332691 ], [ -39.3078186, -13.333269 ], [ -39.3078185, -13.3331676 ] ] ] } },
{ "type": "Feature", "properties": { "id_copa": 533, "talhao": "T15" }, "geometry": { "type": "Polygon", "coordinates": [ [ [ -39.3081693, -13.3331539 ], [ -39.3081042, -13.3331539 ], [ -39.3081043, -13.3332244 ], [ -39.3081694, -13.3332243 ], [ -39.3081693, -13.3331539 ] ] ] } },
{ "type": "Feature", "properties": { "id_copa": 559, "talhao": "T15" }, "geometry": { "type": "Polygon", "coordinates": [ [ [ -39.3076373, -13.3338635 ], [ -39.3075102, -13.3338636 ], [ -39.3075104, -13.3339946 ], [ -39.3076375, -13.3339945 ], [ -39.3076373, -13.3338635 ] ] ] } },
{ "type": "Feature", "properties": { "id_copa": 592, "talhao": "T15" }, "geometry": { "type": "Polygon", "coordinates": [ [ [ -39.3083078, -13.3330255 ], [ -39.3082506, -13.3330256 ], [ -39.3082507, -13.3330911 ], [ -39.3083079, -13.333091 ], [ -39.3083078, -13.3330255 ] ] ] } },
{ "type": "Feature", "properties": { "id_copa": 670, "talhao": "T15" }, "geometry": { "type": "Polygon", "coordinates": [ [ [ -39.3078894, -13.3333319 ], [ -39.3078173, -13.333332 ], [ -39.3078174, -13.3334195 ], [ -39.3078895, -13.3334195 ], [ -39.3078894, -13.3333319 ] ] ] } },
{ "type": "Feature", "properties": { "id_copa": 681, "talhao": "T15" }, "geometry": { "type": "Polygon", "coordinates": [ [ [ -39.3082295, -13.3329546 ], [ -39.3081228, -13.3329547 ], [ -39.308123, -13.333056 ], [ -39.3082296, -13.3330558 ], [ -39.3082295, -13.3329546 ] ] ] } },
{ "type": "Feature", "properties": { "id_copa": 691, "talhao": "T15" }, "geometry": { "type": "Polygon", "coordinates": [ [ [ -39.307514, -13.3336499 ], [ -39.307395, -13.3336501 ], [ -39.3073951, -13.3337394 ], [ -39.3075141, -13.3337393 ], [ -39.307514, -13.3336499 ] ] ] } },
{ "type": "Feature", "properties": { "id_copa": 716, "talhao": "T15" }, "geometry": { "type": "Polygon", "coordinates": [ [ [ -39.307966, -13.3333352 ], [ -39.3079015, -13.3333353 ], [ -39.3079016, -13.3334476 ], [ -39.3079661, -13.3334476 ], [ -39.307966, -13.3333352 ] ] ] } },
{ "type": "Feature", "properties": { "id_copa": 805, "talhao": "T15" }, "geometry": { "type": "Polygon", "coordinates": [ [ [ -39.3084238, -13.3330704 ], [ -39.308355, -13.3330705 ], [ -39.3083551, -13.3331289 ], [ -39.3084238, -13.3331288 ], [ -39.3084238, -13.3330704 ] ] ] } },
{ "type": "Feature", "properties": { "id_copa": 807, "talhao": "T15" }, "geometry": { "type": "Polygon", "coordinates": [ [ [ -39.3076573, -13.3334159 ], [ -39.3075613, -13.333416 ], [ -39.3075614, -13.3335092 ], [ -39.3076575, -13.3335091 ], [ -39.3076573, -13.3334159 ] ] ] } },
{ "type": "Feature", "properties": { "id_copa": 825, "talhao": "T15" }, "geometry": { "type": "Polygon", "coordinates": [ [ [ -39.3076444, -13.3333002 ], [ -39.3075433, -13.3333003 ], [ -39.3075434, -13.3334098 ], [ -39.3076446, -13.3334097 ], [ -39.3076444, -13.3333002 ] ] ] } },
{ "type": "Feature", "properties": { "id_copa": 902, "talhao": "T15" }, "geometry": { "type": "Polygon", "coordinates": [ [ [ -39.3078589, -13.3334244 ], [ -39.3077981, -13.3334244 ], [ -39.3077982, -13.3335019 ], [ -39.307859, -13.3335018 ], [ -39.3078589, -13.3334244 ] ] ] } },
{ "type": "Feature", "properties": { "id_copa": 903, "talhao": "T15" }, "geometry": { "type": "Polygon", "coordinates": [ [ [ -39.3078119, -13.3334158 ], [ -39.3077509, -13.3334159 ], [ -39.3077509, -13.3334833 ], [ -39.307812, -13.3334832 ], [ -39.3078119, -13.3334158 ] ] ] } },
{ "type": "Feature", "properties": { "id_copa": 927, "talhao": "T15" }, "geometry": { "type": "Polygon", "coordinates": [ [ [ -39.3075668, -13.3333969 ], [ -39.307499, -13.333397 ], [ -39.3074991, -13.3334757 ], [ -39.3075669, -13.3334756 ], [ -39.3075668, -13.3333969 ] ] ] } },
{ "type": "Feature", "properties": { "id_copa": 937, "talhao": "T15" }, "geometry": { "type": "Polygon", "coordinates": [ [ [ -39.3081596, -13.3330378 ], [ -39.3080771, -13.3330379 ], [ -39.3080772, -13.333135 ], [ -39.3081597, -13.3331349 ], [ -39.3081596, -13.3330378 ] ] ] } },
{ "type": "Feature", "properties": { "id_copa": 967, "talhao": "T15" }, "geometry": { "type": "Polygon", "coordinates": [ [ [ -39.3079629, -13.3328612 ], [ -39.3078726, -13.3328613 ], [ -39.3078727, -13.3329693 ], [ -39.3079631, -13.3329691 ], [ -39.3079629, -13.3328612 ] ] ] } },
{ "type": "Feature", "properties": { "id_copa": 1021, "talhao": "T15" }, "geometry": { "type": "Polygon", "coordinates": [ [ [ -39.3074968, -13.3333614 ], [ -39.3074448, -13.3333614 ], [ -39.3074448, -13.3334323 ], [ -39.3074969, -13.3334323 ], [ -39.3074968, -13.3333614 ] ] ] } },
{ "type": "Feature", "properties": { "id_copa": 1033, "talhao": "T15" }, "geometry": { "type": "Polygon", "coordinates": [ [ [ -39.3077268, -13.333636 ], [ -39.3076423, -13.3336361 ], [ -39.3076424, -13.3337265 ], [ -39.3077269, -13.3337264 ], [ -39.3077268, -13.333636 ] ] ] } },
{ "type": "Feature", "properties": { "id_copa": 1050, "talhao": "T15" }, "geometry": { "type": "Polygon", "coordinates": [ [ [ -39.3077014, -13.3333554 ], [ -39.3076286, -13.3333555 ], [ -39.3076287, -13.3334276 ], [ -39.3077015, -13.3334275 ], [ -39.3077014, -13.3333554 ] ] ] } },
{ "type": "Feature", "properties": { "id_copa": 1127, "talhao": "T15" }, "geometry": { "type": "Polygon", "coordinates": [ [ [ -39.3075297, -13.3332871 ], [ -39.3074811, -13.3332871 ], [ -39.3074812, -13.3333413 ], [ -39.3075298, -13.3333412 ], [ -39.3075297, -13.3332871 ] ] ] } },
{ "type": "Feature", "properties": { "id_copa": 1158, "talhao": "T15" }, "geometry": { "type": "Polygon", "coordinates": [ [ [ -39.3080538, -13.3326236 ], [ -39.3079786, -13.3326237 ], [ -39.3079787, -13.3327073 ], [ -39.3080539, -13.3327073 ], [ -39.3080538, -13.3326236 ] ] ] } },
{ "type": "Feature", "properties": { "id_copa": 1190, "talhao": "T15" }, "geometry": { "type": "Polygon", "coordinates": [ [ [ -39.3074947, -13.333435 ], [ -39.3073529, -13.3334351 ], [ -39.307353, -13.3335538 ], [ -39.3074949, -13.3335537 ], [ -39.3074947, -13.333435 ] ] ] } },
{ "type": "Feature", "properties": { "id_copa": 1207, "talhao": "T15" }, "geometry": { "type": "Polygon", "coordinates": [ [ [ -39.3080684, -13.3331068 ], [ -39.3080095, -13.3331068 ], [ -39.3080096, -13.3331839 ], [ -39.3080685, -13.3331838 ], [ -39.3080684, -13.3331068 ] ] ] } },
{ "type": "Feature", "properties": { "id_copa": 1209, "talhao": "T15" }, "geometry": { "type": "Polygon", "coordinates": [ [ [ -39.3075797, -13.3335885 ], [ -39.3075156, -13.3335886 ], [ -39.3075158, -13.3336771 ], [ -39.3075798, -13.333677 ], [ -39.3075797, -13.3335885 ] ] ] } },
{ "type": "Feature", "properties": { "id_copa": 1294, "talhao": "T15" }, "geometry": { "type": "Polygon", "coordinates": [ [ [ -39.3078831, -13.3328791 ], [ -39.3077545, -13.3328793 ], [ -39.3077547, -13.3330113 ], [ -39.3078833, -13.3330111 ], [ -39.3078831, -13.3328791 ] ] ] } },
{ "type": "Feature", "properties": { "id_copa": 1435, "talhao": "T15" }, "geometry": { "type": "Polygon", "coordinates": [ [ [ -39.3074973, -13.3335619 ], [ -39.3074296, -13.333562 ], [ -39.3074297, -13.333612 ], [ -39.3074974, -13.333612 ], [ -39.3074973, -13.3335619 ] ] ] } },
{ "type": "Feature", "properties": { "id_copa": 1480, "talhao": "T15" }, "geometry": { "type": "Polygon", "coordinates": [ [ [ -39.3077991, -13.3329448 ], [ -39.3076593, -13.3329449 ], [ -39.3076595, -13.3330553 ], [ -39.3077993, -13.3330551 ], [ -39.3077991, -13.3329448 ] ] ] } },
{ "type": "Feature", "properties": { "id_copa": 1526, "talhao": "T15" }, "geometry": { "type": "Polygon", "coordinates": [ [ [ -39.3078375, -13.333306 ], [ -39.3077606, -13.3333061 ], [ -39.3077607, -13.3333899 ], [ -39.3078376, -13.3333898 ], [ -39.3078375, -13.333306 ] ] ] } },
{ "type": "Feature", "properties": { "id_copa": 1566, "talhao": "T15" }, "geometry": { "type": "Polygon", "coordinates": [ [ [ -39.3081527, -13.3326568 ], [ -39.3080537, -13.3326569 ], [ -39.3080537, -13.3327224 ], [ -39.3081528, -13.3327223 ], [ -39.3081527, -13.3326568 ] ] ] } },
{ "type": "Feature", "properties": { "id_copa": 1608, "talhao": "T15" }, "geometry": { "type": "Polygon", "coordinates": [ [ [ -39.3084672, -13.333186 ], [ -39.3084371, -13.333186 ], [ -39.3084372, -13.3332262 ], [ -39.3084673, -13.3332262 ], [ -39.3084672, -13.333186 ] ] ] } },
{ "type": "Feature", "properties": { "id_copa": 1687, "talhao": "T15" }, "geometry": { "type": "Polygon", "coordinates": [ [ [ -39.3077864, -13.3333628 ], [ -39.3077395, -13.3333629 ], [ -39.3077396, -13.3334223 ], [ -39.3077865, -13.3334222 ], [ -39.3077864, -13.3333628 ] ] ] } },
{ "type": "Feature", "properties": { "id_copa": 1875, "talhao": "T15" }, "geometry": { "type": "Polygon", "coordinates": [ [ [ -39.3076883, -13.3331463 ], [ -39.3076428, -13.3331463 ], [ -39.3076429, -13.3332017 ], [ -39.3076884, -13.3332016 ], [ -39.3076883, -13.3331463 ] ] ] } },
{ "type": "Feature", "properties": { "id_copa": 67, "talhao": "T16" }, "geometry": { "type": "Polygon", "coordinates": [ [ [ -39.3071306, -13.3327012 ], [ -39.3070331, -13.3327013 ], [ -39.3070332, -13.3327915 ], [ -39.3071307, -13.3327914 ], [ -39.3071306, -13.3327012 ] ] ] } },
{ "type": "Feature", "properties": { "id_copa": 80, "talhao": "T16" }, "geometry": { "type": "Polygon", "coordinates": [ [ [ -39.3073873, -13.3327902 ], [ -39.3073046, -13.3327903 ], [ -39.3073047, -13.3328727 ], [ -39.3073874, -13.3328726 ], [ -39.3073873, -13.3327902 ] ] ] } },
{ "type": "Feature", "properties": { "id_copa": 104, "talhao": "T16" }, "geometry": { "type": "Polygon", "coordinates": [ [ [ -39.3071282, -13.3330021 ], [ -39.3070657, -13.3330022 ], [ -39.3070658, -13.3330661 ], [ -39.3071283, -13.333066 ], [ -39.3071282, -13.3330021 ] ] ] } },
{ "type": "Feature", "properties": { "id_copa": 123, "talhao": "T16" }, "geometry": { "type": "Polygon", "coordinates": [ [ [ -39.3060965, -13.3325181 ], [ -39.3060013, -13.3325182 ], [ -39.3060014, -13.3326241 ], [ -39.3060967, -13.332624 ], [ -39.3060965, -13.3325181 ] ] ] } },
{ "type": "Feature", "properties": { "id_copa": 131, "talhao": "T16" }, "geometry": { "type": "Polygon", "coordinates": [ [ [ -39.3074189, -13.3331558 ], [ -39.3073578, -13.3331558 ], [ -39.3073579, -13.3332219 ], [ -39.307419, -13.3332218 ], [ -39.3074189, -13.3331558 ] ] ] } },
{ "type": "Feature", "properties": { "id_copa": 134, "talhao": "T16" }, "geometry": { "type": "Polygon", "coordinates": [ [ [ -39.3072946, -13.333017 ], [ -39.3071917, -13.3330171 ], [ -39.3071918, -13.3331151 ], [ -39.3072947, -13.333115 ], [ -39.3072946, -13.333017 ] ] ] } },
{ "type": "Feature", "properties": { "id_copa": 135, "talhao": "T16" }, "geometry": { "type": "Polygon", "coordinates": [ [ [ -39.3063102, -13.3328648 ], [ -39.3062181, -13.3328649 ], [ -39.3062182, -13.3329433 ], [ -39.3063103, -13.3329431 ], [ -39.3063102, -13.3328648 ] ] ] } },
{ "type": "Feature", "properties": { "id_copa": 144, "talhao": "T16" }, "geometry": { "type": "Polygon", "coordinates": [ [ [ -39.3061993, -13.3325389 ], [ -39.306129, -13.332539 ], [ -39.3061291, -13.3326142 ], [ -39.3061994, -13.3326141 ], [ -39.3061993, -13.3325389 ] ] ] } },
{ "type": "Feature", "properties": { "id_copa": 148, "talhao": "T16" }, "geometry": { "type": "Polygon", "coordinates": [ [ [ -39.3061669, -13.3327557 ], [ -39.3060628, -13.3327558 ], [ -39.3060629, -13.3328372 ], [ -39.3061671, -13.3328371 ], [ -39.3061669, -13.3327557 ] ] ] } },
{ "type": "Feature", "properties": { "id_copa": 150, "talhao": "T16" }, "geometry": { "type": "Polygon", "coordinates": [ [ [ -39.3071121, -13.3331823 ], [ -39.3070174, -13.3331824 ], [ -39.3070175, -13.333294 ], [ -39.3071122, -13.3332939 ], [ -39.3071121, -13.3331823 ] ] ] } },
{ "type": "Feature", "properties": { "id_copa": 163, "talhao": "T16" }, "geometry": { "type": "Polygon", "coordinates": [ [ [ -39.3075137, -13.3330567 ], [ -39.3074107, -13.3330568 ], [ -39.3074108, -13.3331381 ], [ -39.3075138, -13.333138 ], [ -39.3075137, -13.3330567 ] ] ] } },
{ "type": "Feature", "properties": { "id_copa": 192, "talhao": "T16" }, "geometry": { "type": "Polygon", "coordinates": [ [ [ -39.3059539, -13.332831 ], [ -39.3058914, -13.332831 ], [ -39.3058915, -13.332902 ], [ -39.305954, -13.3329019 ], [ -39.3059539, -13.332831 ] ] ] } },
{ "type": "Feature", "properties": { "id_copa": 207, "talhao": "T16" }, "geometry": { "type": "Polygon", "coordinates": [ [ [ -39.306252, -13.3327855 ], [ -39.3061697, -13.3327856 ], [ -39.3061698, -13.3328585 ], [ -39.306252, -13.3328584 ], [ -39.306252, -13.3327855 ] ] ] } },
{ "type": "Feature", "properties": { "id_copa": 257, "talhao": "T16" }, "geometry": { "type": "Polygon", "coordinates": [ [ [ -39.3061448, -13.3324286 ], [ -39.3060369, -13.3324287 ], [ -39.306037, -13.3325367 ], [ -39.306145, -13.3325366 ], [ -39.3061448, -13.3324286 ] ] ] } },
{ "type": "Feature", "properties": { "id_copa": 304, "talhao": "T16" }, "geometry": { "type": "Polygon", "coordinates": [ [ [ -39.3070949, -13.3324156 ], [ -39.3070471, -13.3324156 ], [ -39.3070471, -13.3324628 ], [ -39.3070949, -13.3324627 ], [ -39.3070949, -13.3324156 ] ] ] } },
{ "type": "Feature", "properties": { "id_copa": 310, "talhao": "T16" }, "geometry": { "type": "Polygon", "coordinates": [ [ [ -39.3066554, -13.3328922 ], [ -39.3065413, -13.3328923 ], [ -39.3065414, -13.33299 ], [ -39.3066556, -13.3329899 ], [ -39.3066554, -13.3328922 ] ] ] } },
{ "type": "Feature", "properties": { "id_copa": 313, "talhao": "T16" }, "geometry": { "type": "Polygon", "coordinates": [ [ [ -39.3064238, -13.3328362 ], [ -39.3063377, -13.3328363 ], [ -39.3063378, -13.3329104 ], [ -39.3064239, -13.3329103 ], [ -39.3064238, -13.3328362 ] ] ] } },
{ "type": "Feature", "properties": { "id_copa": 315, "talhao": "T16" }, "geometry": { "type": "Polygon", "coordinates": [ [ [ -39.306792, -13.3329175 ], [ -39.3066921, -13.3329176 ], [ -39.3066922, -13.3330187 ], [ -39.3067921, -13.3330186 ], [ -39.306792, -13.3329175 ] ] ] } },
{ "type": "Feature", "properties": { "id_copa": 323, "talhao": "T16" }, "geometry": { "type": "Polygon", "coordinates": [ [ [ -39.3071468, -13.3325059 ], [ -39.3070782, -13.332506 ], [ -39.3070783, -13.3325635 ], [ -39.3071469, -13.3325634 ], [ -39.3071468, -13.3325059 ] ] ] } },
{ "type": "Feature", "properties": { "id_copa": 329, "talhao": "T16" }, "geometry": { "type": "Polygon", "coordinates": [ [ [ -39.3073903, -13.3329411 ], [ -39.3073025, -13.3329412 ], [ -39.3073026, -13.3330133 ], [ -39.3073904, -13.3330132 ], [ -39.3073903, -13.3329411 ] ] ] } },
{ "type": "Feature", "properties": { "id_copa": 335, "talhao": "T16" }, "geometry": { "type": "Polygon", "coordinates": [ [ [ -39.3073425, -13.3328648 ], [ -39.3072601, -13.3328649 ], [ -39.3072602, -13.3329507 ], [ -39.3073426, -13.3329506 ], [ -39.3073425, -13.3328648 ] ] ] } },
{ "type": "Feature", "properties": { "id_copa": 371, "talhao": "T16" }, "geometry": { "type": "Polygon", "coordinates": [ [ [ -39.3073892, -13.3332477 ], [ -39.3072782, -13.3332478 ], [ -39.3072783, -13.3333421 ], [ -39.3073893, -13.333342 ], [ -39.3073892, -13.3332477 ] ] ] } },
{ "type": "Feature", "properties": { "id_copa": 374, "talhao": "T16" }, "geometry": { "type": "Polygon", "coordinates": [ [ [ -39.3063012, -13.3327288 ], [ -39.306218, -13.3327289 ], [ -39.3062181, -13.3328135 ], [ -39.3063013, -13.3328134 ], [ -39.3063012, -13.3327288 ] ] ] } },
{ "type": "Feature", "properties": { "id_copa": 377, "talhao": "T16" }, "geometry": { "type": "Polygon", "coordinates": [ [ [ -39.30721, -13.3324552 ], [ -39.3071492, -13.3324552 ], [ -39.3071493, -13.3325074 ], [ -39.3072101, -13.3325073 ], [ -39.30721, -13.3324552 ] ] ] } },
{ "type": "Feature", "properties": { "id_copa": 392, "talhao": "T16" }, "geometry": { "type": "Polygon", "coordinates": [ [ [ -39.3073978, -13.3330126 ], [ -39.3073076, -13.3330127 ], [ -39.3073077, -13.3331023 ], [ -39.3073979, -13.3331022 ], [ -39.3073978, -13.3330126 ] ] ] } },
{ "type": "Feature", "properties": { "id_copa": 418, "talhao": "T16" }, "geometry": { "type": "Polygon", "coordinates": [ [ [ -39.3070335, -13.3329522 ], [ -39.3069609, -13.3329523 ], [ -39.306961, -13.3330239 ], [ -39.3070336, -13.3330238 ], [ -39.3070335, -13.3329522 ] ] ] } },
{ "type": "Feature", "properties": { "id_copa": 432, "talhao": "T16" }, "geometry": { "type": "Polygon", "coordinates": [ [ [ -39.3064105, -13.3325088 ], [ -39.3063349, -13.3325088 ], [ -39.306335, -13.3326011 ], [ -39.3064107, -13.332601 ], [ -39.3064105, -13.3325088 ] ] ] } },
{ "type": "Feature", "properties": { "id_copa": 437, "talhao": "T16" }, "geometry": { "type": "Polygon", "coordinates": [ [ [ -39.3073948, -13.3324176 ], [ -39.307342, -13.3324177 ], [ -39.3073421, -13.3324805 ], [ -39.3073948, -13.3324805 ], [ -39.3073948, -13.3324176 ] ] ] } },
{ "type": "Feature", "properties": { "id_copa": 445, "talhao": "T16" }, "geometry": { "type": "Polygon", "coordinates": [ [ [ -39.3071303, -13.3329345 ], [ -39.3070379, -13.3329346 ], [ -39.307038, -13.3329977 ], [ -39.3071304, -13.3329976 ], [ -39.3071303, -13.3329345 ] ] ] } },
{ "type": "Feature", "properties": { "id_copa": 446, "talhao": "T16" }, "geometry": { "type": "Polygon", "coordinates": [ [ [ -39.3062514, -13.3324279 ], [ -39.3061357, -13.3324281 ], [ -39.3061358, -13.332542 ], [ -39.3062516, -13.3325418 ], [ -39.3062514, -13.3324279 ] ] ] } },
{ "type": "Feature", "properties": { "id_copa": 447, "talhao": "T16" }, "geometry": { "type": "Polygon", "coordinates": [ [ [ -39.3070269, -13.3323173 ], [ -39.3069336, -13.3323174 ], [ -39.3069337, -13.332392 ], [ -39.307027, -13.3323919 ], [ -39.3070269, -13.3323173 ] ] ] } },
{ "type": "Feature", "properties": { "id_copa": 448, "talhao": "T16" }, "geometry": { "type": "Polygon", "coordinates": [ [ [ -39.3066997, -13.3329645 ], [ -39.3065925, -13.3329646 ], [ -39.3065927, -13.3330752 ], [ -39.3066998, -13.333075 ], [ -39.3066997, -13.3329645 ] ] ] } },
{ "type": "Feature", "properties": { "id_copa": 450, "talhao": "T16" }, "geometry": { "type": "Polygon", "coordinates": [ [ [ -39.3068518, -13.3330553 ], [ -39.3068034, -13.3330553 ], [ -39.3068034, -13.333108 ], [ -39.3068518, -13.3331079 ], [ -39.3068518, -13.3330553 ] ] ] } },
{ "type": "Feature", "properties": { "id_copa": 458, "talhao": "T16" }, "geometry": { "type": "Polygon", "coordinates": [ [ [ -39.3069442, -13.3327825 ], [ -39.3068556, -13.3327826 ], [ -39.3068557, -13.3328607 ], [ -39.3069443, -13.3328606 ], [ -39.3069442, -13.3327825 ] ] ] } },
{ "type": "Feature", "properties": { "id_copa": 462, "talhao": "T16" }, "geometry": { "type": "Polygon", "coordinates": [ [ [ -39.3077209, -13.3326739 ], [ -39.3076527, -13.332674 ], [ -39.3076528, -13.3327461 ], [ -39.307721, -13.332746 ], [ -39.3077209, -13.3326739 ] ] ] } },
{ "type": "Feature", "properties": { "id_copa": 474, "talhao": "T16" }, "geometry": { "type": "Polygon", "coordinates": [ [ [ -39.3072689, -13.3331449 ], [ -39.3071845, -13.333145 ], [ -39.3071847, -13.3332454 ], [ -39.307269, -13.3332452 ], [ -39.3072689, -13.3331449 ] ] ] } },
{ "type": "Feature", "properties": { "id_copa": 477, "talhao": "T16" }, "geometry": { "type": "Polygon", "coordinates": [ [ [ -39.3070748, -13.3331076 ], [ -39.3070115, -13.3331076 ], [ -39.3070115, -13.3331685 ], [ -39.3070749, -13.3331684 ], [ -39.3070748, -13.3331076 ] ] ] } },
{ "type": "Feature", "properties": { "id_copa": 512, "talhao": "T16" }, "geometry": { "type": "Polygon", "coordinates": [ [ [ -39.3077635, -13.3327327 ], [ -39.3076673, -13.3327328 ], [ -39.3076674, -13.3328291 ], [ -39.3077636, -13.332829 ], [ -39.3077635, -13.3327327 ] ] ] } },
{ "type": "Feature", "properties": { "id_copa": 531, "talhao": "T16" }, "geometry": { "type": "Polygon", "coordinates": [ [ [ -39.3077202, -13.3325643 ], [ -39.3076537, -13.3325644 ], [ -39.3076538, -13.3326317 ], [ -39.3077203, -13.3326317 ], [ -39.3077202, -13.3325643 ] ] ] } },
{ "type": "Feature", "properties": { "id_copa": 557, "talhao": "T16" }, "geometry": { "type": "Polygon", "coordinates": [ [ [ -39.3070216, -13.3331903 ], [ -39.3069229, -13.3331905 ], [ -39.306923, -13.3332862 ], [ -39.3070217, -13.3332861 ], [ -39.3070216, -13.3331903 ] ] ] } },
{ "type": "Feature", "properties": { "id_copa": 564, "talhao": "T16" }, "geometry": { "type": "Polygon", "coordinates": [ [ [ -39.3073844, -13.332471 ], [ -39.3073233, -13.332471 ], [ -39.3073234, -13.3325316 ], [ -39.3073844, -13.3325315 ], [ -39.3073844, -13.332471 ] ] ] } },
{ "type": "Feature", "properties": { "id_copa": 568, "talhao": "T16" }, "geometry": { "type": "Polygon", "coordinates": [ [ [ -39.3070329, -13.3328747 ], [ -39.3069434, -13.3328748 ], [ -39.3069435, -13.3329613 ], [ -39.3070331, -13.3329612 ], [ -39.3070329, -13.3328747 ] ] ] } },
{ "type": "Feature", "properties": { "id_copa": 590, "talhao": "T16" }, "geometry": { "type": "Polygon", "coordinates": [ [ [ -39.306187, -13.3326479 ], [ -39.3060565, -13.3326481 ], [ -39.3060567, -13.3327547 ], [ -39.3061871, -13.3327545 ], [ -39.306187, -13.3326479 ] ] ] } },
{ "type": "Feature", "properties": { "id_copa": 591, "talhao": "T16" }, "geometry": { "type": "Polygon", "coordinates": [ [ [ -39.3074857, -13.3328752 ], [ -39.3074136, -13.3328753 ], [ -39.3074137, -13.3329434 ], [ -39.3074857, -13.3329433 ], [ -39.3074857, -13.3328752 ] ] ] } },
{ "type": "Feature", "properties": { "id_copa": 594, "talhao": "T16" }, "geometry": { "type": "Polygon", "coordinates": [ [ [ -39.3069946, -13.3330845 ], [ -39.3069357, -13.3330846 ], [ -39.3069358, -13.3331348 ], [ -39.3069946, -13.3331348 ], [ -39.3069946, -13.3330845 ] ] ] } },
{ "type": "Feature", "properties": { "id_copa": 607, "talhao": "T16" }, "geometry": { "type": "Polygon", "coordinates": [ [ [ -39.3070036, -13.3331242 ], [ -39.3069194, -13.3331243 ], [ -39.3069195, -13.3332064 ], [ -39.3070037, -13.3332063 ], [ -39.3070036, -13.3331242 ] ] ] } },
{ "type": "Feature", "properties": { "id_copa": 617, "talhao": "T16" }, "geometry": { "type": "Polygon", "coordinates": [ [ [ -39.3073563, -13.3331287 ], [ -39.3072717, -13.3331288 ], [ -39.3072718, -13.3332153 ], [ -39.3073564, -13.3332152 ], [ -39.3073563, -13.3331287 ] ] ] } },
{ "type": "Feature", "properties": { "id_copa": 643, "talhao": "T16" }, "geometry": { "type": "Polygon", "coordinates": [ [ [ -39.3076102, -13.3326817 ], [ -39.307531, -13.3326818 ], [ -39.3075311, -13.3327761 ], [ -39.3076103, -13.332776 ], [ -39.3076102, -13.3326817 ] ] ] } },
{ "type": "Feature", "properties": { "id_copa": 648, "talhao": "T16" }, "geometry": { "type": "Polygon", "coordinates": [ [ [ -39.3068655, -13.3325873 ], [ -39.3067761, -13.3325875 ], [ -39.3067762, -13.3326617 ], [ -39.3068656, -13.3326616 ], [ -39.3068655, -13.3325873 ] ] ] } },
{ "type": "Feature", "properties": { "id_copa": 652, "talhao": "T16" }, "geometry": { "type": "Polygon", "coordinates": [ [ [ -39.3075822, -13.3327781 ], [ -39.3074711, -13.3327782 ], [ -39.3074713, -13.3328895 ], [ -39.3075823, -13.3328894 ], [ -39.3075822, -13.3327781 ] ] ] } },
{ "type": "Feature", "properties": { "id_copa": 688, "talhao": "T16" }, "geometry": { "type": "Polygon", "coordinates": [ [ [ -39.3072388, -13.3329155 ], [ -39.3071497, -13.3329156 ], [ -39.3071498, -13.3329927 ], [ -39.3072389, -13.3329926 ], [ -39.3072388, -13.3329155 ] ] ] } },
{ "type": "Feature", "properties": { "id_copa": 692, "talhao": "T16" }, "geometry": { "type": "Polygon", "coordinates": [ [ [ -39.3064098, -13.3327677 ], [ -39.3063152, -13.3327678 ], [ -39.3063153, -13.3328482 ], [ -39.3064099, -13.3328481 ], [ -39.3064098, -13.3327677 ] ] ] } },
{ "type": "Feature", "properties": { "id_copa": 693, "talhao": "T16" }, "geometry": { "type": "Polygon", "coordinates": [ [ [ -39.3076409, -13.3328601 ], [ -39.3075466, -13.3328602 ], [ -39.3075467, -13.3329573 ], [ -39.3076411, -13.3329571 ], [ -39.3076409, -13.3328601 ] ] ] } },
{ "type": "Feature", "properties": { "id_copa": 724, "talhao": "T16" }, "geometry": { "type": "Polygon", "coordinates": [ [ [ -39.3072548, -13.3325507 ], [ -39.3071952, -13.3325508 ], [ -39.3071953, -13.3326049 ], [ -39.3072549, -13.3326048 ], [ -39.3072548, -13.3325507 ] ] ] } },
{ "type": "Feature", "properties": { "id_copa": 740, "talhao": "T16" }, "geometry": { "type": "Polygon", "coordinates": [ [ [ -39.3069633, -13.3329998 ], [ -39.3069008, -13.3329998 ], [ -39.3069009, -13.333061 ], [ -39.3069634, -13.3330609 ], [ -39.3069633, -13.3329998 ] ] ] } },
{ "type": "Feature", "properties": { "id_copa": 749, "talhao": "T16" }, "geometry": { "type": "Polygon", "coordinates": [ [ [ -39.3069149, -13.3331212 ], [ -39.3068081, -13.3331213 ], [ -39.3068082, -13.3332158 ], [ -39.306915, -13.3332156 ], [ -39.3069149, -13.3331212 ] ] ] } },
{ "type": "Feature", "properties": { "id_copa": 771, "talhao": "T16" }, "geometry": { "type": "Polygon", "coordinates": [ [ [ -39.3077563, -13.3326195 ], [ -39.3076799, -13.3326196 ], [ -39.3076799, -13.3326912 ], [ -39.3077564, -13.3326911 ], [ -39.3077563, -13.3326195 ] ] ] } },
{ "type": "Feature", "properties": { "id_copa": 775, "talhao": "T16" }, "geometry": { "type": "Polygon", "coordinates": [ [ [ -39.3065183, -13.332807 ], [ -39.3064243, -13.3328071 ], [ -39.3064244, -13.3329002 ], [ -39.3065184, -13.3329001 ], [ -39.3065183, -13.332807 ] ] ] } },
{ "type": "Feature", "properties": { "id_copa": 786, "talhao": "T16" }, "geometry": { "type": "Polygon", "coordinates": [ [ [ -39.307415, -13.3330986 ], [ -39.3073563, -13.3330987 ], [ -39.3073564, -13.3331607 ], [ -39.307415, -13.3331606 ], [ -39.307415, -13.3330986 ] ] ] } },
{ "type": "Feature", "properties": { "id_copa": 798, "talhao": "T16" }, "geometry": { "type": "Polygon", "coordinates": [ [ [ -39.307136, -13.3328297 ], [ -39.3070082, -13.3328299 ], [ -39.3070083, -13.3329246 ], [ -39.3071361, -13.3329244 ], [ -39.307136, -13.3328297 ] ] ] } },
{ "type": "Feature", "properties": { "id_copa": 806, "talhao": "T16" }, "geometry": { "type": "Polygon", "coordinates": [ [ [ -39.3063603, -13.3324625 ], [ -39.306268, -13.3324626 ], [ -39.3062681, -13.3325452 ], [ -39.3063604, -13.3325451 ], [ -39.3063603, -13.3324625 ] ] ] } },
{ "type": "Feature", "properties": { "id_copa": 808, "talhao": "T16" }, "geometry": { "type": "Polygon", "coordinates": [ [ [ -39.3062127, -13.3329209 ], [ -39.3061408, -13.332921 ], [ -39.3061409, -13.3330053 ], [ -39.3062128, -13.3330052 ], [ -39.3062127, -13.3329209 ] ] ] } },
{ "type": "Feature", "properties": { "id_copa": 836, "talhao": "T16" }, "geometry": { "type": "Polygon", "coordinates": [ [ [ -39.3071806, -13.3330237 ], [ -39.3071246, -13.3330237 ], [ -39.3071246, -13.3330794 ], [ -39.3071807, -13.3330794 ], [ -39.3071806, -13.3330237 ] ] ] } },
{ "type": "Feature", "properties": { "id_copa": 872, "talhao": "T16" }, "geometry": { "type": "Polygon", "coordinates": [ [ [ -39.307048, -13.3330104 ], [ -39.3069891, -13.3330105 ], [ -39.3069891, -13.3330585 ], [ -39.307048, -13.3330585 ], [ -39.307048, -13.3330104 ] ] ] } },
{ "type": "Feature", "properties": { "id_copa": 906, "talhao": "T16" }, "geometry": { "type": "Polygon", "coordinates": [ [ [ -39.3075349, -13.3325538 ], [ -39.3074613, -13.3325539 ], [ -39.3074614, -13.3326148 ], [ -39.307535, -13.3326147 ], [ -39.3075349, -13.3325538 ] ] ] } },
{ "type": "Feature", "properties": { "id_copa": 911, "talhao": "T16" }, "geometry": { "type": "Polygon", "coordinates": [ [ [ -39.3067937, -13.3327462 ], [ -39.306732, -13.3327463 ], [ -39.3067321, -13.3328051 ], [ -39.3067938, -13.332805 ], [ -39.3067937, -13.3327462 ] ] ] } },
{ "type": "Feature", "properties": { "id_copa": 914, "talhao": "T16" }, "geometry": { "type": "Polygon", "coordinates": [ [ [ -39.3069987, -13.3325936 ], [ -39.3068803, -13.3325938 ], [ -39.3068805, -13.3327002 ], [ -39.3069988, -13.3327001 ], [ -39.3069987, -13.3325936 ] ] ] } },
{ "type": "Feature", "properties": { "id_copa": 954, "talhao": "T16" }, "geometry": { "type": "Polygon", "coordinates": [ [ [ -39.3072244, -13.3330889 ], [ -39.3071699, -13.333089 ], [ -39.30717, -13.3331437 ], [ -39.3072245, -13.3331436 ], [ -39.3072244, -13.3330889 ] ] ] } },
{ "type": "Feature", "properties": { "id_copa": 956, "talhao": "T16" }, "geometry": { "type": "Polygon", "coordinates": [ [ [ -39.306876, -13.3323131 ], [ -39.3067768, -13.3323132 ], [ -39.3067769, -13.3324119 ], [ -39.3068762, -13.3324118 ], [ -39.306876, -13.3323131 ] ] ] } },
{ "type": "Feature", "properties": { "id_copa": 961, "talhao": "T16" }, "geometry": { "type": "Polygon", "coordinates": [ [ [ -39.3072694, -13.332635 ], [ -39.3071787, -13.3326351 ], [ -39.3071789, -13.3327457 ], [ -39.3072695, -13.3327455 ], [ -39.3072694, -13.332635 ] ] ] } },
{ "type": "Feature", "properties": { "id_copa": 963, "talhao": "T16" }, "geometry": { "type": "Polygon", "coordinates": [ [ [ -39.3069107, -13.3324422 ], [ -39.3068561, -13.3324423 ], [ -39.3068562, -13.3324941 ], [ -39.3069108, -13.332494 ], [ -39.3069107, -13.3324422 ] ] ] } },
{ "type": "Feature", "properties": { "id_copa": 973, "talhao": "T16" }, "geometry": { "type": "Polygon", "coordinates": [ [ [ -39.3071801, -13.3326496 ], [ -39.3071274, -13.3326496 ], [ -39.3071275, -13.3326936 ], [ -39.3071801, -13.3326936 ], [ -39.3071801, -13.3326496 ] ] ] } },
{ "type": "Feature", "properties": { "id_copa": 978, "talhao": "T16" }, "geometry": { "type": "Polygon", "coordinates": [ [ [ -39.3071711, -13.3328991 ], [ -39.3071062, -13.3328992 ], [ -39.3071063, -13.3329538 ], [ -39.3071712, -13.3329537 ], [ -39.3071711, -13.3328991 ] ] ] } },
{ "type": "Feature", "properties": { "id_copa": 979, "talhao": "T16" }, "geometry": { "type": "Polygon", "coordinates": [ [ [ -39.3071768, -13.3331148 ], [ -39.3070873, -13.3331149 ], [ -39.3070874, -13.3332104 ], [ -39.3071769, -13.3332103 ], [ -39.3071768, -13.3331148 ] ] ] } },
{ "type": "Feature", "properties": { "id_copa": 1005, "talhao": "T16" }, "geometry": { "type": "Polygon", "coordinates": [ [ [ -39.306497, -13.3329204 ], [ -39.3064088, -13.3329205 ], [ -39.3064089, -13.3329981 ], [ -39.3064971, -13.332998 ], [ -39.306497, -13.3329204 ] ] ] } },
{ "type": "Feature", "properties": { "id_copa": 1009, "talhao": "T16" }, "geometry": { "type": "Polygon", "coordinates": [ [ [ -39.306781, -13.3330506 ], [ -39.3067105, -13.3330507 ], [ -39.3067105, -13.333114 ], [ -39.306781, -13.3331139 ], [ -39.306781, -13.3330506 ] ] ] } },
{ "type": "Feature", "properties": { "id_copa": 1016, "talhao": "T16" }, "geometry": { "type": "Polygon", "coordinates": [ [ [ -39.3071285, -13.3325965 ], [ -39.3070568, -13.3325966 ], [ -39.3070569, -13.3326833 ], [ -39.3071286, -13.3326832 ], [ -39.3071285, -13.3325965 ] ] ] } },
{ "type": "Feature", "properties": { "id_copa": 1039, "talhao": "T16" }, "geometry": { "type": "Polygon", "coordinates": [ [ [ -39.3067017, -13.332552 ], [ -39.3066073, -13.3325521 ], [ -39.3066074, -13.3326698 ], [ -39.3067019, -13.3326697 ], [ -39.3067017, -13.332552 ] ] ] } },
{ "type": "Feature", "properties": { "id_copa": 1051, "talhao": "T16" }, "geometry": { "type": "Polygon", "coordinates": [ [ [ -39.3075907, -13.3326115 ], [ -39.307507, -13.3326116 ], [ -39.307507, -13.3326766 ], [ -39.3075908, -13.3326765 ], [ -39.3075907, -13.3326115 ] ] ] } },
{ "type": "Feature", "properties": { "id_copa": 1055, "talhao": "T16" }, "geometry": { "type": "Polygon", "coordinates": [ [ [ -39.3073182, -13.3327186 ], [ -39.3072333, -13.3327187 ], [ -39.3072334, -13.3327831 ], [ -39.3073183, -13.332783 ], [ -39.3073182, -13.3327186 ] ] ] } },
{ "type": "Feature", "properties": { "id_copa": 1062, "talhao": "T16" }, "geometry": { "type": "Polygon", "coordinates": [ [ [ -39.3069673, -13.3324281 ], [ -39.3069087, -13.3324282 ], [ -39.3069088, -13.3324752 ], [ -39.3069673, -13.3324751 ], [ -39.3069673, -13.3324281 ] ] ] } },
{ "type": "Feature", "properties": { "id_copa": 1074, "talhao": "T16" }, "geometry": { "type": "Polygon", "coordinates": [ [ [ -39.3072845, -13.3324977 ], [ -39.3071978, -13.3324978 ], [ -39.3071979, -13.3325682 ], [ -39.3072846, -13.3325681 ], [ -39.3072845, -13.3324977 ] ] ] } },
{ "type": "Feature", "properties": { "id_copa": 1088, "talhao": "T16" }, "geometry": { "type": "Polygon", "coordinates": [ [ [ -39.3070282, -13.3324985 ], [ -39.3069288, -13.3324986 ], [ -39.3069289, -13.3325907 ], [ -39.3070283, -13.3325905 ], [ -39.3070282, -13.3324985 ] ] ] } },
{ "type": "Feature", "properties": { "id_copa": 1094, "talhao": "T16" }, "geometry": { "type": "Polygon", "coordinates": [ [ [ -39.3071542, -13.3325553 ], [ -39.3070913, -13.3325554 ], [ -39.3070914, -13.3326142 ], [ -39.3071543, -13.3326142 ], [ -39.3071542, -13.3325553 ] ] ] } },
{ "type": "Feature", "properties": { "id_copa": 1166, "talhao": "T16" }, "geometry": { "type": "Polygon", "coordinates": [ [ [ -39.306607, -13.3325463 ], [ -39.3064891, -13.3325464 ], [ -39.3064892, -13.3326488 ], [ -39.3066071, -13.3326487 ], [ -39.306607, -13.3325463 ] ] ] } },
{ "type": "Feature", "properties": { "id_copa": 1179, "talhao": "T16" }, "geometry": { "type": "Polygon", "coordinates": [ [ [ -39.3068729, -13.3324766 ], [ -39.3068225, -13.3324766 ], [ -39.3068225, -13.3325377 ], [ -39.306873, -13.3325376 ], [ -39.3068729, -13.3324766 ] ] ] } },
{ "type": "Feature", "properties": { "id_copa": 1180, "talhao": "T16" }, "geometry": { "type": "Polygon", "coordinates": [ [ [ -39.3076634, -13.3328121 ], [ -39.3075812, -13.3328122 ], [ -39.3075813, -13.3328971 ], [ -39.3076635, -13.332897 ], [ -39.3076634, -13.3328121 ] ] ] } },
{ "type": "Feature", "properties": { "id_copa": 1205, "talhao": "T16" }, "geometry": { "type": "Polygon", "coordinates": [ [ [ -39.306754, -13.3324669 ], [ -39.3066246, -13.332467 ], [ -39.3066247, -13.332569 ], [ -39.3067541, -13.3325688 ], [ -39.306754, -13.3324669 ] ] ] } },
{ "type": "Feature", "properties": { "id_copa": 1250, "talhao": "T16" }, "geometry": { "type": "Polygon", "coordinates": [ [ [ -39.3070259, -13.3330503 ], [ -39.3069708, -13.3330504 ], [ -39.3069709, -13.3330984 ], [ -39.3070259, -13.3330984 ], [ -39.3070259, -13.3330503 ] ] ] } },
{ "type": "Feature", "properties": { "id_copa": 1267, "talhao": "T16" }, "geometry": { "type": "Polygon", "coordinates": [ [ [ -39.3065012, -13.3327143 ], [ -39.3064214, -13.3327144 ], [ -39.3064215, -13.3328038 ], [ -39.3065013, -13.3328037 ], [ -39.3065012, -13.3327143 ] ] ] } },
{ "type": "Feature", "properties": { "id_copa": 1270, "talhao": "T16" }, "geometry": { "type": "Polygon", "coordinates": [ [ [ -39.3069379, -13.3330218 ], [ -39.3068509, -13.3330219 ], [ -39.3068511, -13.333123 ], [ -39.3069381, -13.3331229 ], [ -39.3069379, -13.3330218 ] ] ] } },
{ "type": "Feature", "properties": { "id_copa": 1282, "talhao": "T16" }, "geometry": { "type": "Polygon", "coordinates": [ [ [ -39.3070404, -13.332421 ], [ -39.306993, -13.332421 ], [ -39.3069931, -13.3324686 ], [ -39.3070404, -13.3324685 ], [ -39.3070404, -13.332421 ] ] ] } },
{ "type": "Feature", "properties": { "id_copa": 1299, "talhao": "T16" }, "geometry": { "type": "Polygon", "coordinates": [ [ [ -39.3069087, -13.3328577 ], [ -39.3068203, -13.3328579 ], [ -39.3068204, -13.3329409 ], [ -39.3069088, -13.3329408 ], [ -39.3069087, -13.3328577 ] ] ] } },
{ "type": "Feature", "properties": { "id_copa": 1375, "talhao": "T16" }, "geometry": { "type": "Polygon", "coordinates": [ [ [ -39.3066767, -13.3326739 ], [ -39.3065643, -13.332674 ], [ -39.3065644, -13.3327806 ], [ -39.3066768, -13.3327804 ], [ -39.3066767, -13.3326739 ] ] ] } },
{ "type": "Feature", "properties": { "id_copa": 1381, "talhao": "T16" }, "geometry": { "type": "Polygon", "coordinates": [ [ [ -39.3063876, -13.3327056 ], [ -39.3063262, -13.3327057 ], [ -39.3063263, -13.332776 ], [ -39.3063877, -13.3327759 ], [ -39.3063876, -13.3327056 ] ] ] } },
{ "type": "Feature", "properties": { "id_copa": 1399, "talhao": "T16" }, "geometry": { "type": "Polygon", "coordinates": [ [ [ -39.3067112, -13.3327791 ], [ -39.3066019, -13.3327792 ], [ -39.3066021, -13.3328859 ], [ -39.3067113, -13.3328858 ], [ -39.3067112, -13.3327791 ] ] ] } },
{ "type": "Feature", "properties": { "id_copa": 1405, "talhao": "T16" }, "geometry": { "type": "Polygon", "coordinates": [ [ [ -39.3071406, -13.3330734 ], [ -39.30709, -13.3330735 ], [ -39.30709, -13.3331174 ], [ -39.3071406, -13.3331173 ], [ -39.3071406, -13.3330734 ] ] ] } },
{ "type": "Feature", "properties": { "id_copa": 1423, "talhao": "T16" }, "geometry": { "type": "Polygon", "coordinates": [ [ [ -39.3074645, -13.3324739 ], [ -39.3073961, -13.3324739 ], [ -39.3073961, -13.3325351 ], [ -39.3074646, -13.3325351 ], [ -39.3074645, -13.3324739 ] ] ] } },
{ "type": "Feature", "properties": { "id_copa": 1467, "talhao": "T16" }, "geometry": { "type": "Polygon", "coordinates": [ [ [ -39.3074181, -13.3326413 ], [ -39.3073147, -13.3326414 ], [ -39.3073148, -13.3327622 ], [ -39.3074183, -13.332762 ], [ -39.3074181, -13.3326413 ] ] ] } },
{ "type": "Feature", "properties": { "id_copa": 1488, "talhao": "T16" }, "geometry": { "type": "Polygon", "coordinates": [ [ [ -39.3068208, -13.3331029 ], [ -39.3067582, -13.3331029 ], [ -39.3067583, -13.3331838 ], [ -39.3068209, -13.3331837 ], [ -39.3068208, -13.3331029 ] ] ] } },
{ "type": "Feature", "properties": { "id_copa": 1504, "talhao": "T16" }, "geometry": { "type": "Polygon", "coordinates": [ [ [ -39.3065396, -13.3326808 ], [ -39.3064742, -13.3326809 ], [ -39.3064743, -13.3327372 ], [ -39.3065396, -13.3327371 ], [ -39.3065396, -13.3326808 ] ] ] } },
{ "type": "Feature", "properties": { "id_copa": 1516, "talhao": "T16" }, "geometry": { "type": "Polygon", "coordinates": [ [ [ -39.3076414, -13.3325178 ], [ -39.3075653, -13.3325179 ], [ -39.3075654, -13.3326065 ], [ -39.3076415, -13.3326064 ], [ -39.3076414, -13.3325178 ] ] ] } },
{ "type": "Feature", "properties": { "id_copa": 1524, "talhao": "T16" }, "geometry": { "type": "Polygon", "coordinates": [ [ [ -39.3069292, -13.3323563 ], [ -39.3068565, -13.3323564 ], [ -39.3068566, -13.3324294 ], [ -39.3069293, -13.3324294 ], [ -39.3069292, -13.3323563 ] ] ] } },
{ "type": "Feature", "properties": { "id_copa": 1537, "talhao": "T16" }, "geometry": { "type": "Polygon", "coordinates": [ [ [ -39.3065448, -13.3328868 ], [ -39.3064779, -13.3328868 ], [ -39.306478, -13.3329556 ], [ -39.3065449, -13.3329555 ], [ -39.3065448, -13.3328868 ] ] ] } },
{ "type": "Feature", "properties": { "id_copa": 1565, "talhao": "T16" }, "geometry": { "type": "Polygon", "coordinates": [ [ [ -39.3073896, -13.3325642 ], [ -39.3073368, -13.3325642 ], [ -39.3073368, -13.332615 ], [ -39.3073897, -13.3326149 ], [ -39.3073896, -13.3325642 ] ] ] } },
{ "type": "Feature", "properties": { "id_copa": 1573, "talhao": "T16" }, "geometry": { "type": "Polygon", "coordinates": [ [ [ -39.3072711, -13.3325968 ], [ -39.3072037, -13.3325968 ], [ -39.3072038, -13.3326513 ], [ -39.3072711, -13.3326513 ], [ -39.3072711, -13.3325968 ] ] ] } },
{ "type": "Feature", "properties": { "id_copa": 1581, "talhao": "T16" }, "geometry": { "type": "Polygon", "coordinates": [ [ [ -39.3071507, -13.3323674 ], [ -39.3070904, -13.3323674 ], [ -39.3070905, -13.332436 ], [ -39.3071508, -13.332436 ], [ -39.3071507, -13.3323674 ] ] ] } },
{ "type": "Feature", "properties": { "id_copa": 1596, "talhao": "T16" }, "geometry": { "type": "Polygon", "coordinates": [ [ [ -39.306476, -13.3326551 ], [ -39.3064036, -13.3326552 ], [ -39.3064037, -13.3327103 ], [ -39.3064761, -13.3327102 ], [ -39.306476, -13.3326551 ] ] ] } },
{ "type": "Feature", "properties": { "id_copa": 1604, "talhao": "T16" }, "geometry": { "type": "Polygon", "coordinates": [ [ [ -39.3074775, -13.3325267 ], [ -39.3074164, -13.3325268 ], [ -39.3074164, -13.3325754 ], [ -39.3074775, -13.3325754 ], [ -39.3074775, -13.3325267 ] ] ] } },
{ "type": "Feature", "properties": { "id_copa": 1613, "talhao": "T16" }, "geometry": { "type": "Polygon", "coordinates": [ [ [ -39.307317, -13.3325632 ], [ -39.3072586, -13.3325633 ], [ -39.3072586, -13.3326128 ], [ -39.3073171, -13.3326127 ], [ -39.307317, -13.3325632 ] ] ] } },
{ "type": "Feature", "properties": { "id_copa": 1620, "talhao": "T16" }, "geometry": { "type": "Polygon", "coordinates": [ [ [ -39.307065, -13.3324727 ], [ -39.3070157, -13.3324728 ], [ -39.3070158, -13.3325272 ], [ -39.3070651, -13.3325272 ], [ -39.307065, -13.3324727 ] ] ] } },
{ "type": "Feature", "properties": { "id_copa": 1625, "talhao": "T16" }, "geometry": { "type": "Polygon", "coordinates": [ [ [ -39.3068651, -13.332826 ], [ -39.3068037, -13.3328261 ], [ -39.3068037, -13.3328975 ], [ -39.3068652, -13.3328974 ], [ -39.3068651, -13.332826 ] ] ] } },
{ "type": "Feature", "properties": { "id_copa": 1636, "talhao": "T16" }, "geometry": { "type": "Polygon", "coordinates": [ [ [ -39.3069366, -13.3324857 ], [ -39.3068723, -13.3324858 ], [ -39.3068724, -13.3325777 ], [ -39.3069367, -13.3325776 ], [ -39.3069366, -13.3324857 ] ] ] } },
{ "type": "Feature", "properties": { "id_copa": 1658, "talhao": "T16" }, "geometry": { "type": "Polygon", "coordinates": [ [ [ -39.3072366, -13.3323934 ], [ -39.3071617, -13.3323935 ], [ -39.3071618, -13.3324613 ], [ -39.3072367, -13.3324612 ], [ -39.3072366, -13.3323934 ] ] ] } },
{ "type": "Feature", "properties": { "id_copa": 1694, "talhao": "T16" }, "geometry": { "type": "Polygon", "coordinates": [ [ [ -39.3069803, -13.3324551 ], [ -39.3069292, -13.3324552 ], [ -39.3069292, -13.3325073 ], [ -39.3069803, -13.3325073 ], [ -39.3069803, -13.3324551 ] ] ] } },
{ "type": "Feature", "properties": { "id_copa": 1700, "talhao": "T16" }, "geometry": { "type": "Polygon", "coordinates": [ [ [ -39.3065895, -13.3327229 ], [ -39.3064852, -13.3327231 ], [ -39.3064854, -13.3328383 ], [ -39.3065896, -13.3328382 ], [ -39.3065895, -13.3327229 ] ] ] } },
{ "type": "Feature", "properties": { "id_copa": 1737, "talhao": "T16" }, "geometry": { "type": "Polygon", "coordinates": [ [ [ -39.307336, -13.3327677 ], [ -39.307279, -13.3327677 ], [ -39.3072791, -13.332813 ], [ -39.3073361, -13.3328129 ], [ -39.307336, -13.3327677 ] ] ] } },
{ "type": "Feature", "properties": { "id_copa": 1757, "talhao": "T16" }, "geometry": { "type": "Polygon", "coordinates": [ [ [ -39.3063242, -13.3325338 ], [ -39.3062616, -13.3325339 ], [ -39.3062617, -13.3325897 ], [ -39.3063243, -13.3325897 ], [ -39.3063242, -13.3325338 ] ] ] } },
{ "type": "Feature", "properties": { "id_copa": 1777, "talhao": "T16" }, "geometry": { "type": "Polygon", "coordinates": [ [ [ -39.3065777, -13.3328323 ], [ -39.3065132, -13.3328324 ], [ -39.3065133, -13.3328937 ], [ -39.3065777, -13.3328937 ], [ -39.3065777, -13.3328323 ] ] ] } },
{ "type": "Feature", "properties": { "id_copa": 1784, "talhao": "T16" }, "geometry": { "type": "Polygon", "coordinates": [ [ [ -39.3075048, -13.332605 ], [ -39.3074445, -13.332605 ], [ -39.3074446, -13.3326636 ], [ -39.3075049, -13.3326635 ], [ -39.3075048, -13.332605 ] ] ] } },
{ "type": "Feature", "properties": { "id_copa": 1789, "talhao": "T16" }, "geometry": { "type": "Polygon", "coordinates": [ [ [ -39.3067711, -13.3324439 ], [ -39.3067117, -13.332444 ], [ -39.3067118, -13.3325016 ], [ -39.3067712, -13.3325015 ], [ -39.3067711, -13.3324439 ] ] ] } },
{ "type": "Feature", "properties": { "id_copa": 1796, "talhao": "T16" }, "geometry": { "type": "Polygon", "coordinates": [ [ [ -39.3067539, -13.3325721 ], [ -39.3066879, -13.3325722 ], [ -39.306688, -13.3326295 ], [ -39.306754, -13.3326294 ], [ -39.3067539, -13.3325721 ] ] ] } },
{ "type": "Feature", "properties": { "id_copa": 1807, "talhao": "T16" }, "geometry": { "type": "Polygon", "coordinates": [ [ [ -39.3072848, -13.3327764 ], [ -39.3072296, -13.3327765 ], [ -39.3072297, -13.3328357 ], [ -39.3072849, -13.3328356 ], [ -39.3072848, -13.3327764 ] ] ] } },
{ "type": "Feature", "properties": { "id_copa": 1822, "talhao": "T16" }, "geometry": { "type": "Polygon", "coordinates": [ [ [ -39.3068114, -13.3328022 ], [ -39.306674, -13.3328024 ], [ -39.3066741, -13.3329149 ], [ -39.3068116, -13.3329147 ], [ -39.3068114, -13.3328022 ] ] ] } },
{ "type": "Feature", "properties": { "id_copa": 1878, "talhao": "T16" }, "geometry": { "type": "Polygon", "coordinates": [ [ [ -39.3068715, -13.3325436 ], [ -39.3067926, -13.3325437 ], [ -39.3067927, -13.3325991 ], [ -39.3068716, -13.332599 ], [ -39.3068715, -13.3325436 ] ] ] } },
{ "type": "Feature", "properties": { "id_copa": 7, "talhao": "T17A" }, "geometry": { "type": "Polygon", "coordinates": [ [ [ -39.3065378, -13.3333849 ], [ -39.3064656, -13.333385 ], [ -39.3064657, -13.3334634 ], [ -39.3065379, -13.3334633 ], [ -39.3065378, -13.3333849 ] ] ] } },
{ "type": "Feature", "properties": { "id_copa": 149, "talhao": "T17A" }, "geometry": { "type": "Polygon", "coordinates": [ [ [ -39.3070069, -13.3332856 ], [ -39.3068795, -13.3332858 ], [ -39.3068796, -13.3334096 ], [ -39.3070071, -13.3334094 ], [ -39.3070069, -13.3332856 ] ] ] } },
{ "type": "Feature", "properties": { "id_copa": 219, "talhao": "T17A" }, "geometry": { "type": "Polygon", "coordinates": [ [ [ -39.3064436, -13.3331647 ], [ -39.3063168, -13.3331648 ], [ -39.306317, -13.3332832 ], [ -39.3064437, -13.333283 ], [ -39.3064436, -13.3331647 ] ] ] } },
{ "type": "Feature", "properties": { "id_copa": 220, "talhao": "T17A" }, "geometry": { "type": "Polygon", "coordinates": [ [ [ -39.3071128, -13.3334295 ], [ -39.3070085, -13.3334296 ], [ -39.3070087, -13.3335539 ], [ -39.3071129, -13.3335537 ], [ -39.3071128, -13.3334295 ] ] ] } },
{ "type": "Feature", "properties": { "id_copa": 251, "talhao": "T17A" }, "geometry": { "type": "Polygon", "coordinates": [ [ [ -39.3062106, -13.3335351 ], [ -39.3060777, -13.3335353 ], [ -39.3060779, -13.3336478 ], [ -39.3062107, -13.3336477 ], [ -39.3062106, -13.3335351 ] ] ] } },
{ "type": "Feature", "properties": { "id_copa": 379, "talhao": "T17A" }, "geometry": { "type": "Polygon", "coordinates": [ [ [ -39.3064959, -13.3333022 ], [ -39.3064241, -13.3333023 ], [ -39.3064242, -13.3333661 ], [ -39.306496, -13.333366 ], [ -39.3064959, -13.3333022 ] ] ] } },
{ "type": "Feature", "properties": { "id_copa": 569, "talhao": "T17A" }, "geometry": { "type": "Polygon", "coordinates": [ [ [ -39.3071486, -13.3333447 ], [ -39.3070393, -13.3333448 ], [ -39.3070394, -13.333433 ], [ -39.3071487, -13.3334329 ], [ -39.3071486, -13.3333447 ] ] ] } },
{ "type": "Feature", "properties": { "id_copa": 1329, "talhao": "T17A" }, "geometry": { "type": "Polygon", "coordinates": [ [ [ -39.3063588, -13.3334105 ], [ -39.3062768, -13.3334106 ], [ -39.3062769, -13.3334885 ], [ -39.3063589, -13.3334884 ], [ -39.3063588, -13.3334105 ] ] ] } },
{ "type": "Feature", "properties": { "id_copa": 1351, "talhao": "T17A" }, "geometry": { "type": "Polygon", "coordinates": [ [ [ -39.307215, -13.3336941 ], [ -39.3071399, -13.3336942 ], [ -39.30714, -13.333786 ], [ -39.3072151, -13.333786 ], [ -39.307215, -13.3336941 ] ] ] } },
{ "type": "Feature", "properties": { "id_copa": 1502, "talhao": "T17A" }, "geometry": { "type": "Polygon", "coordinates": [ [ [ -39.3059508, -13.3335059 ], [ -39.305896, -13.333506 ], [ -39.305896, -13.3335553 ], [ -39.3059509, -13.3335552 ], [ -39.3059508, -13.3335059 ] ] ] } },
{ "type": "Feature", "properties": { "id_copa": 10, "talhao": "T17B" }, "geometry": { "type": "Polygon", "coordinates": [ [ [ -39.3055304, -13.3331002 ], [ -39.3054703, -13.3331003 ], [ -39.3054704, -13.333164 ], [ -39.3055305, -13.3331639 ], [ -39.3055304, -13.3331002 ] ] ] } },
{ "type": "Feature", "properties": { "id_copa": 14, "talhao": "T17B" }, "geometry": { "type": "Polygon", "coordinates": [ [ [ -39.3053808, -13.3326109 ], [ -39.3053015, -13.332611 ], [ -39.3053016, -13.3326748 ], [ -39.3053809, -13.3326747 ], [ -39.3053808, -13.3326109 ] ] ] } },
{ "type": "Feature", "properties": { "id_copa": 27, "talhao": "T17B" }, "geometry": { "type": "Polygon", "coordinates": [ [ [ -39.3059367, -13.3320017 ], [ -39.3058437, -13.3320018 ], [ -39.3058438, -13.3320814 ], [ -39.3059368, -13.3320813 ], [ -39.3059367, -13.3320017 ] ] ] } },
{ "type": "Feature", "properties": { "id_copa": 28, "talhao": "T17B" }, "geometry": { "type": "Polygon", "coordinates": [ [ [ -39.3054797, -13.33263 ], [ -39.3054102, -13.3326301 ], [ -39.3054103, -13.3326967 ], [ -39.3054798, -13.3326966 ], [ -39.3054797, -13.33263 ] ] ] } },
{ "type": "Feature", "properties": { "id_copa": 44, "talhao": "T17B" }, "geometry": { "type": "Polygon", "coordinates": [ [ [ -39.3058111, -13.3322117 ], [ -39.3057219, -13.3322118 ], [ -39.305722, -13.3322831 ], [ -39.3058112, -13.332283 ], [ -39.3058111, -13.3322117 ] ] ] } },
{ "type": "Feature", "properties": { "id_copa": 46, "talhao": "T17B" }, "geometry": { "type": "Polygon", "coordinates": [ [ [ -39.3056438, -13.3334098 ], [ -39.3055713, -13.3334099 ], [ -39.3055713, -13.3334753 ], [ -39.3056439, -13.3334752 ], [ -39.3056438, -13.3334098 ] ] ] } },
{ "type": "Feature", "properties": { "id_copa": 47, "talhao": "T17B" }, "geometry": { "type": "Polygon", "coordinates": [ [ [ -39.3056668, -13.3320189 ], [ -39.3055855, -13.332019 ], [ -39.3055856, -13.3321098 ], [ -39.3056669, -13.3321097 ], [ -39.3056668, -13.3320189 ] ] ] } },
{ "type": "Feature", "properties": { "id_copa": 49, "talhao": "T17B" }, "geometry": { "type": "Polygon", "coordinates": [ [ [ -39.3057946, -13.3319497 ], [ -39.3057147, -13.3319498 ], [ -39.3057148, -13.3320263 ], [ -39.3057947, -13.3320262 ], [ -39.3057946, -13.3319497 ] ] ] } },
{ "type": "Feature", "properties": { "id_copa": 60, "talhao": "T17B" }, "geometry": { "type": "Polygon", "coordinates": [ [ [ -39.3059378, -13.3321402 ], [ -39.3058842, -13.3321403 ], [ -39.3058843, -13.3321904 ], [ -39.3059379, -13.3321903 ], [ -39.3059378, -13.3321402 ] ] ] } },
{ "type": "Feature", "properties": { "id_copa": 96, "talhao": "T17B" }, "geometry": { "type": "Polygon", "coordinates": [ [ [ -39.3056726, -13.3334643 ], [ -39.3056013, -13.3334644 ], [ -39.3056014, -13.3335257 ], [ -39.3056727, -13.3335256 ], [ -39.3056726, -13.3334643 ] ] ] } },
{ "type": "Feature", "properties": { "id_copa": 116, "talhao": "T17B" }, "geometry": { "type": "Polygon", "coordinates": [ [ [ -39.3053947, -13.3325077 ], [ -39.3053198, -13.3325078 ], [ -39.3053199, -13.3325764 ], [ -39.3053947, -13.3325763 ], [ -39.3053947, -13.3325077 ] ] ] } },
{ "type": "Feature", "properties": { "id_copa": 143, "talhao": "T17B" }, "geometry": { "type": "Polygon", "coordinates": [ [ [ -39.3058068, -13.3321493 ], [ -39.3057405, -13.3321494 ], [ -39.3057406, -13.3322139 ], [ -39.3058069, -13.3322139 ], [ -39.3058068, -13.3321493 ] ] ] } },
{ "type": "Feature", "properties": { "id_copa": 185, "talhao": "T17B" }, "geometry": { "type": "Polygon", "coordinates": [ [ [ -39.3057603, -13.3320266 ], [ -39.3057137, -13.3320266 ], [ -39.3057137, -13.3320741 ], [ -39.3057604, -13.332074 ], [ -39.3057603, -13.3320266 ] ] ] } },
{ "type": "Feature", "properties": { "id_copa": 197, "talhao": "T17B" }, "geometry": { "type": "Polygon", "coordinates": [ [ [ -39.3058345, -13.3323164 ], [ -39.3057488, -13.3323165 ], [ -39.3057489, -13.3323939 ], [ -39.3058346, -13.3323938 ], [ -39.3058345, -13.3323164 ] ] ] } },
{ "type": "Feature", "properties": { "id_copa": 226, "talhao": "T17B" }, "geometry": { "type": "Polygon", "coordinates": [ [ [ -39.3057029, -13.3326395 ], [ -39.3056189, -13.3326396 ], [ -39.305619, -13.3327172 ], [ -39.305703, -13.3327171 ], [ -39.3057029, -13.3326395 ] ] ] } },
{ "type": "Feature", "properties": { "id_copa": 227, "talhao": "T17B" }, "geometry": { "type": "Polygon", "coordinates": [ [ [ -39.3055156, -13.332514 ], [ -39.3054215, -13.3325141 ], [ -39.3054216, -13.3325893 ], [ -39.3055157, -13.3325892 ], [ -39.3055156, -13.332514 ] ] ] } },
{ "type": "Feature", "properties": { "id_copa": 254, "talhao": "T17B" }, "geometry": { "type": "Polygon", "coordinates": [ [ [ -39.3053688, -13.3323055 ], [ -39.3052828, -13.3323056 ], [ -39.3052829, -13.3323973 ], [ -39.3053689, -13.3323972 ], [ -39.3053688, -13.3323055 ] ] ] } },
{ "type": "Feature", "properties": { "id_copa": 266, "talhao": "T17B" }, "geometry": { "type": "Polygon", "coordinates": [ [ [ -39.3060393, -13.331668 ], [ -39.3059709, -13.3316681 ], [ -39.3059709, -13.3317281 ], [ -39.3060394, -13.331728 ], [ -39.3060393, -13.331668 ] ] ] } },
{ "type": "Feature", "properties": { "id_copa": 284, "talhao": "T17B" }, "geometry": { "type": "Polygon", "coordinates": [ [ [ -39.3054954, -13.3322973 ], [ -39.3054129, -13.3322974 ], [ -39.305413, -13.3323617 ], [ -39.3054955, -13.3323616 ], [ -39.3054954, -13.3322973 ] ] ] } },
{ "type": "Feature", "properties": { "id_copa": 312, "talhao": "T17B" }, "geometry": { "type": "Polygon", "coordinates": [ [ [ -39.3054737, -13.3324037 ], [ -39.3053937, -13.3324038 ], [ -39.3053938, -13.332486 ], [ -39.3054738, -13.3324859 ], [ -39.3054737, -13.3324037 ] ] ] } },
{ "type": "Feature", "properties": { "id_copa": 342, "talhao": "T17B" }, "geometry": { "type": "Polygon", "coordinates": [ [ [ -39.3056515, -13.3321312 ], [ -39.3055976, -13.3321313 ], [ -39.3055976, -13.3321897 ], [ -39.3056516, -13.3321896 ], [ -39.3056515, -13.3321312 ] ] ] } },
{ "type": "Feature", "properties": { "id_copa": 370, "talhao": "T17B" }, "geometry": { "type": "Polygon", "coordinates": [ [ [ -39.3057056, -13.3323129 ], [ -39.3056255, -13.332313 ], [ -39.3056256, -13.3323799 ], [ -39.3057057, -13.3323798 ], [ -39.3057056, -13.3323129 ] ] ] } },
{ "type": "Feature", "properties": { "id_copa": 381, "talhao": "T17B" }, "geometry": { "type": "Polygon", "coordinates": [ [ [ -39.305342, -13.3324514 ], [ -39.3052822, -13.3324515 ], [ -39.3052823, -13.3325208 ], [ -39.3053421, -13.3325207 ], [ -39.305342, -13.3324514 ] ] ] } },
{ "type": "Feature", "properties": { "id_copa": 427, "talhao": "T17B" }, "geometry": { "type": "Polygon", "coordinates": [ [ [ -39.305678, -13.3319737 ], [ -39.3056034, -13.3319738 ], [ -39.3056035, -13.3320211 ], [ -39.3056781, -13.3320211 ], [ -39.305678, -13.3319737 ] ] ] } },
{ "type": "Feature", "properties": { "id_copa": 517, "talhao": "T17B" }, "geometry": { "type": "Polygon", "coordinates": [ [ [ -39.3059212, -13.3325916 ], [ -39.3058342, -13.3325917 ], [ -39.3058344, -13.3326736 ], [ -39.3059214, -13.3326735 ], [ -39.3059212, -13.3325916 ] ] ] } },
{ "type": "Feature", "properties": { "id_copa": 522, "talhao": "T17B" }, "geometry": { "type": "Polygon", "coordinates": [ [ [ -39.3057078, -13.3319319 ], [ -39.3056402, -13.331932 ], [ -39.3056402, -13.3319834 ], [ -39.3057079, -13.3319833 ], [ -39.3057078, -13.3319319 ] ] ] } },
{ "type": "Feature", "properties": { "id_copa": 593, "talhao": "T17B" }, "geometry": { "type": "Polygon", "coordinates": [ [ [ -39.3055883, -13.3320444 ], [ -39.3055179, -13.3320445 ], [ -39.305518, -13.3321257 ], [ -39.3055884, -13.3321256 ], [ -39.3055883, -13.3320444 ] ] ] } },
{ "type": "Feature", "properties": { "id_copa": 616, "talhao": "T17B" }, "geometry": { "type": "Polygon", "coordinates": [ [ [ -39.3054561, -13.3321486 ], [ -39.3053971, -13.3321487 ], [ -39.3053972, -13.3322202 ], [ -39.3054562, -13.3322201 ], [ -39.3054561, -13.3321486 ] ] ] } },
{ "type": "Feature", "properties": { "id_copa": 651, "talhao": "T17B" }, "geometry": { "type": "Polygon", "coordinates": [ [ [ -39.3059601, -13.3318 ], [ -39.3058748, -13.3318001 ], [ -39.305875, -13.3318882 ], [ -39.3059602, -13.3318881 ], [ -39.3059601, -13.3318 ] ] ] } },
{ "type": "Feature", "properties": { "id_copa": 660, "talhao": "T17B" }, "geometry": { "type": "Polygon", "coordinates": [ [ [ -39.3056886, -13.3325752 ], [ -39.3056249, -13.3325753 ], [ -39.305625, -13.3326414 ], [ -39.3056887, -13.3326413 ], [ -39.3056886, -13.3325752 ] ] ] } },
{ "type": "Feature", "properties": { "id_copa": 672, "talhao": "T17B" }, "geometry": { "type": "Polygon", "coordinates": [ [ [ -39.3055846, -13.3321979 ], [ -39.3055163, -13.332198 ], [ -39.3055164, -13.3322648 ], [ -39.3055847, -13.3322647 ], [ -39.3055846, -13.3321979 ] ] ] } },
{ "type": "Feature", "properties": { "id_copa": 802, "talhao": "T17B" }, "geometry": { "type": "Polygon", "coordinates": [ [ [ -39.3057942, -13.3320767 ], [ -39.3057386, -13.3320767 ], [ -39.3057387, -13.3321206 ], [ -39.3057943, -13.3321206 ], [ -39.3057942, -13.3320767 ] ] ] } },
{ "type": "Feature", "properties": { "id_copa": 827, "talhao": "T17B" }, "geometry": { "type": "Polygon", "coordinates": [ [ [ -39.3058267, -13.3318171 ], [ -39.3057699, -13.3318172 ], [ -39.30577, -13.331876 ], [ -39.3058267, -13.3318759 ], [ -39.3058267, -13.3318171 ] ] ] } },
{ "type": "Feature", "properties": { "id_copa": 842, "talhao": "T17B" }, "geometry": { "type": "Polygon", "coordinates": [ [ [ -39.3055215, -13.3320638 ], [ -39.3054598, -13.3320638 ], [ -39.3054599, -13.3321262 ], [ -39.3055215, -13.3321261 ], [ -39.3055215, -13.3320638 ] ] ] } },
{ "type": "Feature", "properties": { "id_copa": 859, "talhao": "T17B" }, "geometry": { "type": "Polygon", "coordinates": [ [ [ -39.3053568, -13.3324026 ], [ -39.3053078, -13.3324027 ], [ -39.3053079, -13.3324647 ], [ -39.3053569, -13.3324646 ], [ -39.3053568, -13.3324026 ] ] ] } },
{ "type": "Feature", "properties": { "id_copa": 864, "talhao": "T17B" }, "geometry": { "type": "Polygon", "coordinates": [ [ [ -39.3057191, -13.3320613 ], [ -39.3056869, -13.3320614 ], [ -39.305687, -13.3321038 ], [ -39.3057191, -13.3321037 ], [ -39.3057191, -13.3320613 ] ] ] } },
{ "type": "Feature", "properties": { "id_copa": 895, "talhao": "T17B" }, "geometry": { "type": "Polygon", "coordinates": [ [ [ -39.3059203, -13.3321801 ], [ -39.3058492, -13.3321802 ], [ -39.3058493, -13.3322819 ], [ -39.3059205, -13.3322818 ], [ -39.3059203, -13.3321801 ] ] ] } },
{ "type": "Feature", "properties": { "id_copa": 947, "talhao": "T17B" }, "geometry": { "type": "Polygon", "coordinates": [ [ [ -39.3061509, -13.3315732 ], [ -39.3060684, -13.3315733 ], [ -39.3060685, -13.3316327 ], [ -39.3061509, -13.3316326 ], [ -39.3061509, -13.3315732 ] ] ] } },
{ "type": "Feature", "properties": { "id_copa": 989, "talhao": "T17B" }, "geometry": { "type": "Polygon", "coordinates": [ [ [ -39.3055396, -13.3322296 ], [ -39.3054496, -13.3322297 ], [ -39.3054497, -13.3323152 ], [ -39.3055397, -13.3323151 ], [ -39.3055396, -13.3322296 ] ] ] } },
{ "type": "Feature", "properties": { "id_copa": 991, "talhao": "T17B" }, "geometry": { "type": "Polygon", "coordinates": [ [ [ -39.3057932, -13.3324232 ], [ -39.3057102, -13.3324233 ], [ -39.3057103, -13.3324871 ], [ -39.3057933, -13.332487 ], [ -39.3057932, -13.3324232 ] ] ] } },
{ "type": "Feature", "properties": { "id_copa": 1025, "talhao": "T17B" }, "geometry": { "type": "Polygon", "coordinates": [ [ [ -39.3057008, -13.3321224 ], [ -39.3056577, -13.3321225 ], [ -39.3056578, -13.3321778 ], [ -39.3057009, -13.3321777 ], [ -39.3057008, -13.3321224 ] ] ] } },
{ "type": "Feature", "properties": { "id_copa": 1082, "talhao": "T17B" }, "geometry": { "type": "Polygon", "coordinates": [ [ [ -39.3058502, -13.3319131 ], [ -39.3057722, -13.3319132 ], [ -39.3057722, -13.3319825 ], [ -39.3058503, -13.3319824 ], [ -39.3058502, -13.3319131 ] ] ] } },
{ "type": "Feature", "properties": { "id_copa": 1106, "talhao": "T17B" }, "geometry": { "type": "Polygon", "coordinates": [ [ [ -39.3060392, -13.3317309 ], [ -39.3059664, -13.331731 ], [ -39.3059664, -13.3317969 ], [ -39.3060392, -13.3317969 ], [ -39.3060392, -13.3317309 ] ] ] } },
{ "type": "Feature", "properties": { "id_copa": 1114, "talhao": "T17B" }, "geometry": { "type": "Polygon", "coordinates": [ [ [ -39.3054877, -13.3323604 ], [ -39.3054044, -13.3323605 ], [ -39.3054045, -13.332432 ], [ -39.3054878, -13.3324319 ], [ -39.3054877, -13.3323604 ] ] ] } },
{ "type": "Feature", "properties": { "id_copa": 1242, "talhao": "T17B" }, "geometry": { "type": "Polygon", "coordinates": [ [ [ -39.305864, -13.3320971 ], [ -39.3057681, -13.3320972 ], [ -39.3057682, -13.3321757 ], [ -39.3058641, -13.3321756 ], [ -39.305864, -13.3320971 ] ] ] } },
{ "type": "Feature", "properties": { "id_copa": 1352, "talhao": "T17B" }, "geometry": { "type": "Polygon", "coordinates": [ [ [ -39.3060157, -13.3319156 ], [ -39.3059512, -13.3319157 ], [ -39.3059513, -13.3319763 ], [ -39.3060158, -13.3319762 ], [ -39.3060157, -13.3319156 ] ] ] } },
{ "type": "Feature", "properties": { "id_copa": 1387, "talhao": "T17B" }, "geometry": { "type": "Polygon", "coordinates": [ [ [ -39.3058519, -13.3317375 ], [ -39.3057735, -13.3317376 ], [ -39.3057735, -13.3318094 ], [ -39.305852, -13.3318093 ], [ -39.3058519, -13.3317375 ] ] ] } },
{ "type": "Feature", "properties": { "id_copa": 1408, "talhao": "T17B" }, "geometry": { "type": "Polygon", "coordinates": [ [ [ -39.3058619, -13.3331299 ], [ -39.3057932, -13.33313 ], [ -39.3057933, -13.3332001 ], [ -39.305862, -13.3332 ], [ -39.3058619, -13.3331299 ] ] ] } },
{ "type": "Feature", "properties": { "id_copa": 1411, "talhao": "T17B" }, "geometry": { "type": "Polygon", "coordinates": [ [ [ -39.3059965, -13.3313933 ], [ -39.3059049, -13.3313934 ], [ -39.305905, -13.3314653 ], [ -39.3059966, -13.3314652 ], [ -39.3059965, -13.3313933 ] ] ] } },
{ "type": "Feature", "properties": { "id_copa": 1413, "talhao": "T17B" }, "geometry": { "type": "Polygon", "coordinates": [ [ [ -39.3056613, -13.3322186 ], [ -39.3055846, -13.3322187 ], [ -39.3055847, -13.3323247 ], [ -39.3056614, -13.3323246 ], [ -39.3056613, -13.3322186 ] ] ] } },
{ "type": "Feature", "properties": { "id_copa": 1496, "talhao": "T17B" }, "geometry": { "type": "Polygon", "coordinates": [ [ [ -39.3060121, -13.3317682 ], [ -39.3059404, -13.3317683 ], [ -39.3059405, -13.3318419 ], [ -39.3060122, -13.3318418 ], [ -39.3060121, -13.3317682 ] ] ] } },
{ "type": "Feature", "properties": { "id_copa": 1559, "talhao": "T17B" }, "geometry": { "type": "Polygon", "coordinates": [ [ [ -39.3058187, -13.3323828 ], [ -39.3057324, -13.3323829 ], [ -39.3057325, -13.3324509 ], [ -39.3058188, -13.3324508 ], [ -39.3058187, -13.3323828 ] ] ] } },
{ "type": "Feature", "properties": { "id_copa": 1731, "talhao": "T17B" }, "geometry": { "type": "Polygon", "coordinates": [ [ [ -39.3057273, -13.3322146 ], [ -39.3056539, -13.3322147 ], [ -39.305654, -13.332304 ], [ -39.3057274, -13.3323039 ], [ -39.3057273, -13.3322146 ] ] ] } },
{ "type": "Feature", "properties": { "id_copa": 1743, "talhao": "T17B" }, "geometry": { "type": "Polygon", "coordinates": [ [ [ -39.3057174, -13.3323841 ], [ -39.3056711, -13.3323841 ], [ -39.3056712, -13.3324438 ], [ -39.3057175, -13.3324437 ], [ -39.3057174, -13.3323841 ] ] ] } },
{ "type": "Feature", "properties": { "id_copa": 1862, "talhao": "T17B" }, "geometry": { "type": "Polygon", "coordinates": [ [ [ -39.3058662, -13.3321692 ], [ -39.3058243, -13.3321693 ], [ -39.3058243, -13.3322107 ], [ -39.3058662, -13.3322107 ], [ -39.3058662, -13.3321692 ] ] ] } },
{ "type": "Feature", "properties": { "id_copa": 1870, "talhao": "T17B" }, "geometry": { "type": "Polygon", "coordinates": [ [ [ -39.3054556, -13.332093 ], [ -39.3054224, -13.332093 ], [ -39.3054224, -13.3321285 ], [ -39.3054556, -13.3321285 ], [ -39.3054556, -13.332093 ] ] ] } },
{ "type": "Feature", "properties": { "id_copa": 1872, "talhao": "T17B" }, "geometry": { "type": "Polygon", "coordinates": [ [ [ -39.3057358, -13.331863 ], [ -39.305678, -13.331863 ], [ -39.3056781, -13.3319116 ], [ -39.3057358, -13.3319116 ], [ -39.3057358, -13.331863 ] ] ] } },
{ "type": "Feature", "properties": { "id_copa": 71, "talhao": "T17C" }, "geometry": { "type": "Polygon", "coordinates": [ [ [ -39.3073832, -13.3315672 ], [ -39.3073106, -13.3315673 ], [ -39.3073107, -13.3316349 ], [ -39.3073833, -13.3316349 ], [ -39.3073832, -13.3315672 ] ] ] } },
{ "type": "Feature", "properties": { "id_copa": 97, "talhao": "T17C" }, "geometry": { "type": "Polygon", "coordinates": [ [ [ -39.3065935, -13.3315473 ], [ -39.3065111, -13.3315474 ], [ -39.3065112, -13.3316352 ], [ -39.3065936, -13.3316351 ], [ -39.3065935, -13.3315473 ] ] ] } },
{ "type": "Feature", "properties": { "id_copa": 157, "talhao": "T17C" }, "geometry": { "type": "Polygon", "coordinates": [ [ [ -39.3068865, -13.3316058 ], [ -39.3067647, -13.3316059 ], [ -39.3067648, -13.3317085 ], [ -39.3068866, -13.3317084 ], [ -39.3068865, -13.3316058 ] ] ] } },
{ "type": "Feature", "properties": { "id_copa": 206, "talhao": "T17C" }, "geometry": { "type": "Polygon", "coordinates": [ [ [ -39.3061339, -13.3314714 ], [ -39.3060575, -13.3314715 ], [ -39.3060576, -13.3315577 ], [ -39.306134, -13.3315576 ], [ -39.3061339, -13.3314714 ] ] ] } },
{ "type": "Feature", "properties": { "id_copa": 287, "talhao": "T17C" }, "geometry": { "type": "Polygon", "coordinates": [ [ [ -39.3069455, -13.3313217 ], [ -39.3068436, -13.3313218 ], [ -39.3068437, -13.3314263 ], [ -39.3069457, -13.3314262 ], [ -39.3069455, -13.3313217 ] ] ] } },
{ "type": "Feature", "properties": { "id_copa": 449, "talhao": "T17C" }, "geometry": { "type": "Polygon", "coordinates": [ [ [ -39.3067624, -13.3314856 ], [ -39.3066602, -13.3314857 ], [ -39.3066603, -13.3315997 ], [ -39.3067625, -13.3315996 ], [ -39.3067624, -13.3314856 ] ] ] } },
{ "type": "Feature", "properties": { "id_copa": 505, "talhao": "T17C" }, "geometry": { "type": "Polygon", "coordinates": [ [ [ -39.3075021, -13.3312919 ], [ -39.3073867, -13.3312921 ], [ -39.3073868, -13.3314115 ], [ -39.3075022, -13.3314114 ], [ -39.3075021, -13.3312919 ] ] ] } },
{ "type": "Feature", "properties": { "id_copa": 611, "talhao": "T17C" }, "geometry": { "type": "Polygon", "coordinates": [ [ [ -39.3073962, -13.3312704 ], [ -39.3072802, -13.3312706 ], [ -39.3072804, -13.331379 ], [ -39.3073963, -13.3313788 ], [ -39.3073962, -13.3312704 ] ] ] } },
{ "type": "Feature", "properties": { "id_copa": 732, "talhao": "T17C" }, "geometry": { "type": "Polygon", "coordinates": [ [ [ -39.3074587, -13.3314626 ], [ -39.3073182, -13.3314628 ], [ -39.3073183, -13.3315791 ], [ -39.3074589, -13.3315789 ], [ -39.3074587, -13.3314626 ] ] ] } },
{ "type": "Feature", "properties": { "id_copa": 1069, "talhao": "T17C" }, "geometry": { "type": "Polygon", "coordinates": [ [ [ -39.3070781, -13.3312027 ], [ -39.3069999, -13.3312028 ], [ -39.307, -13.331294 ], [ -39.3070783, -13.3312939 ], [ -39.3070781, -13.3312027 ] ] ] } },
{ "type": "Feature", "properties": { "id_copa": 1101, "talhao": "T17C" }, "geometry": { "type": "Polygon", "coordinates": [ [ [ -39.3070129, -13.3315508 ], [ -39.306914, -13.3315509 ], [ -39.3069141, -13.3316691 ], [ -39.3070131, -13.331669 ], [ -39.3070129, -13.3315508 ] ] ] } },
{ "type": "Feature", "properties": { "id_copa": 1112, "talhao": "T17C" }, "geometry": { "type": "Polygon", "coordinates": [ [ [ -39.3073127, -13.3312462 ], [ -39.3072174, -13.3312463 ], [ -39.3072175, -13.3313385 ], [ -39.3073129, -13.3313384 ], [ -39.3073127, -13.3312462 ] ] ] } },
{ "type": "Feature", "properties": { "id_copa": 1253, "talhao": "T17C" }, "geometry": { "type": "Polygon", "coordinates": [ [ [ -39.3072864, -13.3315602 ], [ -39.3072265, -13.3315603 ], [ -39.3072265, -13.3316046 ], [ -39.3072864, -13.3316045 ], [ -39.3072864, -13.3315602 ] ] ] } },
{ "type": "Feature", "properties": { "id_copa": 1296, "talhao": "T17C" }, "geometry": { "type": "Polygon", "coordinates": [ [ [ -39.3068693, -13.3315182 ], [ -39.3067663, -13.3315183 ], [ -39.3067664, -13.3316092 ], [ -39.3068694, -13.3316091 ], [ -39.3068693, -13.3315182 ] ] ] } },
{ "type": "Feature", "properties": { "id_copa": 1318, "talhao": "T17C" }, "geometry": { "type": "Polygon", "coordinates": [ [ [ -39.3072342, -13.3315212 ], [ -39.3071658, -13.3315213 ], [ -39.3071659, -13.3316064 ], [ -39.3072343, -13.3316064 ], [ -39.3072342, -13.3315212 ] ] ] } },
{ "type": "Feature", "properties": { "id_copa": 1334, "talhao": "T17C" }, "geometry": { "type": "Polygon", "coordinates": [ [ [ -39.3073213, -13.3314302 ], [ -39.307215, -13.3314303 ], [ -39.3072152, -13.3315509 ], [ -39.3073215, -13.3315508 ], [ -39.3073213, -13.3314302 ] ] ] } },
{ "type": "Feature", "properties": { "id_copa": 1357, "talhao": "T17C" }, "geometry": { "type": "Polygon", "coordinates": [ [ [ -39.307347, -13.3316374 ], [ -39.307243, -13.3316376 ], [ -39.3072432, -13.3317406 ], [ -39.3073471, -13.3317405 ], [ -39.307347, -13.3316374 ] ] ] } },
{ "type": "Feature", "properties": { "id_copa": 1439, "talhao": "T17C" }, "geometry": { "type": "Polygon", "coordinates": [ [ [ -39.3069573, -13.3315334 ], [ -39.3068807, -13.3315335 ], [ -39.3068808, -13.3316203 ], [ -39.3069574, -13.3316202 ], [ -39.3069573, -13.3315334 ] ] ] } },
{ "type": "Feature", "properties": { "id_copa": 1491, "talhao": "T17C" }, "geometry": { "type": "Polygon", "coordinates": [ [ [ -39.3072297, -13.3312425 ], [ -39.3071217, -13.3312426 ], [ -39.3071218, -13.3313245 ], [ -39.3072298, -13.3313244 ], [ -39.3072297, -13.3312425 ] ] ] } },
{ "type": "Feature", "properties": { "id_copa": 1509, "talhao": "T17C" }, "geometry": { "type": "Polygon", "coordinates": [ [ [ -39.3069161, -13.3314594 ], [ -39.3068508, -13.3314595 ], [ -39.3068509, -13.3315171 ], [ -39.3069162, -13.331517 ], [ -39.3069161, -13.3314594 ] ] ] } },
{ "type": "Feature", "properties": { "id_copa": 1542, "talhao": "T17C" }, "geometry": { "type": "Polygon", "coordinates": [ [ [ -39.3071173, -13.3313946 ], [ -39.3070308, -13.3313947 ], [ -39.3070309, -13.3315 ], [ -39.3071174, -13.3314999 ], [ -39.3071173, -13.3313946 ] ] ] } },
{ "type": "Feature", "properties": { "id_copa": 1580, "talhao": "T17C" }, "geometry": { "type": "Polygon", "coordinates": [ [ [ -39.3070549, -13.3313667 ], [ -39.3069519, -13.3313669 ], [ -39.3069521, -13.3314719 ], [ -39.307055, -13.3314718 ], [ -39.3070549, -13.3313667 ] ] ] } },
{ "type": "Feature", "properties": { "id_copa": 1621, "talhao": "T17C" }, "geometry": { "type": "Polygon", "coordinates": [ [ [ -39.3064527, -13.3312108 ], [ -39.3063685, -13.3312109 ], [ -39.3063686, -13.3312943 ], [ -39.3064528, -13.3312942 ], [ -39.3064527, -13.3312108 ] ] ] } },
{ "type": "Feature", "properties": { "id_copa": 1709, "talhao": "T17C" }, "geometry": { "type": "Polygon", "coordinates": [ [ [ -39.3073482, -13.3314724 ], [ -39.307314, -13.3314725 ], [ -39.307314, -13.3315194 ], [ -39.3073483, -13.3315194 ], [ -39.3073482, -13.3314724 ] ] ] } },
{ "type": "Feature", "properties": { "id_copa": 1788, "talhao": "T17C" }, "geometry": { "type": "Polygon", "coordinates": [ [ [ -39.3071224, -13.3315828 ], [ -39.3070142, -13.3315829 ], [ -39.3070143, -13.3316759 ], [ -39.3071225, -13.3316757 ], [ -39.3071224, -13.3315828 ] ] ] } },
{ "type": "Feature", "properties": { "id_copa": 1858, "talhao": "T17C" }, "geometry": { "type": "Polygon", "coordinates": [ [ [ -39.3070108, -13.3311885 ], [ -39.3069384, -13.3311886 ], [ -39.3069385, -13.3312626 ], [ -39.3070109, -13.3312625 ], [ -39.3070108, -13.3311885 ] ] ] } },
{ "type": "Feature", "properties": { "id_copa": 35, "talhao": "T17D" }, "geometry": { "type": "Polygon", "coordinates": [ [ [ -39.3079635, -13.3322905 ], [ -39.3079183, -13.3322906 ], [ -39.3079183, -13.3323343 ], [ -39.3079635, -13.3323342 ], [ -39.3079635, -13.3322905 ] ] ] } },
{ "type": "Feature", "properties": { "id_copa": 37, "talhao": "T17D" }, "geometry": { "type": "Polygon", "coordinates": [ [ [ -39.3075253, -13.3319891 ], [ -39.3074771, -13.3319892 ], [ -39.3074772, -13.3320356 ], [ -39.3075253, -13.3320355 ], [ -39.3075253, -13.3319891 ] ] ] } },
{ "type": "Feature", "properties": { "id_copa": 41, "talhao": "T17D" }, "geometry": { "type": "Polygon", "coordinates": [ [ [ -39.3074127, -13.331666 ], [ -39.3073446, -13.3316661 ], [ -39.3073447, -13.3317401 ], [ -39.3074128, -13.3317401 ], [ -39.3074127, -13.331666 ] ] ] } },
{ "type": "Feature", "properties": { "id_copa": 217, "talhao": "T17D" }, "geometry": { "type": "Polygon", "coordinates": [ [ [ -39.3074953, -13.3316818 ], [ -39.3073995, -13.3316819 ], [ -39.3073997, -13.3317736 ], [ -39.3074954, -13.3317735 ], [ -39.3074953, -13.3316818 ] ] ] } },
{ "type": "Feature", "properties": { "id_copa": 223, "talhao": "T17D" }, "geometry": { "type": "Polygon", "coordinates": [ [ [ -39.3076027, -13.3322833 ], [ -39.3075537, -13.3322834 ], [ -39.3075537, -13.3323253 ], [ -39.3076027, -13.3323252 ], [ -39.3076027, -13.3322833 ] ] ] } },
{ "type": "Feature", "properties": { "id_copa": 698, "talhao": "T17D" }, "geometry": { "type": "Polygon", "coordinates": [ [ [ -39.3079258, -13.3324327 ], [ -39.3078696, -13.3324328 ], [ -39.3078697, -13.3324929 ], [ -39.3079258, -13.3324928 ], [ -39.3079258, -13.3324327 ] ] ] } },
{ "type": "Feature", "properties": { "id_copa": 709, "talhao": "T17D" }, "geometry": { "type": "Polygon", "coordinates": [ [ [ -39.3078577, -13.3322954 ], [ -39.3078196, -13.3322954 ], [ -39.3078196, -13.3323275 ], [ -39.3078578, -13.3323274 ], [ -39.3078577, -13.3322954 ] ] ] } },
{ "type": "Feature", "properties": { "id_copa": 1048, "talhao": "T17D" }, "geometry": { "type": "Polygon", "coordinates": [ [ [ -39.3077142, -13.3323822 ], [ -39.3076575, -13.3323823 ], [ -39.3076576, -13.3324358 ], [ -39.3077142, -13.3324358 ], [ -39.3077142, -13.3323822 ] ] ] } },
{ "type": "Feature", "properties": { "id_copa": 1161, "talhao": "T17D" }, "geometry": { "type": "Polygon", "coordinates": [ [ [ -39.3078015, -13.3323146 ], [ -39.3077463, -13.3323147 ], [ -39.3077464, -13.3323839 ], [ -39.3078016, -13.3323838 ], [ -39.3078015, -13.3323146 ] ] ] } },
{ "type": "Feature", "properties": { "id_copa": 52, "talhao": "T17E" }, "geometry": { "type": "Polygon", "coordinates": [ [ [ -39.3060731, -13.3318509 ], [ -39.3059889, -13.331851 ], [ -39.305989, -13.3319516 ], [ -39.3060732, -13.3319515 ], [ -39.3060731, -13.3318509 ] ] ] } },
{ "type": "Feature", "properties": { "id_copa": 788, "talhao": "T17E" }, "geometry": { "type": "Polygon", "coordinates": [ [ [ -39.3061568, -13.3317135 ], [ -39.3060612, -13.3317136 ], [ -39.3060613, -13.3318025 ], [ -39.3061569, -13.3318024 ], [ -39.3061568, -13.3317135 ] ] ] } },
{ "type": "Feature", "properties": { "id_copa": 789, "talhao": "T17E" }, "geometry": { "type": "Polygon", "coordinates": [ [ [ -39.3060458, -13.3320672 ], [ -39.3060028, -13.3320673 ], [ -39.3060028, -13.3321113 ], [ -39.3060459, -13.3321112 ], [ -39.3060458, -13.3320672 ] ] ] } },
{ "type": "Feature", "properties": { "id_copa": 1407, "talhao": "T17E" }, "geometry": { "type": "Polygon", "coordinates": [ [ [ -39.3062069, -13.331635 ], [ -39.3061374, -13.3316351 ], [ -39.3061375, -13.3317062 ], [ -39.306207, -13.3317062 ], [ -39.3062069, -13.331635 ] ] ] } },
{ "type": "Feature", "properties": { "id_copa": 156, "talhao": "T17F" }, "geometry": { "type": "Polygon", "coordinates": [ [ [ -39.3069199, -13.3322709 ], [ -39.3068322, -13.332271 ], [ -39.3068323, -13.3323457 ], [ -39.30692, -13.3323456 ], [ -39.3069199, -13.3322709 ] ] ] } },
{ "type": "Feature", "properties": { "id_copa": 5, "talhao": "T18" }, "geometry": { "type": "Polygon", "coordinates": [ [ [ -39.308684, -13.3297603 ], [ -39.308602, -13.3297604 ], [ -39.3086021, -13.329843 ], [ -39.3086841, -13.3298429 ], [ -39.308684, -13.3297603 ] ] ] } },
{ "type": "Feature", "properties": { "id_copa": 9, "talhao": "T18" }, "geometry": { "type": "Polygon", "coordinates": [ [ [ -39.3090039, -13.3296602 ], [ -39.3089126, -13.3296603 ], [ -39.3089127, -13.3297529 ], [ -39.309004, -13.3297528 ], [ -39.3090039, -13.3296602 ] ] ] } },
{ "type": "Feature", "properties": { "id_copa": 13, "talhao": "T18" }, "geometry": { "type": "Polygon", "coordinates": [ [ [ -39.3085637, -13.3302368 ], [ -39.3084749, -13.3302369 ], [ -39.308475, -13.3303303 ], [ -39.3085638, -13.3303302 ], [ -39.3085637, -13.3302368 ] ] ] } },
{ "type": "Feature", "properties": { "id_copa": 17, "talhao": "T18" }, "geometry": { "type": "Polygon", "coordinates": [ [ [ -39.3090264, -13.3300054 ], [ -39.3089512, -13.3300055 ], [ -39.3089513, -13.33009 ], [ -39.3090265, -13.3300899 ], [ -39.3090264, -13.3300054 ] ] ] } },
{ "type": "Feature", "properties": { "id_copa": 32, "talhao": "T18" }, "geometry": { "type": "Polygon", "coordinates": [ [ [ -39.3089946, -13.3297516 ], [ -39.3089136, -13.3297517 ], [ -39.3089136, -13.3298222 ], [ -39.3089947, -13.3298221 ], [ -39.3089946, -13.3297516 ] ] ] } },
{ "type": "Feature", "properties": { "id_copa": 34, "talhao": "T18" }, "geometry": { "type": "Polygon", "coordinates": [ [ [ -39.3087001, -13.3300782 ], [ -39.3086073, -13.3300783 ], [ -39.3086074, -13.3301738 ], [ -39.3087002, -13.3301737 ], [ -39.3087001, -13.3300782 ] ] ] } },
{ "type": "Feature", "properties": { "id_copa": 43, "talhao": "T18" }, "geometry": { "type": "Polygon", "coordinates": [ [ [ -39.3089302, -13.3301452 ], [ -39.3088354, -13.3301453 ], [ -39.3088355, -13.3302243 ], [ -39.3089303, -13.3302242 ], [ -39.3089302, -13.3301452 ] ] ] } },
{ "type": "Feature", "properties": { "id_copa": 53, "talhao": "T18" }, "geometry": { "type": "Polygon", "coordinates": [ [ [ -39.3086089, -13.3301492 ], [ -39.3085125, -13.3301494 ], [ -39.3085126, -13.3302393 ], [ -39.308609, -13.3302392 ], [ -39.3086089, -13.3301492 ] ] ] } },
{ "type": "Feature", "properties": { "id_copa": 86, "talhao": "T18" }, "geometry": { "type": "Polygon", "coordinates": [ [ [ -39.3090197, -13.3298548 ], [ -39.3089477, -13.3298549 ], [ -39.3089479, -13.3299563 ], [ -39.3090198, -13.3299562 ], [ -39.3090197, -13.3298548 ] ] ] } },
{ "type": "Feature", "properties": { "id_copa": 112, "talhao": "T18" }, "geometry": { "type": "Polygon", "coordinates": [ [ [ -39.3086745, -13.3298606 ], [ -39.3086106, -13.3298606 ], [ -39.3086106, -13.3299303 ], [ -39.3086746, -13.3299303 ], [ -39.3086745, -13.3298606 ] ] ] } },
{ "type": "Feature", "properties": { "id_copa": 142, "talhao": "T18" }, "geometry": { "type": "Polygon", "coordinates": [ [ [ -39.3087001, -13.3295138 ], [ -39.3086391, -13.3295139 ], [ -39.3086391, -13.3295785 ], [ -39.3087002, -13.3295784 ], [ -39.3087001, -13.3295138 ] ] ] } },
{ "type": "Feature", "properties": { "id_copa": 175, "talhao": "T18" }, "geometry": { "type": "Polygon", "coordinates": [ [ [ -39.3090045, -13.3301002 ], [ -39.3089466, -13.3301003 ], [ -39.3089467, -13.3301594 ], [ -39.3090046, -13.3301593 ], [ -39.3090045, -13.3301002 ] ] ] } },
{ "type": "Feature", "properties": { "id_copa": 181, "talhao": "T18" }, "geometry": { "type": "Polygon", "coordinates": [ [ [ -39.3088146, -13.3297884 ], [ -39.308713, -13.3297885 ], [ -39.3087131, -13.3298768 ], [ -39.3088147, -13.3298767 ], [ -39.3088146, -13.3297884 ] ] ] } },
{ "type": "Feature", "properties": { "id_copa": 208, "talhao": "T18" }, "geometry": { "type": "Polygon", "coordinates": [ [ [ -39.3091123, -13.3301462 ], [ -39.309054, -13.3301463 ], [ -39.3090541, -13.3301817 ], [ -39.3091123, -13.3301816 ], [ -39.3091123, -13.3301462 ] ] ] } },
{ "type": "Feature", "properties": { "id_copa": 218, "talhao": "T18" }, "geometry": { "type": "Polygon", "coordinates": [ [ [ -39.3092147, -13.3297258 ], [ -39.3091357, -13.3297259 ], [ -39.3091358, -13.329797 ], [ -39.3092148, -13.3297969 ], [ -39.3092147, -13.3297258 ] ] ] } },
{ "type": "Feature", "properties": { "id_copa": 241, "talhao": "T18" }, "geometry": { "type": "Polygon", "coordinates": [ [ [ -39.308782, -13.3295854 ], [ -39.3087007, -13.3295855 ], [ -39.3087008, -13.329676 ], [ -39.3087821, -13.3296759 ], [ -39.308782, -13.3295854 ] ] ] } },
{ "type": "Feature", "properties": { "id_copa": 583, "talhao": "T18" }, "geometry": { "type": "Polygon", "coordinates": [ [ [ -39.3088208, -13.3301263 ], [ -39.3087278, -13.3301264 ], [ -39.3087279, -13.3302059 ], [ -39.3088209, -13.3302058 ], [ -39.3088208, -13.3301263 ] ] ] } },
{ "type": "Feature", "properties": { "id_copa": 715, "talhao": "T18" }, "geometry": { "type": "Polygon", "coordinates": [ [ [ -39.3087958, -13.3296783 ], [ -39.3086922, -13.3296784 ], [ -39.3086923, -13.3297853 ], [ -39.3087959, -13.3297852 ], [ -39.3087958, -13.3296783 ] ] ] } },
{ "type": "Feature", "properties": { "id_copa": 815, "talhao": "T18" }, "geometry": { "type": "Polygon", "coordinates": [ [ [ -39.309199, -13.3298236 ], [ -39.3091209, -13.3298237 ], [ -39.309121, -13.3298981 ], [ -39.3091991, -13.329898 ], [ -39.309199, -13.3298236 ] ] ] } },
{ "type": "Feature", "properties": { "id_copa": 822, "talhao": "T18" }, "geometry": { "type": "Polygon", "coordinates": [ [ [ -39.3091202, -13.3298898 ], [ -39.3090241, -13.32989 ], [ -39.3090242, -13.3299761 ], [ -39.3091203, -13.329976 ], [ -39.3091202, -13.3298898 ] ] ] } },
{ "type": "Feature", "properties": { "id_copa": 959, "talhao": "T18" }, "geometry": { "type": "Polygon", "coordinates": [ [ [ -39.3088306, -13.3302359 ], [ -39.3087859, -13.3302359 ], [ -39.3087859, -13.3302657 ], [ -39.3088307, -13.3302656 ], [ -39.3088306, -13.3302359 ] ] ] } },
{ "type": "Feature", "properties": { "id_copa": 960, "talhao": "T18" }, "geometry": { "type": "Polygon", "coordinates": [ [ [ -39.3083025, -13.3290776 ], [ -39.3082326, -13.3290777 ], [ -39.3082327, -13.3291567 ], [ -39.3083026, -13.3291566 ], [ -39.3083025, -13.3290776 ] ] ] } },
{ "type": "Feature", "properties": { "id_copa": 1019, "talhao": "T18" }, "geometry": { "type": "Polygon", "coordinates": [ [ [ -39.3091422, -13.3295559 ], [ -39.3091093, -13.3295559 ], [ -39.3091093, -13.3295917 ], [ -39.3091422, -13.3295916 ], [ -39.3091422, -13.3295559 ] ] ] } },
{ "type": "Feature", "properties": { "id_copa": 1054, "talhao": "T18" }, "geometry": { "type": "Polygon", "coordinates": [ [ [ -39.308813, -13.329878 ], [ -39.3087184, -13.3298781 ], [ -39.3087185, -13.3299666 ], [ -39.3088131, -13.3299665 ], [ -39.308813, -13.329878 ] ] ] } },
{ "type": "Feature", "properties": { "id_copa": 1388, "talhao": "T18" }, "geometry": { "type": "Polygon", "coordinates": [ [ [ -39.3089046, -13.3298019 ], [ -39.3088224, -13.329802 ], [ -39.3088225, -13.3299203 ], [ -39.3089048, -13.3299202 ], [ -39.3089046, -13.3298019 ] ] ] } },
{ "type": "Feature", "properties": { "id_copa": 1637, "talhao": "T18" }, "geometry": { "type": "Polygon", "coordinates": [ [ [ -39.3091221, -13.3300813 ], [ -39.3090211, -13.3300814 ], [ -39.3090212, -13.3301489 ], [ -39.3091222, -13.3301488 ], [ -39.3091221, -13.3300813 ] ] ] } },
{ "type": "Feature", "properties": { "id_copa": 1648, "talhao": "T18" }, "geometry": { "type": "Polygon", "coordinates": [ [ [ -39.3084971, -13.3297388 ], [ -39.3084352, -13.3297389 ], [ -39.3084352, -13.3297847 ], [ -39.3084971, -13.3297846 ], [ -39.3084971, -13.3297388 ] ] ] } },
{ "type": "Feature", "properties": { "id_copa": 8, "talhao": "T1" }, "geometry": { "type": "Polygon", "coordinates": [ [ [ -39.3112427, -13.3336954 ], [ -39.3111553, -13.3336955 ], [ -39.3111554, -13.3337741 ], [ -39.3112428, -13.333774 ], [ -39.3112427, -13.3336954 ] ] ] } },
{ "type": "Feature", "properties": { "id_copa": 15, "talhao": "T1" }, "geometry": { "type": "Polygon", "coordinates": [ [ [ -39.312335, -13.3324118 ], [ -39.3122588, -13.3324119 ], [ -39.3122589, -13.3324826 ], [ -39.3123351, -13.3324825 ], [ -39.312335, -13.3324118 ] ] ] } },
{ "type": "Feature", "properties": { "id_copa": 22, "talhao": "T1" }, "geometry": { "type": "Polygon", "coordinates": [ [ [ -39.3110512, -13.3329032 ], [ -39.3109728, -13.3329033 ], [ -39.3109729, -13.3329565 ], [ -39.3110513, -13.3329564 ], [ -39.3110512, -13.3329032 ] ] ] } },
{ "type": "Feature", "properties": { "id_copa": 56, "talhao": "T1" }, "geometry": { "type": "Polygon", "coordinates": [ [ [ -39.3109036, -13.3336809 ], [ -39.3108189, -13.333681 ], [ -39.310819, -13.3337696 ], [ -39.3109037, -13.3337695 ], [ -39.3109036, -13.3336809 ] ] ] } },
{ "type": "Feature", "properties": { "id_copa": 73, "talhao": "T1" }, "geometry": { "type": "Polygon", "coordinates": [ [ [ -39.311291, -13.3333959 ], [ -39.3111998, -13.333396 ], [ -39.3112, -13.3335106 ], [ -39.3112912, -13.3335105 ], [ -39.311291, -13.3333959 ] ] ] } },
{ "type": "Feature", "properties": { "id_copa": 74, "talhao": "T1" }, "geometry": { "type": "Polygon", "coordinates": [ [ [ -39.3110283, -13.3330496 ], [ -39.3109639, -13.3330496 ], [ -39.310964, -13.3331106 ], [ -39.3110283, -13.3331105 ], [ -39.3110283, -13.3330496 ] ] ] } },
{ "type": "Feature", "properties": { "id_copa": 84, "talhao": "T1" }, "geometry": { "type": "Polygon", "coordinates": [ [ [ -39.3106026, -13.3339956 ], [ -39.3105318, -13.3339956 ], [ -39.3105319, -13.3340691 ], [ -39.3106027, -13.334069 ], [ -39.3106026, -13.3339956 ] ] ] } },
{ "type": "Feature", "properties": { "id_copa": 88, "talhao": "T1" }, "geometry": { "type": "Polygon", "coordinates": [ [ [ -39.3107868, -13.3337139 ], [ -39.3106992, -13.333714 ], [ -39.3106993, -13.3337914 ], [ -39.3107869, -13.3337913 ], [ -39.3107868, -13.3337139 ] ] ] } },
{ "type": "Feature", "properties": { "id_copa": 90, "talhao": "T1" }, "geometry": { "type": "Polygon", "coordinates": [ [ [ -39.3112734, -13.3335576 ], [ -39.3111438, -13.3335577 ], [ -39.311144, -13.3336769 ], [ -39.3112736, -13.3336767 ], [ -39.3112734, -13.3335576 ] ] ] } },
{ "type": "Feature", "properties": { "id_copa": 93, "talhao": "T1" }, "geometry": { "type": "Polygon", "coordinates": [ [ [ -39.3110346, -13.3331922 ], [ -39.3109727, -13.3331922 ], [ -39.3109728, -13.3332562 ], [ -39.3110347, -13.3332561 ], [ -39.3110346, -13.3331922 ] ] ] } },
{ "type": "Feature", "properties": { "id_copa": 95, "talhao": "T1" }, "geometry": { "type": "Polygon", "coordinates": [ [ [ -39.3113767, -13.3326143 ], [ -39.3112964, -13.3326144 ], [ -39.3112966, -13.3327097 ], [ -39.3113768, -13.3327096 ], [ -39.3113767, -13.3326143 ] ] ] } },
{ "type": "Feature", "properties": { "id_copa": 98, "talhao": "T1" }, "geometry": { "type": "Polygon", "coordinates": [ [ [ -39.3106191, -13.3341285 ], [ -39.31053, -13.3341286 ], [ -39.3105301, -13.3342061 ], [ -39.3106192, -13.334206 ], [ -39.3106191, -13.3341285 ] ] ] } },
{ "type": "Feature", "properties": { "id_copa": 133, "talhao": "T1" }, "geometry": { "type": "Polygon", "coordinates": [ [ [ -39.3116225, -13.3326002 ], [ -39.3115341, -13.3326003 ], [ -39.3115342, -13.3327013 ], [ -39.3116226, -13.3327012 ], [ -39.3116225, -13.3326002 ] ] ] } },
{ "type": "Feature", "properties": { "id_copa": 151, "talhao": "T1" }, "geometry": { "type": "Polygon", "coordinates": [ [ [ -39.3104339, -13.3340554 ], [ -39.3103433, -13.3340555 ], [ -39.3103434, -13.3341542 ], [ -39.310434, -13.3341541 ], [ -39.3104339, -13.3340554 ] ] ] } },
{ "type": "Feature", "properties": { "id_copa": 165, "talhao": "T1" }, "geometry": { "type": "Polygon", "coordinates": [ [ [ -39.3108327, -13.3335441 ], [ -39.3107534, -13.3335442 ], [ -39.3107535, -13.3336347 ], [ -39.3108328, -13.3336346 ], [ -39.3108327, -13.3335441 ] ] ] } },
{ "type": "Feature", "properties": { "id_copa": 186, "talhao": "T1" }, "geometry": { "type": "Polygon", "coordinates": [ [ [ -39.3113498, -13.3333195 ], [ -39.3112897, -13.3333195 ], [ -39.3112898, -13.3333683 ], [ -39.3113499, -13.3333682 ], [ -39.3113498, -13.3333195 ] ] ] } },
{ "type": "Feature", "properties": { "id_copa": 187, "talhao": "T1" }, "geometry": { "type": "Polygon", "coordinates": [ [ [ -39.3121847, -13.3326195 ], [ -39.3120987, -13.3326196 ], [ -39.3120988, -13.3326971 ], [ -39.3121848, -13.332697 ], [ -39.3121847, -13.3326195 ] ] ] } },
{ "type": "Feature", "properties": { "id_copa": 188, "talhao": "T1" }, "geometry": { "type": "Polygon", "coordinates": [ [ [ -39.3117508, -13.3327024 ], [ -39.3116741, -13.3327025 ], [ -39.3116742, -13.3327699 ], [ -39.3117509, -13.3327698 ], [ -39.3117508, -13.3327024 ] ] ] } },
{ "type": "Feature", "properties": { "id_copa": 196, "talhao": "T1" }, "geometry": { "type": "Polygon", "coordinates": [ [ [ -39.3105595, -13.3340826 ], [ -39.3104634, -13.3340827 ], [ -39.3104635, -13.3341616 ], [ -39.3105596, -13.3341614 ], [ -39.3105595, -13.3340826 ] ] ] } },
{ "type": "Feature", "properties": { "id_copa": 199, "talhao": "T1" }, "geometry": { "type": "Polygon", "coordinates": [ [ [ -39.3110367, -13.3327208 ], [ -39.3109805, -13.3327208 ], [ -39.3109806, -13.332769 ], [ -39.3110368, -13.3327689 ], [ -39.3110367, -13.3327208 ] ] ] } },
{ "type": "Feature", "properties": { "id_copa": 213, "talhao": "T1" }, "geometry": { "type": "Polygon", "coordinates": [ [ [ -39.3112954, -13.3329093 ], [ -39.3111984, -13.3329094 ], [ -39.3111985, -13.333001 ], [ -39.3112955, -13.3330009 ], [ -39.3112954, -13.3329093 ] ] ] } },
{ "type": "Feature", "properties": { "id_copa": 228, "talhao": "T1" }, "geometry": { "type": "Polygon", "coordinates": [ [ [ -39.312444, -13.3324177 ], [ -39.3123401, -13.3324178 ], [ -39.3123402, -13.3325124 ], [ -39.3124441, -13.3325123 ], [ -39.312444, -13.3324177 ] ] ] } },
{ "type": "Feature", "properties": { "id_copa": 230, "talhao": "T1" }, "geometry": { "type": "Polygon", "coordinates": [ [ [ -39.310807, -13.3341666 ], [ -39.3107222, -13.3341667 ], [ -39.3107224, -13.3342857 ], [ -39.3108071, -13.3342856 ], [ -39.310807, -13.3341666 ] ] ] } },
{ "type": "Feature", "properties": { "id_copa": 232, "talhao": "T1" }, "geometry": { "type": "Polygon", "coordinates": [ [ [ -39.3106146, -13.333728 ], [ -39.3105089, -13.3337281 ], [ -39.310509, -13.3338201 ], [ -39.3106147, -13.33382 ], [ -39.3106146, -13.333728 ] ] ] } },
{ "type": "Feature", "properties": { "id_copa": 256, "talhao": "T1" }, "geometry": { "type": "Polygon", "coordinates": [ [ [ -39.3113466, -13.3330093 ], [ -39.311289, -13.3330094 ], [ -39.3112891, -13.3330761 ], [ -39.3113467, -13.333076 ], [ -39.3113466, -13.3330093 ] ] ] } },
{ "type": "Feature", "properties": { "id_copa": 264, "talhao": "T1" }, "geometry": { "type": "Polygon", "coordinates": [ [ [ -39.3125021, -13.3322017 ], [ -39.3124292, -13.3322018 ], [ -39.3124293, -13.3322843 ], [ -39.3125022, -13.3322842 ], [ -39.3125021, -13.3322017 ] ] ] } },
{ "type": "Feature", "properties": { "id_copa": 269, "talhao": "T1" }, "geometry": { "type": "Polygon", "coordinates": [ [ [ -39.3112739, -13.3340071 ], [ -39.3111561, -13.3340073 ], [ -39.3111563, -13.3341254 ], [ -39.311274, -13.3341253 ], [ -39.3112739, -13.3340071 ] ] ] } },
{ "type": "Feature", "properties": { "id_copa": 270, "talhao": "T1" }, "geometry": { "type": "Polygon", "coordinates": [ [ [ -39.3110472, -13.333308 ], [ -39.3109468, -13.3333081 ], [ -39.3109469, -13.3334152 ], [ -39.3110473, -13.3334151 ], [ -39.3110472, -13.333308 ] ] ] } },
{ "type": "Feature", "properties": { "id_copa": 273, "talhao": "T1" }, "geometry": { "type": "Polygon", "coordinates": [ [ [ -39.311439, -13.3332667 ], [ -39.3113457, -13.3332668 ], [ -39.3113458, -13.3333513 ], [ -39.3114391, -13.3333512 ], [ -39.311439, -13.3332667 ] ] ] } },
{ "type": "Feature", "properties": { "id_copa": 279, "talhao": "T1" }, "geometry": { "type": "Polygon", "coordinates": [ [ [ -39.3120751, -13.3323903 ], [ -39.3119993, -13.3323904 ], [ -39.3119994, -13.3324722 ], [ -39.3120752, -13.3324721 ], [ -39.3120751, -13.3323903 ] ] ] } },
{ "type": "Feature", "properties": { "id_copa": 291, "talhao": "T1" }, "geometry": { "type": "Polygon", "coordinates": [ [ [ -39.3113916, -13.3327158 ], [ -39.3112989, -13.3327159 ], [ -39.311299, -13.332807 ], [ -39.3113917, -13.3328069 ], [ -39.3113916, -13.3327158 ] ] ] } },
{ "type": "Feature", "properties": { "id_copa": 295, "talhao": "T1" }, "geometry": { "type": "Polygon", "coordinates": [ [ [ -39.3105846, -13.3338235 ], [ -39.3104983, -13.3338236 ], [ -39.3104984, -13.3339008 ], [ -39.3105847, -13.3339007 ], [ -39.3105846, -13.3338235 ] ] ] } },
{ "type": "Feature", "properties": { "id_copa": 297, "talhao": "T1" }, "geometry": { "type": "Polygon", "coordinates": [ [ [ -39.3108943, -13.3333987 ], [ -39.3108134, -13.3333988 ], [ -39.3108135, -13.3334816 ], [ -39.3108944, -13.3334815 ], [ -39.3108943, -13.3333987 ] ] ] } },
{ "type": "Feature", "properties": { "id_copa": 299, "talhao": "T1" }, "geometry": { "type": "Polygon", "coordinates": [ [ [ -39.312203, -13.332559 ], [ -39.3121433, -13.3325591 ], [ -39.3121434, -13.3326248 ], [ -39.3122031, -13.3326247 ], [ -39.312203, -13.332559 ] ] ] } },
{ "type": "Feature", "properties": { "id_copa": 308, "talhao": "T1" }, "geometry": { "type": "Polygon", "coordinates": [ [ [ -39.3124927, -13.3323756 ], [ -39.3124158, -13.3323756 ], [ -39.3124159, -13.3324529 ], [ -39.3124928, -13.3324528 ], [ -39.3124927, -13.3323756 ] ] ] } },
{ "type": "Feature", "properties": { "id_copa": 325, "talhao": "T1" }, "geometry": { "type": "Polygon", "coordinates": [ [ [ -39.3119252, -13.3323306 ], [ -39.3118494, -13.3323307 ], [ -39.3118495, -13.3324026 ], [ -39.3119253, -13.3324025 ], [ -39.3119252, -13.3323306 ] ] ] } },
{ "type": "Feature", "properties": { "id_copa": 330, "talhao": "T1" }, "geometry": { "type": "Polygon", "coordinates": [ [ [ -39.3116519, -13.3327334 ], [ -39.3115915, -13.3327334 ], [ -39.3115916, -13.3327975 ], [ -39.3116519, -13.3327974 ], [ -39.3116519, -13.3327334 ] ] ] } },
{ "type": "Feature", "properties": { "id_copa": 331, "talhao": "T1" }, "geometry": { "type": "Polygon", "coordinates": [ [ [ -39.3112748, -13.3333216 ], [ -39.3112265, -13.3333217 ], [ -39.3112266, -13.3333648 ], [ -39.3112749, -13.3333648 ], [ -39.3112748, -13.3333216 ] ] ] } },
{ "type": "Feature", "properties": { "id_copa": 348, "talhao": "T1" }, "geometry": { "type": "Polygon", "coordinates": [ [ [ -39.3120665, -13.3325427 ], [ -39.3119823, -13.3325428 ], [ -39.3119824, -13.3326201 ], [ -39.3120666, -13.33262 ], [ -39.3120665, -13.3325427 ] ] ] } },
{ "type": "Feature", "properties": { "id_copa": 349, "talhao": "T1" }, "geometry": { "type": "Polygon", "coordinates": [ [ [ -39.310689, -13.3338912 ], [ -39.3106085, -13.3338913 ], [ -39.3106086, -13.3339674 ], [ -39.3106891, -13.3339673 ], [ -39.310689, -13.3338912 ] ] ] } },
{ "type": "Feature", "properties": { "id_copa": 350, "talhao": "T1" }, "geometry": { "type": "Polygon", "coordinates": [ [ [ -39.3114336, -13.3328356 ], [ -39.3113493, -13.3328357 ], [ -39.3113494, -13.332923 ], [ -39.3114337, -13.3329229 ], [ -39.3114336, -13.3328356 ] ] ] } },
{ "type": "Feature", "properties": { "id_copa": 353, "talhao": "T1" }, "geometry": { "type": "Polygon", "coordinates": [ [ [ -39.3109873, -13.3329296 ], [ -39.3108976, -13.3329297 ], [ -39.3108977, -13.3330152 ], [ -39.3109874, -13.3330151 ], [ -39.3109873, -13.3329296 ] ] ] } },
{ "type": "Feature", "properties": { "id_copa": 355, "talhao": "T1" }, "geometry": { "type": "Polygon", "coordinates": [ [ [ -39.3125082, -13.3320274 ], [ -39.3124179, -13.3320275 ], [ -39.312418, -13.3321215 ], [ -39.3125084, -13.3321214 ], [ -39.3125082, -13.3320274 ] ] ] } },
{ "type": "Feature", "properties": { "id_copa": 358, "talhao": "T1" }, "geometry": { "type": "Polygon", "coordinates": [ [ [ -39.3111904, -13.3333425 ], [ -39.311133, -13.3333425 ], [ -39.3111331, -13.3333981 ], [ -39.3111905, -13.333398 ], [ -39.3111904, -13.3333425 ] ] ] } },
{ "type": "Feature", "properties": { "id_copa": 361, "talhao": "T1" }, "geometry": { "type": "Polygon", "coordinates": [ [ [ -39.3104945, -13.3336315 ], [ -39.3104073, -13.3336316 ], [ -39.3104075, -13.3337528 ], [ -39.3104946, -13.3337527 ], [ -39.3104945, -13.3336315 ] ] ] } },
{ "type": "Feature", "properties": { "id_copa": 367, "talhao": "T1" }, "geometry": { "type": "Polygon", "coordinates": [ [ [ -39.3111934, -13.3328076 ], [ -39.3111069, -13.3328077 ], [ -39.311107, -13.3328918 ], [ -39.3111935, -13.3328917 ], [ -39.3111934, -13.3328076 ] ] ] } },
{ "type": "Feature", "properties": { "id_copa": 391, "talhao": "T1" }, "geometry": { "type": "Polygon", "coordinates": [ [ [ -39.3111738, -13.3326866 ], [ -39.3111112, -13.3326867 ], [ -39.3111113, -13.3327913 ], [ -39.3111739, -13.3327912 ], [ -39.3111738, -13.3326866 ] ] ] } },
{ "type": "Feature", "properties": { "id_copa": 397, "talhao": "T1" }, "geometry": { "type": "Polygon", "coordinates": [ [ [ -39.3114493, -13.3326559 ], [ -39.3113889, -13.332656 ], [ -39.311389, -13.3327131 ], [ -39.3114493, -13.332713 ], [ -39.3114493, -13.3326559 ] ] ] } },
{ "type": "Feature", "properties": { "id_copa": 398, "talhao": "T1" }, "geometry": { "type": "Polygon", "coordinates": [ [ [ -39.3109389, -13.3337462 ], [ -39.3108661, -13.3337463 ], [ -39.3108662, -13.3338214 ], [ -39.310939, -13.3338213 ], [ -39.3109389, -13.3337462 ] ] ] } },
{ "type": "Feature", "properties": { "id_copa": 404, "talhao": "T1" }, "geometry": { "type": "Polygon", "coordinates": [ [ [ -39.3105122, -13.3331323 ], [ -39.3104333, -13.3331324 ], [ -39.3104334, -13.3332149 ], [ -39.3105123, -13.3332148 ], [ -39.3105122, -13.3331323 ] ] ] } },
{ "type": "Feature", "properties": { "id_copa": 407, "talhao": "T1" }, "geometry": { "type": "Polygon", "coordinates": [ [ [ -39.3116044, -13.3327045 ], [ -39.3115396, -13.3327046 ], [ -39.3115397, -13.3327604 ], [ -39.3116045, -13.3327603 ], [ -39.3116044, -13.3327045 ] ] ] } },
{ "type": "Feature", "properties": { "id_copa": 413, "talhao": "T1" }, "geometry": { "type": "Polygon", "coordinates": [ [ [ -39.3107018, -13.3336933 ], [ -39.3106395, -13.3336934 ], [ -39.3106396, -13.3337602 ], [ -39.3107019, -13.3337601 ], [ -39.3107018, -13.3336933 ] ] ] } },
{ "type": "Feature", "properties": { "id_copa": 425, "talhao": "T1" }, "geometry": { "type": "Polygon", "coordinates": [ [ [ -39.3120871, -13.3326057 ], [ -39.3120258, -13.3326058 ], [ -39.3120258, -13.3326751 ], [ -39.3120872, -13.332675 ], [ -39.3120871, -13.3326057 ] ] ] } },
{ "type": "Feature", "properties": { "id_copa": 439, "talhao": "T1" }, "geometry": { "type": "Polygon", "coordinates": [ [ [ -39.3109681, -13.3332175 ], [ -39.3108965, -13.3332176 ], [ -39.3108966, -13.3332931 ], [ -39.3109682, -13.333293 ], [ -39.3109681, -13.3332175 ] ] ] } },
{ "type": "Feature", "properties": { "id_copa": 443, "talhao": "T1" }, "geometry": { "type": "Polygon", "coordinates": [ [ [ -39.3110306, -13.3329793 ], [ -39.3109626, -13.3329794 ], [ -39.3109627, -13.3330457 ], [ -39.3110307, -13.3330456 ], [ -39.3110306, -13.3329793 ] ] ] } },
{ "type": "Feature", "properties": { "id_copa": 457, "talhao": "T1" }, "geometry": { "type": "Polygon", "coordinates": [ [ [ -39.3123875, -13.3320975 ], [ -39.3122884, -13.3320977 ], [ -39.3122886, -13.3321989 ], [ -39.3123876, -13.3321987 ], [ -39.3123875, -13.3320975 ] ] ] } },
{ "type": "Feature", "properties": { "id_copa": 460, "talhao": "T1" }, "geometry": { "type": "Polygon", "coordinates": [ [ [ -39.3109044, -13.3338942 ], [ -39.3108165, -13.3338943 ], [ -39.3108166, -13.3339628 ], [ -39.3109045, -13.3339627 ], [ -39.3109044, -13.3338942 ] ] ] } },
{ "type": "Feature", "properties": { "id_copa": 464, "talhao": "T1" }, "geometry": { "type": "Polygon", "coordinates": [ [ [ -39.3121685, -13.3323059 ], [ -39.312093, -13.332306 ], [ -39.3120931, -13.3323706 ], [ -39.3121686, -13.3323705 ], [ -39.3121685, -13.3323059 ] ] ] } },
{ "type": "Feature", "properties": { "id_copa": 467, "talhao": "T1" }, "geometry": { "type": "Polygon", "coordinates": [ [ [ -39.3108945, -13.3333329 ], [ -39.3108532, -13.3333329 ], [ -39.3108532, -13.3333676 ], [ -39.3108945, -13.3333675 ], [ -39.3108945, -13.3333329 ] ] ] } },
{ "type": "Feature", "properties": { "id_copa": 478, "talhao": "T1" }, "geometry": { "type": "Polygon", "coordinates": [ [ [ -39.31057, -13.3328596 ], [ -39.3104695, -13.3328597 ], [ -39.3104696, -13.3329534 ], [ -39.3105701, -13.3329533 ], [ -39.31057, -13.3328596 ] ] ] } },
{ "type": "Feature", "properties": { "id_copa": 486, "talhao": "T1" }, "geometry": { "type": "Polygon", "coordinates": [ [ [ -39.3107146, -13.3337638 ], [ -39.3106137, -13.3337639 ], [ -39.3106138, -13.3338424 ], [ -39.3107147, -13.3338423 ], [ -39.3107146, -13.3337638 ] ] ] } },
{ "type": "Feature", "properties": { "id_copa": 488, "talhao": "T1" }, "geometry": { "type": "Polygon", "coordinates": [ [ [ -39.312425, -13.33223 ], [ -39.3123294, -13.3322302 ], [ -39.3123295, -13.3323165 ], [ -39.3124251, -13.3323164 ], [ -39.312425, -13.33223 ] ] ] } },
{ "type": "Feature", "properties": { "id_copa": 497, "talhao": "T1" }, "geometry": { "type": "Polygon", "coordinates": [ [ [ -39.3115189, -13.3327973 ], [ -39.3114334, -13.3327974 ], [ -39.3114336, -13.3328881 ], [ -39.311519, -13.332888 ], [ -39.3115189, -13.3327973 ] ] ] } },
{ "type": "Feature", "properties": { "id_copa": 500, "talhao": "T1" }, "geometry": { "type": "Polygon", "coordinates": [ [ [ -39.3122658, -13.3318794 ], [ -39.3121665, -13.3318795 ], [ -39.3121666, -13.3319717 ], [ -39.3122659, -13.3319715 ], [ -39.3122658, -13.3318794 ] ] ] } },
{ "type": "Feature", "properties": { "id_copa": 508, "talhao": "T1" }, "geometry": { "type": "Polygon", "coordinates": [ [ [ -39.3108841, -13.3332531 ], [ -39.3108096, -13.3332532 ], [ -39.3108097, -13.3333314 ], [ -39.3108842, -13.3333313 ], [ -39.3108841, -13.3332531 ] ] ] } },
{ "type": "Feature", "properties": { "id_copa": 511, "talhao": "T1" }, "geometry": { "type": "Polygon", "coordinates": [ [ [ -39.3126344, -13.3321093 ], [ -39.3125383, -13.3321094 ], [ -39.3125384, -13.3322118 ], [ -39.3126345, -13.3322117 ], [ -39.3126344, -13.3321093 ] ] ] } },
{ "type": "Feature", "properties": { "id_copa": 514, "talhao": "T1" }, "geometry": { "type": "Polygon", "coordinates": [ [ [ -39.3115739, -13.3331541 ], [ -39.311501, -13.3331542 ], [ -39.311501, -13.3331968 ], [ -39.311574, -13.3331967 ], [ -39.3115739, -13.3331541 ] ] ] } },
{ "type": "Feature", "properties": { "id_copa": 515, "talhao": "T1" }, "geometry": { "type": "Polygon", "coordinates": [ [ [ -39.3107911, -13.3338492 ], [ -39.3107234, -13.3338493 ], [ -39.3107235, -13.3339132 ], [ -39.3107912, -13.3339131 ], [ -39.3107911, -13.3338492 ] ] ] } },
{ "type": "Feature", "properties": { "id_copa": 519, "talhao": "T1" }, "geometry": { "type": "Polygon", "coordinates": [ [ [ -39.3106986, -13.334009 ], [ -39.3106213, -13.3340091 ], [ -39.3106213, -13.3340857 ], [ -39.3106987, -13.3340856 ], [ -39.3106986, -13.334009 ] ] ] } },
{ "type": "Feature", "properties": { "id_copa": 524, "talhao": "T1" }, "geometry": { "type": "Polygon", "coordinates": [ [ [ -39.3112121, -13.3329549 ], [ -39.3111334, -13.332955 ], [ -39.3111335, -13.3330406 ], [ -39.3112122, -13.3330405 ], [ -39.3112121, -13.3329549 ] ] ] } },
{ "type": "Feature", "properties": { "id_copa": 527, "talhao": "T1" }, "geometry": { "type": "Polygon", "coordinates": [ [ [ -39.3114608, -13.3331171 ], [ -39.3113791, -13.3331172 ], [ -39.3113793, -13.3331999 ], [ -39.3114609, -13.3331998 ], [ -39.3114608, -13.3331171 ] ] ] } },
{ "type": "Feature", "properties": { "id_copa": 530, "talhao": "T1" }, "geometry": { "type": "Polygon", "coordinates": [ [ [ -39.3109617, -13.3333666 ], [ -39.3108867, -13.3333667 ], [ -39.3108868, -13.3334341 ], [ -39.3109618, -13.333434 ], [ -39.3109617, -13.3333666 ] ] ] } },
{ "type": "Feature", "properties": { "id_copa": 534, "talhao": "T1" }, "geometry": { "type": "Polygon", "coordinates": [ [ [ -39.311604, -13.3327709 ], [ -39.3115261, -13.332771 ], [ -39.3115262, -13.3328511 ], [ -39.3116041, -13.332851 ], [ -39.311604, -13.3327709 ] ] ] } },
{ "type": "Feature", "properties": { "id_copa": 556, "talhao": "T1" }, "geometry": { "type": "Polygon", "coordinates": [ [ [ -39.3105365, -13.3332569 ], [ -39.3104281, -13.333257 ], [ -39.3104282, -13.3333556 ], [ -39.3105366, -13.3333555 ], [ -39.3105365, -13.3332569 ] ] ] } },
{ "type": "Feature", "properties": { "id_copa": 563, "talhao": "T1" }, "geometry": { "type": "Polygon", "coordinates": [ [ [ -39.31096, -13.3340042 ], [ -39.310872, -13.3340043 ], [ -39.3108721, -13.334081 ], [ -39.3109601, -13.3340808 ], [ -39.31096, -13.3340042 ] ] ] } },
{ "type": "Feature", "properties": { "id_copa": 573, "talhao": "T1" }, "geometry": { "type": "Polygon", "coordinates": [ [ [ -39.3111594, -13.3334116 ], [ -39.3110828, -13.3334117 ], [ -39.311083, -13.3334922 ], [ -39.3111595, -13.3334921 ], [ -39.3111594, -13.3334116 ] ] ] } },
{ "type": "Feature", "properties": { "id_copa": 575, "talhao": "T1" }, "geometry": { "type": "Polygon", "coordinates": [ [ [ -39.3115151, -13.3329389 ], [ -39.3114203, -13.332939 ], [ -39.3114204, -13.3330115 ], [ -39.3115152, -13.3330114 ], [ -39.3115151, -13.3329389 ] ] ] } },
{ "type": "Feature", "properties": { "id_copa": 576, "talhao": "T1" }, "geometry": { "type": "Polygon", "coordinates": [ [ [ -39.3121433, -13.3327262 ], [ -39.3120502, -13.3327264 ], [ -39.3120504, -13.3328134 ], [ -39.3121434, -13.3328133 ], [ -39.3121433, -13.3327262 ] ] ] } },
{ "type": "Feature", "properties": { "id_copa": 577, "talhao": "T1" }, "geometry": { "type": "Polygon", "coordinates": [ [ [ -39.3107589, -13.3329941 ], [ -39.3106969, -13.3329942 ], [ -39.310697, -13.3330594 ], [ -39.3107589, -13.3330593 ], [ -39.3107589, -13.3329941 ] ] ] } },
{ "type": "Feature", "properties": { "id_copa": 579, "talhao": "T1" }, "geometry": { "type": "Polygon", "coordinates": [ [ [ -39.3109089, -13.3331812 ], [ -39.3108574, -13.3331813 ], [ -39.3108575, -13.3332406 ], [ -39.310909, -13.3332405 ], [ -39.3109089, -13.3331812 ] ] ] } },
{ "type": "Feature", "properties": { "id_copa": 582, "talhao": "T1" }, "geometry": { "type": "Polygon", "coordinates": [ [ [ -39.3111581, -13.3332652 ], [ -39.3110731, -13.3332653 ], [ -39.3110732, -13.333346 ], [ -39.3111582, -13.3333459 ], [ -39.3111581, -13.3332652 ] ] ] } },
{ "type": "Feature", "properties": { "id_copa": 584, "talhao": "T1" }, "geometry": { "type": "Polygon", "coordinates": [ [ [ -39.3108991, -13.3331092 ], [ -39.3108395, -13.3331092 ], [ -39.3108396, -13.3331765 ], [ -39.3108992, -13.3331765 ], [ -39.3108991, -13.3331092 ] ] ] } },
{ "type": "Feature", "properties": { "id_copa": 587, "talhao": "T1" }, "geometry": { "type": "Polygon", "coordinates": [ [ [ -39.3105256, -13.3330715 ], [ -39.3104696, -13.3330715 ], [ -39.3104696, -13.3331262 ], [ -39.3105257, -13.3331261 ], [ -39.3105256, -13.3330715 ] ] ] } },
{ "type": "Feature", "properties": { "id_copa": 598, "talhao": "T1" }, "geometry": { "type": "Polygon", "coordinates": [ [ [ -39.3110311, -13.3327811 ], [ -39.3109428, -13.3327812 ], [ -39.3109428, -13.3328564 ], [ -39.3110312, -13.3328563 ], [ -39.3110311, -13.3327811 ] ] ] } },
{ "type": "Feature", "properties": { "id_copa": 599, "talhao": "T1" }, "geometry": { "type": "Polygon", "coordinates": [ [ [ -39.3107142, -13.3331226 ], [ -39.3106288, -13.3331227 ], [ -39.310629, -13.3332079 ], [ -39.3107143, -13.3332078 ], [ -39.3107142, -13.3331226 ] ] ] } },
{ "type": "Feature", "properties": { "id_copa": 608, "talhao": "T1" }, "geometry": { "type": "Polygon", "coordinates": [ [ [ -39.3110527, -13.3328444 ], [ -39.3110053, -13.3328445 ], [ -39.3110054, -13.3328893 ], [ -39.3110527, -13.3328893 ], [ -39.3110527, -13.3328444 ] ] ] } },
{ "type": "Feature", "properties": { "id_copa": 618, "talhao": "T1" }, "geometry": { "type": "Polygon", "coordinates": [ [ [ -39.3107268, -13.3339446 ], [ -39.3106478, -13.3339447 ], [ -39.3106479, -13.3340149 ], [ -39.3107268, -13.3340148 ], [ -39.3107268, -13.3339446 ] ] ] } },
{ "type": "Feature", "properties": { "id_copa": 625, "talhao": "T1" }, "geometry": { "type": "Polygon", "coordinates": [ [ [ -39.3115841, -13.3328501 ], [ -39.311523, -13.3328502 ], [ -39.3115231, -13.332907 ], [ -39.3115842, -13.3329069 ], [ -39.3115841, -13.3328501 ] ] ] } },
{ "type": "Feature", "properties": { "id_copa": 633, "talhao": "T1" }, "geometry": { "type": "Polygon", "coordinates": [ [ [ -39.3119391, -13.3325963 ], [ -39.3118462, -13.3325964 ], [ -39.3118464, -13.3326834 ], [ -39.3119392, -13.3326833 ], [ -39.3119391, -13.3325963 ] ] ] } },
{ "type": "Feature", "properties": { "id_copa": 637, "talhao": "T1" }, "geometry": { "type": "Polygon", "coordinates": [ [ [ -39.3122498, -13.33214 ], [ -39.3121806, -13.33214 ], [ -39.3121807, -13.3321989 ], [ -39.3122498, -13.3321989 ], [ -39.3122498, -13.33214 ] ] ] } },
{ "type": "Feature", "properties": { "id_copa": 638, "talhao": "T1" }, "geometry": { "type": "Polygon", "coordinates": [ [ [ -39.3114649, -13.3324483 ], [ -39.3113845, -13.3324484 ], [ -39.3113846, -13.332528 ], [ -39.311465, -13.3325279 ], [ -39.3114649, -13.3324483 ] ] ] } },
{ "type": "Feature", "properties": { "id_copa": 650, "talhao": "T1" }, "geometry": { "type": "Polygon", "coordinates": [ [ [ -39.3123231, -13.3323369 ], [ -39.3122362, -13.332337 ], [ -39.3122363, -13.3324203 ], [ -39.3123233, -13.3324202 ], [ -39.3123231, -13.3323369 ] ] ] } },
{ "type": "Feature", "properties": { "id_copa": 656, "talhao": "T1" }, "geometry": { "type": "Polygon", "coordinates": [ [ [ -39.3107938, -13.3331697 ], [ -39.3107053, -13.3331698 ], [ -39.3107054, -13.3332481 ], [ -39.3107939, -13.333248 ], [ -39.3107938, -13.3331697 ] ] ] } },
{ "type": "Feature", "properties": { "id_copa": 667, "talhao": "T1" }, "geometry": { "type": "Polygon", "coordinates": [ [ [ -39.3118409, -13.3327938 ], [ -39.3117432, -13.3327939 ], [ -39.3117433, -13.332874 ], [ -39.311841, -13.3328739 ], [ -39.3118409, -13.3327938 ] ] ] } },
{ "type": "Feature", "properties": { "id_copa": 671, "talhao": "T1" }, "geometry": { "type": "Polygon", "coordinates": [ [ [ -39.3115212, -13.3332092 ], [ -39.3114432, -13.3332093 ], [ -39.3114433, -13.3332919 ], [ -39.3115214, -13.3332918 ], [ -39.3115212, -13.3332092 ] ] ] } },
{ "type": "Feature", "properties": { "id_copa": 675, "talhao": "T1" }, "geometry": { "type": "Polygon", "coordinates": [ [ [ -39.3110031, -13.3328588 ], [ -39.3109377, -13.3328588 ], [ -39.3109378, -13.3329185 ], [ -39.3110032, -13.3329185 ], [ -39.3110031, -13.3328588 ] ] ] } },
{ "type": "Feature", "properties": { "id_copa": 689, "talhao": "T1" }, "geometry": { "type": "Polygon", "coordinates": [ [ [ -39.310802, -13.3332983 ], [ -39.3107073, -13.3332984 ], [ -39.3107074, -13.3333739 ], [ -39.3108021, -13.3333738 ], [ -39.310802, -13.3332983 ] ] ] } },
{ "type": "Feature", "properties": { "id_copa": 695, "talhao": "T1" }, "geometry": { "type": "Polygon", "coordinates": [ [ [ -39.3125693, -13.332144 ], [ -39.3124698, -13.3321442 ], [ -39.31247, -13.3322462 ], [ -39.3125694, -13.332246 ], [ -39.3125693, -13.332144 ] ] ] } },
{ "type": "Feature", "properties": { "id_copa": 696, "talhao": "T1" }, "geometry": { "type": "Polygon", "coordinates": [ [ [ -39.3114908, -13.3326115 ], [ -39.3114276, -13.3326115 ], [ -39.3114277, -13.3326733 ], [ -39.3114908, -13.3326733 ], [ -39.3114908, -13.3326115 ] ] ] } },
{ "type": "Feature", "properties": { "id_copa": 700, "talhao": "T1" }, "geometry": { "type": "Polygon", "coordinates": [ [ [ -39.3108795, -13.3339651 ], [ -39.3108185, -13.3339651 ], [ -39.3108186, -13.3340215 ], [ -39.3108796, -13.3340214 ], [ -39.3108795, -13.3339651 ] ] ] } },
{ "type": "Feature", "properties": { "id_copa": 708, "talhao": "T1" }, "geometry": { "type": "Polygon", "coordinates": [ [ [ -39.3113555, -13.333364 ], [ -39.3112822, -13.3333641 ], [ -39.3112823, -13.3334361 ], [ -39.3113556, -13.333436 ], [ -39.3113555, -13.333364 ] ] ] } },
{ "type": "Feature", "properties": { "id_copa": 714, "talhao": "T1" }, "geometry": { "type": "Polygon", "coordinates": [ [ [ -39.3106553, -13.3331987 ], [ -39.3105727, -13.3331988 ], [ -39.3105729, -13.3333187 ], [ -39.3106555, -13.3333186 ], [ -39.3106553, -13.3331987 ] ] ] } },
{ "type": "Feature", "properties": { "id_copa": 723, "talhao": "T1" }, "geometry": { "type": "Polygon", "coordinates": [ [ [ -39.310812, -13.333927 ], [ -39.310743, -13.3339271 ], [ -39.3107431, -13.3340015 ], [ -39.310812, -13.3340015 ], [ -39.310812, -13.333927 ] ] ] } },
{ "type": "Feature", "properties": { "id_copa": 733, "talhao": "T1" }, "geometry": { "type": "Polygon", "coordinates": [ [ [ -39.3109059, -13.33297 ], [ -39.3108241, -13.3329701 ], [ -39.3108242, -13.3330289 ], [ -39.310906, -13.3330288 ], [ -39.3109059, -13.33297 ] ] ] } },
{ "type": "Feature", "properties": { "id_copa": 737, "talhao": "T1" }, "geometry": { "type": "Polygon", "coordinates": [ [ [ -39.3108151, -13.3330132 ], [ -39.3107372, -13.3330133 ], [ -39.3107374, -13.3331069 ], [ -39.3108152, -13.3331068 ], [ -39.3108151, -13.3330132 ] ] ] } },
{ "type": "Feature", "properties": { "id_copa": 748, "talhao": "T1" }, "geometry": { "type": "Polygon", "coordinates": [ [ [ -39.3121148, -13.3326668 ], [ -39.3120542, -13.3326669 ], [ -39.3120543, -13.3327334 ], [ -39.3121149, -13.3327334 ], [ -39.3121148, -13.3326668 ] ] ] } },
{ "type": "Feature", "properties": { "id_copa": 750, "talhao": "T1" }, "geometry": { "type": "Polygon", "coordinates": [ [ [ -39.310829, -13.3334313 ], [ -39.3107408, -13.3334314 ], [ -39.3107409, -13.333518 ], [ -39.3108291, -13.3335179 ], [ -39.310829, -13.3334313 ] ] ] } },
{ "type": "Feature", "properties": { "id_copa": 751, "talhao": "T1" }, "geometry": { "type": "Polygon", "coordinates": [ [ [ -39.3126081, -13.3319198 ], [ -39.3125141, -13.3319199 ], [ -39.3125142, -13.3319972 ], [ -39.3126082, -13.3319971 ], [ -39.3126081, -13.3319198 ] ] ] } },
{ "type": "Feature", "properties": { "id_copa": 757, "talhao": "T1" }, "geometry": { "type": "Polygon", "coordinates": [ [ [ -39.3109059, -13.333812 ], [ -39.3108396, -13.3338121 ], [ -39.3108397, -13.3338883 ], [ -39.310906, -13.3338882 ], [ -39.3109059, -13.333812 ] ] ] } },
{ "type": "Feature", "properties": { "id_copa": 761, "talhao": "T1" }, "geometry": { "type": "Polygon", "coordinates": [ [ [ -39.3106353, -13.3335254 ], [ -39.3105369, -13.3335255 ], [ -39.310537, -13.3336172 ], [ -39.3106354, -13.3336171 ], [ -39.3106353, -13.3335254 ] ] ] } },
{ "type": "Feature", "properties": { "id_copa": 762, "talhao": "T1" }, "geometry": { "type": "Polygon", "coordinates": [ [ [ -39.3119888, -13.3325577 ], [ -39.3119063, -13.3325578 ], [ -39.3119064, -13.3326487 ], [ -39.311989, -13.3326486 ], [ -39.3119888, -13.3325577 ] ] ] } },
{ "type": "Feature", "properties": { "id_copa": 779, "talhao": "T1" }, "geometry": { "type": "Polygon", "coordinates": [ [ [ -39.3107135, -13.3332682 ], [ -39.3106558, -13.3332682 ], [ -39.3106558, -13.3333282 ], [ -39.3107136, -13.3333282 ], [ -39.3107135, -13.3332682 ] ] ] } },
{ "type": "Feature", "properties": { "id_copa": 781, "talhao": "T1" }, "geometry": { "type": "Polygon", "coordinates": [ [ [ -39.3117233, -13.3325713 ], [ -39.3116548, -13.3325714 ], [ -39.3116549, -13.3326499 ], [ -39.3117234, -13.3326498 ], [ -39.3117233, -13.3325713 ] ] ] } },
{ "type": "Feature", "properties": { "id_copa": 782, "talhao": "T1" }, "geometry": { "type": "Polygon", "coordinates": [ [ [ -39.3118248, -13.3327479 ], [ -39.3117622, -13.332748 ], [ -39.3117622, -13.3327907 ], [ -39.3118249, -13.3327906 ], [ -39.3118248, -13.3327479 ] ] ] } },
{ "type": "Feature", "properties": { "id_copa": 784, "talhao": "T1" }, "geometry": { "type": "Polygon", "coordinates": [ [ [ -39.3105661, -13.332975 ], [ -39.3104613, -13.3329751 ], [ -39.3104614, -13.3330702 ], [ -39.3105662, -13.3330701 ], [ -39.3105661, -13.332975 ] ] ] } },
{ "type": "Feature", "properties": { "id_copa": 792, "talhao": "T1" }, "geometry": { "type": "Polygon", "coordinates": [ [ [ -39.3119333, -13.3327315 ], [ -39.3118324, -13.3327316 ], [ -39.3118325, -13.3328352 ], [ -39.3119334, -13.3328351 ], [ -39.3119333, -13.3327315 ] ] ] } },
{ "type": "Feature", "properties": { "id_copa": 794, "talhao": "T1" }, "geometry": { "type": "Polygon", "coordinates": [ [ [ -39.3117476, -13.3329686 ], [ -39.3116703, -13.3329687 ], [ -39.3116704, -13.3330534 ], [ -39.3117477, -13.3330533 ], [ -39.3117476, -13.3329686 ] ] ] } },
{ "type": "Feature", "properties": { "id_copa": 797, "talhao": "T1" }, "geometry": { "type": "Polygon", "coordinates": [ [ [ -39.3107184, -13.3327952 ], [ -39.3106599, -13.3327952 ], [ -39.3106599, -13.3328504 ], [ -39.3107185, -13.3328503 ], [ -39.3107184, -13.3327952 ] ] ] } },
{ "type": "Feature", "properties": { "id_copa": 801, "talhao": "T1" }, "geometry": { "type": "Polygon", "coordinates": [ [ [ -39.3117881, -13.332234 ], [ -39.3116739, -13.3322341 ], [ -39.311674, -13.3323363 ], [ -39.3117882, -13.3323362 ], [ -39.3117881, -13.332234 ] ] ] } },
{ "type": "Feature", "properties": { "id_copa": 804, "talhao": "T1" }, "geometry": { "type": "Polygon", "coordinates": [ [ [ -39.3105804, -13.3339294 ], [ -39.3105163, -13.3339295 ], [ -39.3105164, -13.3339975 ], [ -39.3105805, -13.3339974 ], [ -39.3105804, -13.3339294 ] ] ] } },
{ "type": "Feature", "properties": { "id_copa": 823, "talhao": "T1" }, "geometry": { "type": "Polygon", "coordinates": [ [ [ -39.3113598, -13.3328861 ], [ -39.3112835, -13.3328862 ], [ -39.3112836, -13.3329638 ], [ -39.3113599, -13.3329637 ], [ -39.3113598, -13.3328861 ] ] ] } },
{ "type": "Feature", "properties": { "id_copa": 830, "talhao": "T1" }, "geometry": { "type": "Polygon", "coordinates": [ [ [ -39.3110521, -13.333888 ], [ -39.3109649, -13.3338881 ], [ -39.310965, -13.3339948 ], [ -39.3110522, -13.3339947 ], [ -39.3110521, -13.333888 ] ] ] } },
{ "type": "Feature", "properties": { "id_copa": 856, "talhao": "T1" }, "geometry": { "type": "Polygon", "coordinates": [ [ [ -39.3122221, -13.3320471 ], [ -39.3121309, -13.3320472 ], [ -39.312131, -13.3321439 ], [ -39.3122222, -13.3321438 ], [ -39.3122221, -13.3320471 ] ] ] } },
{ "type": "Feature", "properties": { "id_copa": 860, "talhao": "T1" }, "geometry": { "type": "Polygon", "coordinates": [ [ [ -39.3119916, -13.3326981 ], [ -39.3119181, -13.3326982 ], [ -39.3119183, -13.3328031 ], [ -39.3119918, -13.332803 ], [ -39.3119916, -13.3326981 ] ] ] } },
{ "type": "Feature", "properties": { "id_copa": 862, "talhao": "T1" }, "geometry": { "type": "Polygon", "coordinates": [ [ [ -39.3125986, -13.3319943 ], [ -39.3125059, -13.3319944 ], [ -39.312506, -13.3320797 ], [ -39.3125987, -13.3320796 ], [ -39.3125986, -13.3319943 ] ] ] } },
{ "type": "Feature", "properties": { "id_copa": 870, "talhao": "T1" }, "geometry": { "type": "Polygon", "coordinates": [ [ [ -39.3114115, -13.3334739 ], [ -39.3113102, -13.333474 ], [ -39.3113103, -13.3335584 ], [ -39.3114116, -13.3335583 ], [ -39.3114115, -13.3334739 ] ] ] } },
{ "type": "Feature", "properties": { "id_copa": 875, "talhao": "T1" }, "geometry": { "type": "Polygon", "coordinates": [ [ [ -39.3109522, -13.3328108 ], [ -39.3108595, -13.3328109 ], [ -39.3108596, -13.3329107 ], [ -39.3109523, -13.3329106 ], [ -39.3109522, -13.3328108 ] ] ] } },
{ "type": "Feature", "properties": { "id_copa": 880, "talhao": "T1" }, "geometry": { "type": "Polygon", "coordinates": [ [ [ -39.3117891, -13.3324067 ], [ -39.3117271, -13.3324068 ], [ -39.3117271, -13.3324653 ], [ -39.3117892, -13.3324652 ], [ -39.3117891, -13.3324067 ] ] ] } },
{ "type": "Feature", "properties": { "id_copa": 886, "talhao": "T1" }, "geometry": { "type": "Polygon", "coordinates": [ [ [ -39.3120656, -13.332113 ], [ -39.3119604, -13.3321131 ], [ -39.3119606, -13.3322265 ], [ -39.3120658, -13.3322263 ], [ -39.3120656, -13.332113 ] ] ] } },
{ "type": "Feature", "properties": { "id_copa": 908, "talhao": "T1" }, "geometry": { "type": "Polygon", "coordinates": [ [ [ -39.3115814, -13.3332008 ], [ -39.3115113, -13.3332009 ], [ -39.3115115, -13.3332806 ], [ -39.3115815, -13.3332805 ], [ -39.3115814, -13.3332008 ] ] ] } },
{ "type": "Feature", "properties": { "id_copa": 917, "talhao": "T1" }, "geometry": { "type": "Polygon", "coordinates": [ [ [ -39.3108477, -13.3338337 ], [ -39.3107699, -13.3338338 ], [ -39.3107699, -13.3338973 ], [ -39.3108478, -13.3338972 ], [ -39.3108477, -13.3338337 ] ] ] } },
{ "type": "Feature", "properties": { "id_copa": 921, "talhao": "T1" }, "geometry": { "type": "Polygon", "coordinates": [ [ [ -39.3111394, -13.3328699 ], [ -39.311051, -13.33287 ], [ -39.3110512, -13.3329676 ], [ -39.3111395, -13.3329675 ], [ -39.3111394, -13.3328699 ] ] ] } },
{ "type": "Feature", "properties": { "id_copa": 925, "talhao": "T1" }, "geometry": { "type": "Polygon", "coordinates": [ [ [ -39.3106732, -13.3342293 ], [ -39.3105939, -13.3342294 ], [ -39.310594, -13.3343363 ], [ -39.3106733, -13.3343362 ], [ -39.3106732, -13.3342293 ] ] ] } },
{ "type": "Feature", "properties": { "id_copa": 931, "talhao": "T1" }, "geometry": { "type": "Polygon", "coordinates": [ [ [ -39.3106391, -13.3338088 ], [ -39.3105811, -13.3338088 ], [ -39.3105812, -13.3338821 ], [ -39.3106392, -13.333882 ], [ -39.3106391, -13.3338088 ] ] ] } },
{ "type": "Feature", "properties": { "id_copa": 939, "talhao": "T1" }, "geometry": { "type": "Polygon", "coordinates": [ [ [ -39.312368, -13.331819 ], [ -39.3122744, -13.3318191 ], [ -39.3122746, -13.3319381 ], [ -39.3123681, -13.331938 ], [ -39.312368, -13.331819 ] ] ] } },
{ "type": "Feature", "properties": { "id_copa": 948, "talhao": "T1" }, "geometry": { "type": "Polygon", "coordinates": [ [ [ -39.3106325, -13.3331682 ], [ -39.3105854, -13.3331682 ], [ -39.3105855, -13.3332144 ], [ -39.3106326, -13.3332143 ], [ -39.3106325, -13.3331682 ] ] ] } },
{ "type": "Feature", "properties": { "id_copa": 949, "talhao": "T1" }, "geometry": { "type": "Polygon", "coordinates": [ [ [ -39.311515, -13.3330282 ], [ -39.31147, -13.3330283 ], [ -39.31147, -13.3330659 ], [ -39.311515, -13.3330659 ], [ -39.311515, -13.3330282 ] ] ] } },
{ "type": "Feature", "properties": { "id_copa": 955, "talhao": "T1" }, "geometry": { "type": "Polygon", "coordinates": [ [ [ -39.3107713, -13.3329027 ], [ -39.3106699, -13.3329028 ], [ -39.31067, -13.3330023 ], [ -39.3107714, -13.3330022 ], [ -39.3107713, -13.3329027 ] ] ] } },
{ "type": "Feature", "properties": { "id_copa": 958, "talhao": "T1" }, "geometry": { "type": "Polygon", "coordinates": [ [ [ -39.310855, -13.3335109 ], [ -39.3107933, -13.3335109 ], [ -39.3107933, -13.3335525 ], [ -39.3108551, -13.3335525 ], [ -39.310855, -13.3335109 ] ] ] } },
{ "type": "Feature", "properties": { "id_copa": 971, "talhao": "T1" }, "geometry": { "type": "Polygon", "coordinates": [ [ [ -39.3108518, -13.3337808 ], [ -39.3108012, -13.3337809 ], [ -39.3108012, -13.3338314 ], [ -39.3108518, -13.3338313 ], [ -39.3108518, -13.3337808 ] ] ] } },
{ "type": "Feature", "properties": { "id_copa": 974, "talhao": "T1" }, "geometry": { "type": "Polygon", "coordinates": [ [ [ -39.3115666, -13.3330475 ], [ -39.3114863, -13.3330476 ], [ -39.3114864, -13.3331349 ], [ -39.3115667, -13.3331348 ], [ -39.3115666, -13.3330475 ] ] ] } },
{ "type": "Feature", "properties": { "id_copa": 977, "talhao": "T1" }, "geometry": { "type": "Polygon", "coordinates": [ [ [ -39.3109297, -13.3334674 ], [ -39.3108444, -13.3334675 ], [ -39.3108445, -13.3335445 ], [ -39.3109298, -13.3335444 ], [ -39.3109297, -13.3334674 ] ] ] } },
{ "type": "Feature", "properties": { "id_copa": 1000, "talhao": "T1" }, "geometry": { "type": "Polygon", "coordinates": [ [ [ -39.3120094, -13.332438 ], [ -39.3119544, -13.3324381 ], [ -39.3119545, -13.3324947 ], [ -39.3120095, -13.3324947 ], [ -39.3120094, -13.332438 ] ] ] } },
{ "type": "Feature", "properties": { "id_copa": 1003, "talhao": "T1" }, "geometry": { "type": "Polygon", "coordinates": [ [ [ -39.3109037, -13.3340232 ], [ -39.3108047, -13.3340234 ], [ -39.3108048, -13.3341135 ], [ -39.3109038, -13.3341134 ], [ -39.3109037, -13.3340232 ] ] ] } },
{ "type": "Feature", "properties": { "id_copa": 1012, "talhao": "T1" }, "geometry": { "type": "Polygon", "coordinates": [ [ [ -39.3111323, -13.3337253 ], [ -39.3110591, -13.3337253 ], [ -39.3110592, -13.3337899 ], [ -39.3111324, -13.3337898 ], [ -39.3111323, -13.3337253 ] ] ] } },
{ "type": "Feature", "properties": { "id_copa": 1023, "talhao": "T1" }, "geometry": { "type": "Polygon", "coordinates": [ [ [ -39.3112366, -13.333829 ], [ -39.3111564, -13.3338291 ], [ -39.3111565, -13.3339035 ], [ -39.3112367, -13.3339034 ], [ -39.3112366, -13.333829 ] ] ] } },
{ "type": "Feature", "properties": { "id_copa": 1034, "talhao": "T1" }, "geometry": { "type": "Polygon", "coordinates": [ [ [ -39.3115143, -13.3328875 ], [ -39.3114429, -13.3328876 ], [ -39.311443, -13.3329401 ], [ -39.3115144, -13.33294 ], [ -39.3115143, -13.3328875 ] ] ] } },
{ "type": "Feature", "properties": { "id_copa": 1035, "talhao": "T1" }, "geometry": { "type": "Polygon", "coordinates": [ [ [ -39.3111247, -13.332722 ], [ -39.3110566, -13.3327221 ], [ -39.3110567, -13.3328087 ], [ -39.3111248, -13.3328087 ], [ -39.3111247, -13.332722 ] ] ] } },
{ "type": "Feature", "properties": { "id_copa": 1036, "talhao": "T1" }, "geometry": { "type": "Polygon", "coordinates": [ [ [ -39.3120648, -13.332265 ], [ -39.3119787, -13.3322651 ], [ -39.3119788, -13.3323562 ], [ -39.3120649, -13.3323561 ], [ -39.3120648, -13.332265 ] ] ] } },
{ "type": "Feature", "properties": { "id_copa": 1043, "talhao": "T1" }, "geometry": { "type": "Polygon", "coordinates": [ [ [ -39.3118802, -13.3324665 ], [ -39.3118185, -13.3324666 ], [ -39.3118186, -13.3325364 ], [ -39.3118803, -13.3325363 ], [ -39.3118802, -13.3324665 ] ] ] } },
{ "type": "Feature", "properties": { "id_copa": 1045, "talhao": "T1" }, "geometry": { "type": "Polygon", "coordinates": [ [ [ -39.312713, -13.3320742 ], [ -39.3126453, -13.3320743 ], [ -39.3126454, -13.3321327 ], [ -39.3127131, -13.3321326 ], [ -39.312713, -13.3320742 ] ] ] } },
{ "type": "Feature", "properties": { "id_copa": 1056, "talhao": "T1" }, "geometry": { "type": "Polygon", "coordinates": [ [ [ -39.3115867, -13.3324726 ], [ -39.3114925, -13.3324727 ], [ -39.3114926, -13.3325806 ], [ -39.3115868, -13.3325805 ], [ -39.3115867, -13.3324726 ] ] ] } },
{ "type": "Feature", "properties": { "id_copa": 1067, "talhao": "T1" }, "geometry": { "type": "Polygon", "coordinates": [ [ [ -39.3120945, -13.3323393 ], [ -39.3120402, -13.3323394 ], [ -39.3120403, -13.3323948 ], [ -39.3120946, -13.3323947 ], [ -39.3120945, -13.3323393 ] ] ] } },
{ "type": "Feature", "properties": { "id_copa": 1081, "talhao": "T1" }, "geometry": { "type": "Polygon", "coordinates": [ [ [ -39.3112649, -13.3332111 ], [ -39.3111595, -13.3332112 ], [ -39.3111597, -13.3333132 ], [ -39.3112651, -13.3333131 ], [ -39.3112649, -13.3332111 ] ] ] } },
{ "type": "Feature", "properties": { "id_copa": 1085, "talhao": "T1" }, "geometry": { "type": "Polygon", "coordinates": [ [ [ -39.3106065, -13.3336631 ], [ -39.3105396, -13.3336632 ], [ -39.3105397, -13.3337343 ], [ -39.3106066, -13.3337342 ], [ -39.3106065, -13.3336631 ] ] ] } },
{ "type": "Feature", "properties": { "id_copa": 1090, "talhao": "T1" }, "geometry": { "type": "Polygon", "coordinates": [ [ [ -39.3108389, -13.3333607 ], [ -39.3107555, -13.3333608 ], [ -39.3107556, -13.333425 ], [ -39.310839, -13.3334249 ], [ -39.3108389, -13.3333607 ] ] ] } },
{ "type": "Feature", "properties": { "id_copa": 1096, "talhao": "T1" }, "geometry": { "type": "Polygon", "coordinates": [ [ [ -39.3107969, -13.3328807 ], [ -39.3107386, -13.3328807 ], [ -39.3107386, -13.3329406 ], [ -39.3107969, -13.3329406 ], [ -39.3107969, -13.3328807 ] ] ] } },
{ "type": "Feature", "properties": { "id_copa": 1099, "talhao": "T1" }, "geometry": { "type": "Polygon", "coordinates": [ [ [ -39.3109657, -13.3334423 ], [ -39.3108978, -13.3334424 ], [ -39.3108979, -13.3334969 ], [ -39.3109657, -13.3334968 ], [ -39.3109657, -13.3334423 ] ] ] } },
{ "type": "Feature", "properties": { "id_copa": 1102, "talhao": "T1" }, "geometry": { "type": "Polygon", "coordinates": [ [ [ -39.311943, -13.3324055 ], [ -39.3118726, -13.3324056 ], [ -39.3118726, -13.3324637 ], [ -39.3119431, -13.3324636 ], [ -39.311943, -13.3324055 ] ] ] } },
{ "type": "Feature", "properties": { "id_copa": 1118, "talhao": "T1" }, "geometry": { "type": "Polygon", "coordinates": [ [ [ -39.3113595, -13.3331673 ], [ -39.3112303, -13.3331674 ], [ -39.3112304, -13.3332726 ], [ -39.3113597, -13.3332724 ], [ -39.3113595, -13.3331673 ] ] ] } },
{ "type": "Feature", "properties": { "id_copa": 1123, "talhao": "T1" }, "geometry": { "type": "Polygon", "coordinates": [ [ [ -39.311461, -13.3329756 ], [ -39.3113727, -13.3329757 ], [ -39.3113729, -13.3330787 ], [ -39.3114612, -13.3330786 ], [ -39.311461, -13.3329756 ] ] ] } },
{ "type": "Feature", "properties": { "id_copa": 1131, "talhao": "T1" }, "geometry": { "type": "Polygon", "coordinates": [ [ [ -39.3106625, -13.3335769 ], [ -39.3105629, -13.3335771 ], [ -39.310563, -13.33367 ], [ -39.3106627, -13.3336699 ], [ -39.3106625, -13.3335769 ] ] ] } },
{ "type": "Feature", "properties": { "id_copa": 1137, "talhao": "T1" }, "geometry": { "type": "Polygon", "coordinates": [ [ [ -39.3114141, -13.3330731 ], [ -39.311355, -13.3330731 ], [ -39.3113551, -13.333144 ], [ -39.3114142, -13.3331439 ], [ -39.3114141, -13.3330731 ] ] ] } },
{ "type": "Feature", "properties": { "id_copa": 1139, "talhao": "T1" }, "geometry": { "type": "Polygon", "coordinates": [ [ [ -39.3121965, -13.3321827 ], [ -39.3120751, -13.3321829 ], [ -39.3120753, -13.3322941 ], [ -39.3121966, -13.3322939 ], [ -39.3121965, -13.3321827 ] ] ] } },
{ "type": "Feature", "properties": { "id_copa": 1154, "talhao": "T1" }, "geometry": { "type": "Polygon", "coordinates": [ [ [ -39.3115674, -13.3325728 ], [ -39.3114815, -13.3325729 ], [ -39.3114816, -13.3326441 ], [ -39.3115675, -13.332644 ], [ -39.3115674, -13.3325728 ] ] ] } },
{ "type": "Feature", "properties": { "id_copa": 1159, "talhao": "T1" }, "geometry": { "type": "Polygon", "coordinates": [ [ [ -39.3108018, -13.3327571 ], [ -39.3107334, -13.3327571 ], [ -39.3107335, -13.3328154 ], [ -39.3108019, -13.3328153 ], [ -39.3108018, -13.3327571 ] ] ] } },
{ "type": "Feature", "properties": { "id_copa": 1162, "talhao": "T1" }, "geometry": { "type": "Polygon", "coordinates": [ [ [ -39.3119617, -13.332175 ], [ -39.3118631, -13.3321751 ], [ -39.3118632, -13.3322652 ], [ -39.3119618, -13.332265 ], [ -39.3119617, -13.332175 ] ] ] } },
{ "type": "Feature", "properties": { "id_copa": 1163, "talhao": "T1" }, "geometry": { "type": "Polygon", "coordinates": [ [ [ -39.3107524, -13.3333253 ], [ -39.3106559, -13.3333254 ], [ -39.310656, -13.3334175 ], [ -39.3107525, -13.3334173 ], [ -39.3107524, -13.3333253 ] ] ] } },
{ "type": "Feature", "properties": { "id_copa": 1168, "talhao": "T1" }, "geometry": { "type": "Polygon", "coordinates": [ [ [ -39.3111434, -13.333615 ], [ -39.3110792, -13.3336151 ], [ -39.3110793, -13.3336868 ], [ -39.3111435, -13.3336868 ], [ -39.3111434, -13.333615 ] ] ] } },
{ "type": "Feature", "properties": { "id_copa": 1169, "talhao": "T1" }, "geometry": { "type": "Polygon", "coordinates": [ [ [ -39.312343, -13.3319661 ], [ -39.3122017, -13.3319663 ], [ -39.3122018, -13.3321116 ], [ -39.3123432, -13.3321114 ], [ -39.312343, -13.3319661 ] ] ] } },
{ "type": "Feature", "properties": { "id_copa": 1172, "talhao": "T1" }, "geometry": { "type": "Polygon", "coordinates": [ [ [ -39.3112854, -13.3327785 ], [ -39.3112109, -13.3327786 ], [ -39.311211, -13.3328491 ], [ -39.3112855, -13.332849 ], [ -39.3112854, -13.3327785 ] ] ] } },
{ "type": "Feature", "properties": { "id_copa": 1176, "talhao": "T1" }, "geometry": { "type": "Polygon", "coordinates": [ [ [ -39.3116548, -13.3328152 ], [ -39.3115955, -13.3328153 ], [ -39.3115956, -13.3328704 ], [ -39.3116549, -13.3328703 ], [ -39.3116548, -13.3328152 ] ] ] } },
{ "type": "Feature", "properties": { "id_copa": 1183, "talhao": "T1" }, "geometry": { "type": "Polygon", "coordinates": [ [ [ -39.3126499, -13.3319824 ], [ -39.3125921, -13.3319824 ], [ -39.3125922, -13.3320451 ], [ -39.31265, -13.332045 ], [ -39.3126499, -13.3319824 ] ] ] } },
{ "type": "Feature", "properties": { "id_copa": 1188, "talhao": "T1" }, "geometry": { "type": "Polygon", "coordinates": [ [ [ -39.3119573, -13.3319418 ], [ -39.3118594, -13.3319419 ], [ -39.3118595, -13.3320278 ], [ -39.3119574, -13.3320277 ], [ -39.3119573, -13.3319418 ] ] ] } },
{ "type": "Feature", "properties": { "id_copa": 1191, "talhao": "T1" }, "geometry": { "type": "Polygon", "coordinates": [ [ [ -39.3117123, -13.3325093 ], [ -39.3116674, -13.3325093 ], [ -39.3116675, -13.332555 ], [ -39.3117124, -13.332555 ], [ -39.3117123, -13.3325093 ] ] ] } },
{ "type": "Feature", "properties": { "id_copa": 1194, "talhao": "T1" }, "geometry": { "type": "Polygon", "coordinates": [ [ [ -39.3120099, -13.3327924 ], [ -39.3119525, -13.3327925 ], [ -39.3119526, -13.3328605 ], [ -39.31201, -13.3328604 ], [ -39.3120099, -13.3327924 ] ] ] } },
{ "type": "Feature", "properties": { "id_copa": 1195, "talhao": "T1" }, "geometry": { "type": "Polygon", "coordinates": [ [ [ -39.3109447, -13.3331665 ], [ -39.3109101, -13.3331666 ], [ -39.3109101, -13.3332012 ], [ -39.3109447, -13.3332012 ], [ -39.3109447, -13.3331665 ] ] ] } },
{ "type": "Feature", "properties": { "id_copa": 1196, "talhao": "T1" }, "geometry": { "type": "Polygon", "coordinates": [ [ [ -39.3110866, -13.3336988 ], [ -39.311023, -13.3336989 ], [ -39.3110231, -13.3337576 ], [ -39.3110867, -13.3337575 ], [ -39.3110866, -13.3336988 ] ] ] } },
{ "type": "Feature", "properties": { "id_copa": 1199, "talhao": "T1" }, "geometry": { "type": "Polygon", "coordinates": [ [ [ -39.3109665, -13.3330972 ], [ -39.3108891, -13.3330973 ], [ -39.3108891, -13.3331575 ], [ -39.3109666, -13.3331574 ], [ -39.3109665, -13.3330972 ] ] ] } },
{ "type": "Feature", "properties": { "id_copa": 1201, "talhao": "T1" }, "geometry": { "type": "Polygon", "coordinates": [ [ [ -39.3109182, -13.3327781 ], [ -39.3108654, -13.3327781 ], [ -39.3108654, -13.3328185 ], [ -39.3109182, -13.3328184 ], [ -39.3109182, -13.3327781 ] ] ] } },
{ "type": "Feature", "properties": { "id_copa": 1204, "talhao": "T1" }, "geometry": { "type": "Polygon", "coordinates": [ [ [ -39.311084, -13.3331525 ], [ -39.3110113, -13.3331526 ], [ -39.3110114, -13.3332203 ], [ -39.3110841, -13.3332202 ], [ -39.311084, -13.3331525 ] ] ] } },
{ "type": "Feature", "properties": { "id_copa": 1217, "talhao": "T1" }, "geometry": { "type": "Polygon", "coordinates": [ [ [ -39.3106382, -13.3333287 ], [ -39.3105785, -13.3333288 ], [ -39.3105785, -13.3333919 ], [ -39.3106383, -13.3333918 ], [ -39.3106382, -13.3333287 ] ] ] } },
{ "type": "Feature", "properties": { "id_copa": 1220, "talhao": "T1" }, "geometry": { "type": "Polygon", "coordinates": [ [ [ -39.3105441, -13.3331903 ], [ -39.3104623, -13.3331904 ], [ -39.3104624, -13.3332559 ], [ -39.3105441, -13.3332558 ], [ -39.3105441, -13.3331903 ] ] ] } },
{ "type": "Feature", "properties": { "id_copa": 1221, "talhao": "T1" }, "geometry": { "type": "Polygon", "coordinates": [ [ [ -39.3120692, -13.3324704 ], [ -39.3119892, -13.3324705 ], [ -39.3119892, -13.3325439 ], [ -39.3120693, -13.3325438 ], [ -39.3120692, -13.3324704 ] ] ] } },
{ "type": "Feature", "properties": { "id_copa": 1224, "talhao": "T1" }, "geometry": { "type": "Polygon", "coordinates": [ [ [ -39.3116657, -13.3324553 ], [ -39.3115773, -13.3324554 ], [ -39.3115774, -13.332552 ], [ -39.3116658, -13.3325519 ], [ -39.3116657, -13.3324553 ] ] ] } },
{ "type": "Feature", "properties": { "id_copa": 1225, "talhao": "T1" }, "geometry": { "type": "Polygon", "coordinates": [ [ [ -39.3122636, -13.3322346 ], [ -39.3121805, -13.3322347 ], [ -39.3121806, -13.33232 ], [ -39.3122637, -13.3323199 ], [ -39.3122636, -13.3322346 ] ] ] } },
{ "type": "Feature", "properties": { "id_copa": 1237, "talhao": "T1" }, "geometry": { "type": "Polygon", "coordinates": [ [ [ -39.3110105, -13.3336388 ], [ -39.3109162, -13.3336389 ], [ -39.3109163, -13.3337302 ], [ -39.3110106, -13.3337301 ], [ -39.3110105, -13.3336388 ] ] ] } },
{ "type": "Feature", "properties": { "id_copa": 1248, "talhao": "T1" }, "geometry": { "type": "Polygon", "coordinates": [ [ [ -39.3107815, -13.3332463 ], [ -39.3107299, -13.3332464 ], [ -39.31073, -13.3332945 ], [ -39.3107815, -13.3332944 ], [ -39.3107815, -13.3332463 ] ] ] } },
{ "type": "Feature", "properties": { "id_copa": 1257, "talhao": "T1" }, "geometry": { "type": "Polygon", "coordinates": [ [ [ -39.3121529, -13.3325817 ], [ -39.3121038, -13.3325818 ], [ -39.3121038, -13.3326249 ], [ -39.3121529, -13.3326248 ], [ -39.3121529, -13.3325817 ] ] ] } },
{ "type": "Feature", "properties": { "id_copa": 1260, "talhao": "T1" }, "geometry": { "type": "Polygon", "coordinates": [ [ [ -39.310658, -13.3330502 ], [ -39.3106128, -13.3330502 ], [ -39.3106129, -13.3330881 ], [ -39.3106581, -13.3330881 ], [ -39.310658, -13.3330502 ] ] ] } },
{ "type": "Feature", "properties": { "id_copa": 1261, "talhao": "T1" }, "geometry": { "type": "Polygon", "coordinates": [ [ [ -39.3106088, -13.3342517 ], [ -39.3104876, -13.3342519 ], [ -39.3104877, -13.3343841 ], [ -39.310609, -13.334384 ], [ -39.3106088, -13.3342517 ] ] ] } },
{ "type": "Feature", "properties": { "id_copa": 1272, "talhao": "T1" }, "geometry": { "type": "Polygon", "coordinates": [ [ [ -39.3106828, -13.3333595 ], [ -39.3106092, -13.3333596 ], [ -39.3106092, -13.3334214 ], [ -39.3106828, -13.3334213 ], [ -39.3106828, -13.3333595 ] ] ] } },
{ "type": "Feature", "properties": { "id_copa": 1274, "talhao": "T1" }, "geometry": { "type": "Polygon", "coordinates": [ [ [ -39.3110901, -13.3332847 ], [ -39.3110121, -13.3332848 ], [ -39.3110122, -13.333359 ], [ -39.3110902, -13.3333589 ], [ -39.3110901, -13.3332847 ] ] ] } },
{ "type": "Feature", "properties": { "id_copa": 1289, "talhao": "T1" }, "geometry": { "type": "Polygon", "coordinates": [ [ [ -39.3119438, -13.3328326 ], [ -39.3118801, -13.3328327 ], [ -39.3118802, -13.3328913 ], [ -39.3119438, -13.3328912 ], [ -39.3119438, -13.3328326 ] ] ] } },
{ "type": "Feature", "properties": { "id_copa": 1290, "talhao": "T1" }, "geometry": { "type": "Polygon", "coordinates": [ [ [ -39.3116771, -13.332684 ], [ -39.3116155, -13.3326841 ], [ -39.3116156, -13.3327356 ], [ -39.3116771, -13.3327356 ], [ -39.3116771, -13.332684 ] ] ] } },
{ "type": "Feature", "properties": { "id_copa": 1295, "talhao": "T1" }, "geometry": { "type": "Polygon", "coordinates": [ [ [ -39.311641, -13.3331164 ], [ -39.3115647, -13.3331165 ], [ -39.3115648, -13.3331948 ], [ -39.3116411, -13.3331947 ], [ -39.311641, -13.3331164 ] ] ] } },
{ "type": "Feature", "properties": { "id_copa": 1305, "talhao": "T1" }, "geometry": { "type": "Polygon", "coordinates": [ [ [ -39.3116776, -13.3328643 ], [ -39.3115982, -13.3328644 ], [ -39.3115983, -13.3329626 ], [ -39.3116778, -13.3329625 ], [ -39.3116776, -13.3328643 ] ] ] } },
{ "type": "Feature", "properties": { "id_copa": 1310, "talhao": "T1" }, "geometry": { "type": "Polygon", "coordinates": [ [ [ -39.3111848, -13.3339776 ], [ -39.3111049, -13.3339777 ], [ -39.3111051, -13.3340675 ], [ -39.3111849, -13.3340674 ], [ -39.3111848, -13.3339776 ] ] ] } },
{ "type": "Feature", "properties": { "id_copa": 1324, "talhao": "T1" }, "geometry": { "type": "Polygon", "coordinates": [ [ [ -39.3121553, -13.3324889 ], [ -39.3120727, -13.332489 ], [ -39.3120728, -13.3325786 ], [ -39.3121554, -13.3325785 ], [ -39.3121553, -13.3324889 ] ] ] } },
{ "type": "Feature", "properties": { "id_copa": 1335, "talhao": "T1" }, "geometry": { "type": "Polygon", "coordinates": [ [ [ -39.3114556, -13.3331891 ], [ -39.3113809, -13.3331892 ], [ -39.311381, -13.3332714 ], [ -39.3114557, -13.3332713 ], [ -39.3114556, -13.3331891 ] ] ] } },
{ "type": "Feature", "properties": { "id_copa": 1336, "talhao": "T1" }, "geometry": { "type": "Polygon", "coordinates": [ [ [ -39.3124798, -13.3321293 ], [ -39.3124342, -13.3321293 ], [ -39.3124343, -13.3321847 ], [ -39.3124799, -13.3321847 ], [ -39.3124798, -13.3321293 ] ] ] } },
{ "type": "Feature", "properties": { "id_copa": 1337, "talhao": "T1" }, "geometry": { "type": "Polygon", "coordinates": [ [ [ -39.3106662, -13.3329158 ], [ -39.3106011, -13.3329159 ], [ -39.3106011, -13.3329612 ], [ -39.3106663, -13.3329611 ], [ -39.3106662, -13.3329158 ] ] ] } },
{ "type": "Feature", "properties": { "id_copa": 1344, "talhao": "T1" }, "geometry": { "type": "Polygon", "coordinates": [ [ [ -39.3108324, -13.3332181 ], [ -39.3107735, -13.3332182 ], [ -39.3107735, -13.3332717 ], [ -39.3108324, -13.3332716 ], [ -39.3108324, -13.3332181 ] ] ] } },
{ "type": "Feature", "properties": { "id_copa": 1359, "talhao": "T1" }, "geometry": { "type": "Polygon", "coordinates": [ [ [ -39.3110199, -13.3335506 ], [ -39.3109081, -13.3335507 ], [ -39.3109082, -13.3336418 ], [ -39.31102, -13.3336417 ], [ -39.3110199, -13.3335506 ] ] ] } },
{ "type": "Feature", "properties": { "id_copa": 1360, "talhao": "T1" }, "geometry": { "type": "Polygon", "coordinates": [ [ [ -39.311212, -13.3333066 ], [ -39.3111745, -13.3333067 ], [ -39.3111746, -13.3333546 ], [ -39.3112121, -13.3333546 ], [ -39.311212, -13.3333066 ] ] ] } },
{ "type": "Feature", "properties": { "id_copa": 1365, "talhao": "T1" }, "geometry": { "type": "Polygon", "coordinates": [ [ [ -39.3118315, -13.3326519 ], [ -39.3117478, -13.332652 ], [ -39.3117479, -13.3327488 ], [ -39.3118316, -13.3327487 ], [ -39.3118315, -13.3326519 ] ] ] } },
{ "type": "Feature", "properties": { "id_copa": 1377, "talhao": "T1" }, "geometry": { "type": "Polygon", "coordinates": [ [ [ -39.3127543, -13.3320466 ], [ -39.3126982, -13.3320466 ], [ -39.3126983, -13.3321061 ], [ -39.3127543, -13.3321061 ], [ -39.3127543, -13.3320466 ] ] ] } },
{ "type": "Feature", "properties": { "id_copa": 1382, "talhao": "T1" }, "geometry": { "type": "Polygon", "coordinates": [ [ [ -39.3106402, -13.3334706 ], [ -39.3105616, -13.3334707 ], [ -39.3105616, -13.3335299 ], [ -39.3106402, -13.3335298 ], [ -39.3106402, -13.3334706 ] ] ] } },
{ "type": "Feature", "properties": { "id_copa": 1397, "talhao": "T1" }, "geometry": { "type": "Polygon", "coordinates": [ [ [ -39.3111448, -13.3334962 ], [ -39.3110352, -13.3334964 ], [ -39.3110354, -13.333598 ], [ -39.311145, -13.3335978 ], [ -39.3111448, -13.3334962 ] ] ] } },
{ "type": "Feature", "properties": { "id_copa": 1401, "talhao": "T1" }, "geometry": { "type": "Polygon", "coordinates": [ [ [ -39.31205, -13.3319651 ], [ -39.3119366, -13.3319652 ], [ -39.3119368, -13.3321044 ], [ -39.3120502, -13.3321043 ], [ -39.31205, -13.3319651 ] ] ] } },
{ "type": "Feature", "properties": { "id_copa": 1404, "talhao": "T1" }, "geometry": { "type": "Polygon", "coordinates": [ [ [ -39.3118859, -13.332836 ], [ -39.3118201, -13.3328361 ], [ -39.3118202, -13.3329153 ], [ -39.311886, -13.3329153 ], [ -39.3118859, -13.332836 ] ] ] } },
{ "type": "Feature", "properties": { "id_copa": 1412, "talhao": "T1" }, "geometry": { "type": "Polygon", "coordinates": [ [ [ -39.3105539, -13.3338933 ], [ -39.3104755, -13.3338934 ], [ -39.3104756, -13.333978 ], [ -39.310554, -13.3339779 ], [ -39.3105539, -13.3338933 ] ] ] } },
{ "type": "Feature", "properties": { "id_copa": 1418, "talhao": "T1" }, "geometry": { "type": "Polygon", "coordinates": [ [ [ -39.3115057, -13.333172 ], [ -39.3114573, -13.3331721 ], [ -39.3114574, -13.3332151 ], [ -39.3115057, -13.333215 ], [ -39.3115057, -13.333172 ] ] ] } },
{ "type": "Feature", "properties": { "id_copa": 1419, "talhao": "T1" }, "geometry": { "type": "Polygon", "coordinates": [ [ [ -39.3106893, -13.3334297 ], [ -39.3106132, -13.3334298 ], [ -39.3106133, -13.3334963 ], [ -39.3106894, -13.3334962 ], [ -39.3106893, -13.3334297 ] ] ] } },
{ "type": "Feature", "properties": { "id_copa": 1442, "talhao": "T1" }, "geometry": { "type": "Polygon", "coordinates": [ [ [ -39.3117284, -13.332785 ], [ -39.3116447, -13.3327851 ], [ -39.3116448, -13.3328495 ], [ -39.3117285, -13.3328494 ], [ -39.3117284, -13.332785 ] ] ] } },
{ "type": "Feature", "properties": { "id_copa": 1446, "talhao": "T1" }, "geometry": { "type": "Polygon", "coordinates": [ [ [ -39.311916, -13.3329158 ], [ -39.3118186, -13.3329159 ], [ -39.3118187, -13.3330036 ], [ -39.3119161, -13.3330035 ], [ -39.311916, -13.3329158 ] ] ] } },
{ "type": "Feature", "properties": { "id_copa": 1466, "talhao": "T1" }, "geometry": { "type": "Polygon", "coordinates": [ [ [ -39.3117814, -13.3328845 ], [ -39.3117372, -13.3328845 ], [ -39.3117373, -13.3329343 ], [ -39.3117814, -13.3329343 ], [ -39.3117814, -13.3328845 ] ] ] } },
{ "type": "Feature", "properties": { "id_copa": 1468, "talhao": "T1" }, "geometry": { "type": "Polygon", "coordinates": [ [ [ -39.3121567, -13.3319304 ], [ -39.3120962, -13.3319304 ], [ -39.3120963, -13.3319933 ], [ -39.3121568, -13.3319933 ], [ -39.3121567, -13.3319304 ] ] ] } },
{ "type": "Feature", "properties": { "id_copa": 1485, "talhao": "T1" }, "geometry": { "type": "Polygon", "coordinates": [ [ [ -39.3115383, -13.3323665 ], [ -39.3114342, -13.3323666 ], [ -39.3114343, -13.3324433 ], [ -39.3115384, -13.3324432 ], [ -39.3115383, -13.3323665 ] ] ] } },
{ "type": "Feature", "properties": { "id_copa": 1493, "talhao": "T1" }, "geometry": { "type": "Polygon", "coordinates": [ [ [ -39.3110517, -13.3335076 ], [ -39.3109591, -13.3335077 ], [ -39.3109592, -13.3335915 ], [ -39.3110518, -13.3335914 ], [ -39.3110517, -13.3335076 ] ] ] } },
{ "type": "Feature", "properties": { "id_copa": 1515, "talhao": "T1" }, "geometry": { "type": "Polygon", "coordinates": [ [ [ -39.3109637, -13.3332897 ], [ -39.3109085, -13.3332897 ], [ -39.3109086, -13.3333461 ], [ -39.3109637, -13.3333461 ], [ -39.3109637, -13.3332897 ] ] ] } },
{ "type": "Feature", "properties": { "id_copa": 1517, "talhao": "T1" }, "geometry": { "type": "Polygon", "coordinates": [ [ [ -39.3107827, -13.3327923 ], [ -39.3107224, -13.3327924 ], [ -39.3107225, -13.3328538 ], [ -39.3107828, -13.3328538 ], [ -39.3107827, -13.3327923 ] ] ] } },
{ "type": "Feature", "properties": { "id_copa": 1518, "talhao": "T1" }, "geometry": { "type": "Polygon", "coordinates": [ [ [ -39.3119946, -13.3322813 ], [ -39.3119089, -13.3322815 ], [ -39.311909, -13.3323751 ], [ -39.3119947, -13.332375 ], [ -39.3119946, -13.3322813 ] ] ] } },
{ "type": "Feature", "properties": { "id_copa": 1520, "talhao": "T1" }, "geometry": { "type": "Polygon", "coordinates": [ [ [ -39.3110787, -13.3334532 ], [ -39.3110113, -13.3334533 ], [ -39.3110113, -13.3335032 ], [ -39.3110788, -13.3335031 ], [ -39.3110787, -13.3334532 ] ] ] } },
{ "type": "Feature", "properties": { "id_copa": 1545, "talhao": "T1" }, "geometry": { "type": "Polygon", "coordinates": [ [ [ -39.3111145, -13.3333591 ], [ -39.3110552, -13.3333592 ], [ -39.3110553, -13.3334101 ], [ -39.3111145, -13.33341 ], [ -39.3111145, -13.3333591 ] ] ] } },
{ "type": "Feature", "properties": { "id_copa": 1548, "talhao": "T1" }, "geometry": { "type": "Polygon", "coordinates": [ [ [ -39.3117167, -13.3329185 ], [ -39.3116459, -13.3329185 ], [ -39.311646, -13.3329877 ], [ -39.3117168, -13.3329876 ], [ -39.3117167, -13.3329185 ] ] ] } },
{ "type": "Feature", "properties": { "id_copa": 1558, "talhao": "T1" }, "geometry": { "type": "Polygon", "coordinates": [ [ [ -39.3120672, -13.3326751 ], [ -39.3119805, -13.3326752 ], [ -39.3119806, -13.3327698 ], [ -39.3120673, -13.3327696 ], [ -39.3120672, -13.3326751 ] ] ] } },
{ "type": "Feature", "properties": { "id_copa": 1568, "talhao": "T1" }, "geometry": { "type": "Polygon", "coordinates": [ [ [ -39.3116649, -13.3324026 ], [ -39.311578, -13.3324027 ], [ -39.311578, -13.3324633 ], [ -39.311665, -13.3324632 ], [ -39.3116649, -13.3324026 ] ] ] } },
{ "type": "Feature", "properties": { "id_copa": 1569, "talhao": "T1" }, "geometry": { "type": "Polygon", "coordinates": [ [ [ -39.3120012, -13.3326462 ], [ -39.3119453, -13.3326463 ], [ -39.3119454, -13.3327012 ], [ -39.3120013, -13.3327011 ], [ -39.3120012, -13.3326462 ] ] ] } },
{ "type": "Feature", "properties": { "id_copa": 1571, "talhao": "T1" }, "geometry": { "type": "Polygon", "coordinates": [ [ [ -39.3124055, -13.3316189 ], [ -39.3123085, -13.331619 ], [ -39.3123086, -13.3317116 ], [ -39.3124056, -13.3317114 ], [ -39.3124055, -13.3316189 ] ] ] } },
{ "type": "Feature", "properties": { "id_copa": 1576, "talhao": "T1" }, "geometry": { "type": "Polygon", "coordinates": [ [ [ -39.3106853, -13.3329626 ], [ -39.3106352, -13.3329626 ], [ -39.3106353, -13.3330189 ], [ -39.3106854, -13.3330188 ], [ -39.3106853, -13.3329626 ] ] ] } },
{ "type": "Feature", "properties": { "id_copa": 1578, "talhao": "T1" }, "geometry": { "type": "Polygon", "coordinates": [ [ [ -39.3118459, -13.3325133 ], [ -39.3117292, -13.3325135 ], [ -39.3117294, -13.3326201 ], [ -39.311846, -13.3326199 ], [ -39.3118459, -13.3325133 ] ] ] } },
{ "type": "Feature", "properties": { "id_copa": 1590, "talhao": "T1" }, "geometry": { "type": "Polygon", "coordinates": [ [ [ -39.311754, -13.3328507 ], [ -39.3116604, -13.3328509 ], [ -39.3116604, -13.3329199 ], [ -39.3117541, -13.3329198 ], [ -39.311754, -13.3328507 ] ] ] } },
{ "type": "Feature", "properties": { "id_copa": 1598, "talhao": "T1" }, "geometry": { "type": "Polygon", "coordinates": [ [ [ -39.3118732, -13.3323503 ], [ -39.3117747, -13.3323504 ], [ -39.3117748, -13.3324494 ], [ -39.3118734, -13.3324493 ], [ -39.3118732, -13.3323503 ] ] ] } },
{ "type": "Feature", "properties": { "id_copa": 1600, "talhao": "T1" }, "geometry": { "type": "Polygon", "coordinates": [ [ [ -39.3112672, -13.3331216 ], [ -39.3112001, -13.3331216 ], [ -39.3112002, -13.3332001 ], [ -39.3112673, -13.3332 ], [ -39.3112672, -13.3331216 ] ] ] } },
{ "type": "Feature", "properties": { "id_copa": 1607, "talhao": "T1" }, "geometry": { "type": "Polygon", "coordinates": [ [ [ -39.3124807, -13.33144 ], [ -39.3123884, -13.3314401 ], [ -39.3123886, -13.3315493 ], [ -39.3124809, -13.3315492 ], [ -39.3124807, -13.33144 ] ] ] } },
{ "type": "Feature", "properties": { "id_copa": 1610, "talhao": "T1" }, "geometry": { "type": "Polygon", "coordinates": [ [ [ -39.3116731, -13.3329937 ], [ -39.3115769, -13.3329938 ], [ -39.311577, -13.3330756 ], [ -39.3116732, -13.3330754 ], [ -39.3116731, -13.3329937 ] ] ] } },
{ "type": "Feature", "properties": { "id_copa": 1623, "talhao": "T1" }, "geometry": { "type": "Polygon", "coordinates": [ [ [ -39.3107793, -13.3340523 ], [ -39.3106899, -13.3340524 ], [ -39.3106901, -13.3341691 ], [ -39.3107795, -13.334169 ], [ -39.3107793, -13.3340523 ] ] ] } },
{ "type": "Feature", "properties": { "id_copa": 1624, "talhao": "T1" }, "geometry": { "type": "Polygon", "coordinates": [ [ [ -39.312113, -13.3318984 ], [ -39.3120565, -13.3318984 ], [ -39.3120566, -13.3319542 ], [ -39.3121131, -13.3319542 ], [ -39.312113, -13.3318984 ] ] ] } },
{ "type": "Feature", "properties": { "id_copa": 1627, "talhao": "T1" }, "geometry": { "type": "Polygon", "coordinates": [ [ [ -39.3108336, -13.3330806 ], [ -39.3107834, -13.3330806 ], [ -39.3107835, -13.3331234 ], [ -39.3108336, -13.3331234 ], [ -39.3108336, -13.3330806 ] ] ] } },
{ "type": "Feature", "properties": { "id_copa": 1631, "talhao": "T1" }, "geometry": { "type": "Polygon", "coordinates": [ [ [ -39.3116898, -13.3322932 ], [ -39.3115839, -13.3322933 ], [ -39.3115841, -13.3324071 ], [ -39.3116899, -13.332407 ], [ -39.3116898, -13.3322932 ] ] ] } },
{ "type": "Feature", "properties": { "id_copa": 1638, "talhao": "T1" }, "geometry": { "type": "Polygon", "coordinates": [ [ [ -39.3120944, -13.331849 ], [ -39.3120327, -13.3318491 ], [ -39.3120328, -13.3319032 ], [ -39.3120945, -13.3319032 ], [ -39.3120944, -13.331849 ] ] ] } },
{ "type": "Feature", "properties": { "id_copa": 1639, "talhao": "T1" }, "geometry": { "type": "Polygon", "coordinates": [ [ [ -39.3112892, -13.3339395 ], [ -39.3112102, -13.3339396 ], [ -39.3112103, -13.3340097 ], [ -39.3112892, -13.3340096 ], [ -39.3112892, -13.3339395 ] ] ] } },
{ "type": "Feature", "properties": { "id_copa": 1655, "talhao": "T1" }, "geometry": { "type": "Polygon", "coordinates": [ [ [ -39.3121879, -13.332144 ], [ -39.3121258, -13.3321441 ], [ -39.3121259, -13.3322053 ], [ -39.3121879, -13.3322052 ], [ -39.3121879, -13.332144 ] ] ] } },
{ "type": "Feature", "properties": { "id_copa": 1659, "talhao": "T1" }, "geometry": { "type": "Polygon", "coordinates": [ [ [ -39.3121969, -13.3318456 ], [ -39.3121386, -13.3318457 ], [ -39.3121386, -13.3318971 ], [ -39.3121969, -13.331897 ], [ -39.3121969, -13.3318456 ] ] ] } },
{ "type": "Feature", "properties": { "id_copa": 1667, "talhao": "T1" }, "geometry": { "type": "Polygon", "coordinates": [ [ [ -39.3105002, -13.3334684 ], [ -39.3104228, -13.3334685 ], [ -39.3104229, -13.3335529 ], [ -39.3105003, -13.3335528 ], [ -39.3105002, -13.3334684 ] ] ] } },
{ "type": "Feature", "properties": { "id_copa": 1671, "talhao": "T1" }, "geometry": { "type": "Polygon", "coordinates": [ [ [ -39.3114036, -13.3329486 ], [ -39.3113396, -13.3329487 ], [ -39.3113397, -13.3330061 ], [ -39.3114036, -13.333006 ], [ -39.3114036, -13.3329486 ] ] ] } },
{ "type": "Feature", "properties": { "id_copa": 1678, "talhao": "T1" }, "geometry": { "type": "Polygon", "coordinates": [ [ [ -39.3112173, -13.3328846 ], [ -39.3111655, -13.3328847 ], [ -39.3111655, -13.3329287 ], [ -39.3112174, -13.3329286 ], [ -39.3112173, -13.3328846 ] ] ] } },
{ "type": "Feature", "properties": { "id_copa": 1686, "talhao": "T1" }, "geometry": { "type": "Polygon", "coordinates": [ [ [ -39.3120113, -13.3323681 ], [ -39.3119414, -13.3323682 ], [ -39.3119415, -13.332427 ], [ -39.3120114, -13.3324269 ], [ -39.3120113, -13.3323681 ] ] ] } },
{ "type": "Feature", "properties": { "id_copa": 1693, "talhao": "T1" }, "geometry": { "type": "Polygon", "coordinates": [ [ [ -39.3117268, -13.3326464 ], [ -39.3116451, -13.3326465 ], [ -39.3116451, -13.3327025 ], [ -39.3117268, -13.3327024 ], [ -39.3117268, -13.3326464 ] ] ] } },
{ "type": "Feature", "properties": { "id_copa": 1698, "talhao": "T1" }, "geometry": { "type": "Polygon", "coordinates": [ [ [ -39.3107104, -13.334088 ], [ -39.3105968, -13.3340881 ], [ -39.310597, -13.3342064 ], [ -39.3107105, -13.3342063 ], [ -39.3107104, -13.334088 ] ] ] } },
{ "type": "Feature", "properties": { "id_copa": 1713, "talhao": "T1" }, "geometry": { "type": "Polygon", "coordinates": [ [ [ -39.3108245, -13.3340492 ], [ -39.3107536, -13.3340493 ], [ -39.3107538, -13.3341349 ], [ -39.3108246, -13.3341348 ], [ -39.3108245, -13.3340492 ] ] ] } },
{ "type": "Feature", "properties": { "id_copa": 1715, "talhao": "T1" }, "geometry": { "type": "Polygon", "coordinates": [ [ [ -39.3110837, -13.3336116 ], [ -39.3110037, -13.3336117 ], [ -39.3110038, -13.3337053 ], [ -39.3110838, -13.3337052 ], [ -39.3110837, -13.3336116 ] ] ] } },
{ "type": "Feature", "properties": { "id_copa": 1734, "talhao": "T1" }, "geometry": { "type": "Polygon", "coordinates": [ [ [ -39.3112138, -13.3330558 ], [ -39.3111492, -13.3330559 ], [ -39.3111493, -13.3331413 ], [ -39.3112139, -13.3331412 ], [ -39.3112138, -13.3330558 ] ] ] } },
{ "type": "Feature", "properties": { "id_copa": 1735, "talhao": "T1" }, "geometry": { "type": "Polygon", "coordinates": [ [ [ -39.3115195, -13.3325127 ], [ -39.3114009, -13.3325129 ], [ -39.3114011, -13.3326336 ], [ -39.3115196, -13.3326335 ], [ -39.3115195, -13.3325127 ] ] ] } },
{ "type": "Feature", "properties": { "id_copa": 1753, "talhao": "T1" }, "geometry": { "type": "Polygon", "coordinates": [ [ [ -39.311763, -13.3323041 ], [ -39.3116807, -13.3323042 ], [ -39.3116809, -13.332384 ], [ -39.3117631, -13.3323839 ], [ -39.311763, -13.3323041 ] ] ] } },
{ "type": "Feature", "properties": { "id_copa": 1771, "talhao": "T1" }, "geometry": { "type": "Polygon", "coordinates": [ [ [ -39.3123893, -13.3314732 ], [ -39.3122308, -13.3314734 ], [ -39.312231, -13.3316183 ], [ -39.3123895, -13.3316181 ], [ -39.3123893, -13.3314732 ] ] ] } },
{ "type": "Feature", "properties": { "id_copa": 1778, "talhao": "T1" }, "geometry": { "type": "Polygon", "coordinates": [ [ [ -39.3109749, -13.3339203 ], [ -39.3108904, -13.3339204 ], [ -39.3108905, -13.3340074 ], [ -39.3109751, -13.3340073 ], [ -39.3109749, -13.3339203 ] ] ] } },
{ "type": "Feature", "properties": { "id_copa": 1801, "talhao": "T1" }, "geometry": { "type": "Polygon", "coordinates": [ [ [ -39.3121337, -13.3322393 ], [ -39.3120336, -13.3322394 ], [ -39.3120337, -13.3323182 ], [ -39.3121338, -13.3323181 ], [ -39.3121337, -13.3322393 ] ] ] } },
{ "type": "Feature", "properties": { "id_copa": 1814, "talhao": "T1" }, "geometry": { "type": "Polygon", "coordinates": [ [ [ -39.3117644, -13.3327781 ], [ -39.3117248, -13.3327781 ], [ -39.3117249, -13.3328131 ], [ -39.3117644, -13.332813 ], [ -39.3117644, -13.3327781 ] ] ] } },
{ "type": "Feature", "properties": { "id_copa": 1820, "talhao": "T1" }, "geometry": { "type": "Polygon", "coordinates": [ [ [ -39.3120272, -13.3318398 ], [ -39.3119549, -13.3318399 ], [ -39.311955, -13.3319416 ], [ -39.3120274, -13.3319415 ], [ -39.3120272, -13.3318398 ] ] ] } },
{ "type": "Feature", "properties": { "id_copa": 1830, "talhao": "T1" }, "geometry": { "type": "Polygon", "coordinates": [ [ [ -39.3116211, -13.3330286 ], [ -39.3115531, -13.3330287 ], [ -39.3115532, -13.3330948 ], [ -39.3116212, -13.3330947 ], [ -39.3116211, -13.3330286 ] ] ] } },
{ "type": "Feature", "properties": { "id_copa": 1851, "talhao": "T1" }, "geometry": { "type": "Polygon", "coordinates": [ [ [ -39.3124311, -13.3319648 ], [ -39.3123822, -13.3319649 ], [ -39.3123823, -13.3320073 ], [ -39.3124312, -13.3320073 ], [ -39.3124311, -13.3319648 ] ] ] } },
{ "type": "Feature", "properties": { "id_copa": 1852, "talhao": "T1" }, "geometry": { "type": "Polygon", "coordinates": [ [ [ -39.3118544, -13.332302 ], [ -39.311787, -13.3323021 ], [ -39.3117871, -13.3323543 ], [ -39.3118544, -13.3323542 ], [ -39.3118544, -13.332302 ] ] ] } },
{ "type": "Feature", "properties": { "id_copa": 1859, "talhao": "T1" }, "geometry": { "type": "Polygon", "coordinates": [ [ [ -39.3119654, -13.3324726 ], [ -39.3118826, -13.3324727 ], [ -39.3118827, -13.3325505 ], [ -39.3119655, -13.3325504 ], [ -39.3119654, -13.3324726 ] ] ] } },
{ "type": "Feature", "properties": { "id_copa": 1863, "talhao": "T1" }, "geometry": { "type": "Polygon", "coordinates": [ [ [ -39.311166, -13.3338998 ], [ -39.3110448, -13.3338999 ], [ -39.3110449, -13.334016 ], [ -39.3111662, -13.3340158 ], [ -39.311166, -13.3338998 ] ] ] } },
{ "type": "Feature", "properties": { "id_copa": 1865, "talhao": "T1" }, "geometry": { "type": "Polygon", "coordinates": [ [ [ -39.311874, -13.3321816 ], [ -39.3117936, -13.3321817 ], [ -39.3117937, -13.3322891 ], [ -39.3118742, -13.332289 ], [ -39.311874, -13.3321816 ] ] ] } },
{ "type": "Feature", "properties": { "id_copa": 1869, "talhao": "T1" }, "geometry": { "type": "Polygon", "coordinates": [ [ [ -39.3105759, -13.3330817 ], [ -39.3105329, -13.3330818 ], [ -39.3105329, -13.3331344 ], [ -39.3105759, -13.3331343 ], [ -39.3105759, -13.3330817 ] ] ] } },
{ "type": "Feature", "properties": { "id_copa": 1876, "talhao": "T1" }, "geometry": { "type": "Polygon", "coordinates": [ [ [ -39.3121228, -13.3317878 ], [ -39.3120275, -13.3317879 ], [ -39.3120276, -13.3318627 ], [ -39.3121229, -13.3318626 ], [ -39.3121228, -13.3317878 ] ] ] } },
{ "type": "Feature", "properties": { "id_copa": 1883, "talhao": "T1" }, "geometry": { "type": "Polygon", "coordinates": [ [ [ -39.3127242, -13.3320166 ], [ -39.3126646, -13.3320167 ], [ -39.3126646, -13.3320702 ], [ -39.3127243, -13.3320701 ], [ -39.3127242, -13.3320166 ] ] ] } },
{ "type": "Feature", "properties": { "id_copa": 16, "talhao": "T2" }, "geometry": { "type": "Polygon", "coordinates": [ [ [ -39.3097405, -13.3332233 ], [ -39.3096776, -13.3332233 ], [ -39.3096777, -13.3332856 ], [ -39.3097406, -13.3332855 ], [ -39.3097405, -13.3332233 ] ] ] } },
{ "type": "Feature", "properties": { "id_copa": 20, "talhao": "T2" }, "geometry": { "type": "Polygon", "coordinates": [ [ [ -39.3102757, -13.3330613 ], [ -39.3102007, -13.3330614 ], [ -39.3102008, -13.3331366 ], [ -39.3102758, -13.3331365 ], [ -39.3102757, -13.3330613 ] ] ] } },
{ "type": "Feature", "properties": { "id_copa": 29, "talhao": "T2" }, "geometry": { "type": "Polygon", "coordinates": [ [ [ -39.310349, -13.3333213 ], [ -39.3102852, -13.3333214 ], [ -39.3102852, -13.3333816 ], [ -39.3103491, -13.3333815 ], [ -39.310349, -13.3333213 ] ] ] } },
{ "type": "Feature", "properties": { "id_copa": 58, "talhao": "T2" }, "geometry": { "type": "Polygon", "coordinates": [ [ [ -39.3097398, -13.3339297 ], [ -39.3096424, -13.3339298 ], [ -39.3096425, -13.3340143 ], [ -39.3097399, -13.3340141 ], [ -39.3097398, -13.3339297 ] ] ] } },
{ "type": "Feature", "properties": { "id_copa": 63, "talhao": "T2" }, "geometry": { "type": "Polygon", "coordinates": [ [ [ -39.3101902, -13.3318457 ], [ -39.3101052, -13.3318458 ], [ -39.3101053, -13.3319217 ], [ -39.3101903, -13.3319216 ], [ -39.3101902, -13.3318457 ] ] ] } },
{ "type": "Feature", "properties": { "id_copa": 64, "talhao": "T2" }, "geometry": { "type": "Polygon", "coordinates": [ [ [ -39.3098688, -13.3323258 ], [ -39.3097864, -13.3323259 ], [ -39.3097865, -13.332404 ], [ -39.3098689, -13.3324039 ], [ -39.3098688, -13.3323258 ] ] ] } },
{ "type": "Feature", "properties": { "id_copa": 101, "talhao": "T2" }, "geometry": { "type": "Polygon", "coordinates": [ [ [ -39.3104295, -13.3328953 ], [ -39.3103407, -13.3328954 ], [ -39.3103408, -13.3329819 ], [ -39.3104296, -13.3329818 ], [ -39.3104295, -13.3328953 ] ] ] } },
{ "type": "Feature", "properties": { "id_copa": 120, "talhao": "T2" }, "geometry": { "type": "Polygon", "coordinates": [ [ [ -39.3098459, -13.3320499 ], [ -39.3097589, -13.33205 ], [ -39.3097589, -13.3321047 ], [ -39.309846, -13.3321046 ], [ -39.3098459, -13.3320499 ] ] ] } },
{ "type": "Feature", "properties": { "id_copa": 127, "talhao": "T2" }, "geometry": { "type": "Polygon", "coordinates": [ [ [ -39.3098046, -13.3332796 ], [ -39.3096873, -13.3332798 ], [ -39.3096874, -13.3333669 ], [ -39.3098047, -13.3333668 ], [ -39.3098046, -13.3332796 ] ] ] } },
{ "type": "Feature", "properties": { "id_copa": 128, "talhao": "T2" }, "geometry": { "type": "Polygon", "coordinates": [ [ [ -39.309891, -13.3324412 ], [ -39.3098133, -13.3324413 ], [ -39.3098134, -13.33252 ], [ -39.3098911, -13.3325199 ], [ -39.309891, -13.3324412 ] ] ] } },
{ "type": "Feature", "properties": { "id_copa": 129, "talhao": "T2" }, "geometry": { "type": "Polygon", "coordinates": [ [ [ -39.3101607, -13.3319747 ], [ -39.3100747, -13.3319748 ], [ -39.3100748, -13.3320573 ], [ -39.3101608, -13.3320572 ], [ -39.3101607, -13.3319747 ] ] ] } },
{ "type": "Feature", "properties": { "id_copa": 141, "talhao": "T2" }, "geometry": { "type": "Polygon", "coordinates": [ [ [ -39.3103576, -13.3331673 ], [ -39.3102828, -13.3331674 ], [ -39.3102829, -13.3332394 ], [ -39.3103577, -13.3332393 ], [ -39.3103576, -13.3331673 ] ] ] } },
{ "type": "Feature", "properties": { "id_copa": 164, "talhao": "T2" }, "geometry": { "type": "Polygon", "coordinates": [ [ [ -39.3098807, -13.3318336 ], [ -39.3098129, -13.3318337 ], [ -39.309813, -13.3318974 ], [ -39.3098808, -13.3318973 ], [ -39.3098807, -13.3318336 ] ] ] } },
{ "type": "Feature", "properties": { "id_copa": 167, "talhao": "T2" }, "geometry": { "type": "Polygon", "coordinates": [ [ [ -39.3103016, -13.3332417 ], [ -39.3102349, -13.3332418 ], [ -39.310235, -13.3333248 ], [ -39.3103017, -13.3333247 ], [ -39.3103016, -13.3332417 ] ] ] } },
{ "type": "Feature", "properties": { "id_copa": 179, "talhao": "T2" }, "geometry": { "type": "Polygon", "coordinates": [ [ [ -39.31032, -13.3328697 ], [ -39.3102422, -13.3328698 ], [ -39.3102423, -13.3329446 ], [ -39.3103201, -13.3329445 ], [ -39.31032, -13.3328697 ] ] ] } },
{ "type": "Feature", "properties": { "id_copa": 183, "talhao": "T2" }, "geometry": { "type": "Polygon", "coordinates": [ [ [ -39.3099967, -13.3332565 ], [ -39.3099265, -13.3332566 ], [ -39.3099266, -13.3333405 ], [ -39.3099968, -13.3333404 ], [ -39.3099967, -13.3332565 ] ] ] } },
{ "type": "Feature", "properties": { "id_copa": 195, "talhao": "T2" }, "geometry": { "type": "Polygon", "coordinates": [ [ [ -39.3103098, -13.3325236 ], [ -39.3102441, -13.3325237 ], [ -39.3102441, -13.3325752 ], [ -39.3103099, -13.3325751 ], [ -39.3103098, -13.3325236 ] ] ] } },
{ "type": "Feature", "properties": { "id_copa": 225, "talhao": "T2" }, "geometry": { "type": "Polygon", "coordinates": [ [ [ -39.3099862, -13.3324157 ], [ -39.3099311, -13.3324158 ], [ -39.3099311, -13.3324708 ], [ -39.3099863, -13.3324707 ], [ -39.3099862, -13.3324157 ] ] ] } },
{ "type": "Feature", "properties": { "id_copa": 229, "talhao": "T2" }, "geometry": { "type": "Polygon", "coordinates": [ [ [ -39.3104829, -13.3330081 ], [ -39.3104038, -13.3330082 ], [ -39.3104039, -13.3330912 ], [ -39.310483, -13.3330911 ], [ -39.3104829, -13.3330081 ] ] ] } },
{ "type": "Feature", "properties": { "id_copa": 234, "talhao": "T2" }, "geometry": { "type": "Polygon", "coordinates": [ [ [ -39.3103424, -13.3340664 ], [ -39.3102625, -13.3340665 ], [ -39.3102627, -13.334163 ], [ -39.3103425, -13.3341629 ], [ -39.3103424, -13.3340664 ] ] ] } },
{ "type": "Feature", "properties": { "id_copa": 250, "talhao": "T2" }, "geometry": { "type": "Polygon", "coordinates": [ [ [ -39.3103491, -13.3322881 ], [ -39.310252, -13.3322882 ], [ -39.3102521, -13.3323821 ], [ -39.3103493, -13.3323819 ], [ -39.3103491, -13.3322881 ] ] ] } },
{ "type": "Feature", "properties": { "id_copa": 282, "talhao": "T2" }, "geometry": { "type": "Polygon", "coordinates": [ [ [ -39.3100117, -13.3323183 ], [ -39.3099416, -13.3323183 ], [ -39.3099418, -13.3324121 ], [ -39.3100118, -13.332412 ], [ -39.3100117, -13.3323183 ] ] ] } },
{ "type": "Feature", "properties": { "id_copa": 283, "talhao": "T2" }, "geometry": { "type": "Polygon", "coordinates": [ [ [ -39.3100301, -13.3331272 ], [ -39.3099595, -13.3331273 ], [ -39.3099596, -13.3332228 ], [ -39.3100302, -13.3332227 ], [ -39.3100301, -13.3331272 ] ] ] } },
{ "type": "Feature", "properties": { "id_copa": 285, "talhao": "T2" }, "geometry": { "type": "Polygon", "coordinates": [ [ [ -39.3099558, -13.3326787 ], [ -39.3098803, -13.3326788 ], [ -39.3098804, -13.3327445 ], [ -39.3099559, -13.3327444 ], [ -39.3099558, -13.3326787 ] ] ] } },
{ "type": "Feature", "properties": { "id_copa": 301, "talhao": "T2" }, "geometry": { "type": "Polygon", "coordinates": [ [ [ -39.3101558, -13.3328383 ], [ -39.3100739, -13.3328384 ], [ -39.310074, -13.3329496 ], [ -39.3101559, -13.3329495 ], [ -39.3101558, -13.3328383 ] ] ] } },
{ "type": "Feature", "properties": { "id_copa": 302, "talhao": "T2" }, "geometry": { "type": "Polygon", "coordinates": [ [ [ -39.3101737, -13.3327225 ], [ -39.3100941, -13.3327226 ], [ -39.3100942, -13.3328059 ], [ -39.3101738, -13.3328058 ], [ -39.3101737, -13.3327225 ] ] ] } },
{ "type": "Feature", "properties": { "id_copa": 321, "talhao": "T2" }, "geometry": { "type": "Polygon", "coordinates": [ [ [ -39.3102767, -13.3327056 ], [ -39.3101829, -13.3327058 ], [ -39.310183, -13.3327823 ], [ -39.3102768, -13.3327822 ], [ -39.3102767, -13.3327056 ] ] ] } },
{ "type": "Feature", "properties": { "id_copa": 324, "talhao": "T2" }, "geometry": { "type": "Polygon", "coordinates": [ [ [ -39.3098695, -13.3326202 ], [ -39.3098014, -13.3326203 ], [ -39.3098014, -13.3326847 ], [ -39.3098695, -13.3326846 ], [ -39.3098695, -13.3326202 ] ] ] } },
{ "type": "Feature", "properties": { "id_copa": 327, "talhao": "T2" }, "geometry": { "type": "Polygon", "coordinates": [ [ [ -39.3101606, -13.3341114 ], [ -39.3101042, -13.3341115 ], [ -39.3101043, -13.3341653 ], [ -39.3101606, -13.3341652 ], [ -39.3101606, -13.3341114 ] ] ] } },
{ "type": "Feature", "properties": { "id_copa": 333, "talhao": "T2" }, "geometry": { "type": "Polygon", "coordinates": [ [ [ -39.3097019, -13.3331127 ], [ -39.3096247, -13.3331128 ], [ -39.3096248, -13.3331799 ], [ -39.3097019, -13.3331798 ], [ -39.3097019, -13.3331127 ] ] ] } },
{ "type": "Feature", "properties": { "id_copa": 334, "talhao": "T2" }, "geometry": { "type": "Polygon", "coordinates": [ [ [ -39.3100812, -13.3332507 ], [ -39.3100092, -13.3332508 ], [ -39.3100093, -13.3333289 ], [ -39.3100813, -13.3333288 ], [ -39.3100812, -13.3332507 ] ] ] } },
{ "type": "Feature", "properties": { "id_copa": 345, "talhao": "T2" }, "geometry": { "type": "Polygon", "coordinates": [ [ [ -39.3101356, -13.3333532 ], [ -39.3100484, -13.3333534 ], [ -39.3100485, -13.3334409 ], [ -39.3101357, -13.3334408 ], [ -39.3101356, -13.3333532 ] ] ] } },
{ "type": "Feature", "properties": { "id_copa": 356, "talhao": "T2" }, "geometry": { "type": "Polygon", "coordinates": [ [ [ -39.3103865, -13.333796 ], [ -39.3103027, -13.3337961 ], [ -39.3103028, -13.3338743 ], [ -39.3103866, -13.3338742 ], [ -39.3103865, -13.333796 ] ] ] } },
{ "type": "Feature", "properties": { "id_copa": 360, "talhao": "T2" }, "geometry": { "type": "Polygon", "coordinates": [ [ [ -39.3098443, -13.3331795 ], [ -39.3097516, -13.3331796 ], [ -39.3097517, -13.3332618 ], [ -39.3098444, -13.3332617 ], [ -39.3098443, -13.3331795 ] ] ] } },
{ "type": "Feature", "properties": { "id_copa": 373, "talhao": "T2" }, "geometry": { "type": "Polygon", "coordinates": [ [ [ -39.3099329, -13.3325591 ], [ -39.3098713, -13.3325592 ], [ -39.3098713, -13.3326132 ], [ -39.309933, -13.3326132 ], [ -39.3099329, -13.3325591 ] ] ] } },
{ "type": "Feature", "properties": { "id_copa": 378, "talhao": "T2" }, "geometry": { "type": "Polygon", "coordinates": [ [ [ -39.3097675, -13.3318641 ], [ -39.3097177, -13.3318641 ], [ -39.3097177, -13.3319239 ], [ -39.3097675, -13.3319239 ], [ -39.3097675, -13.3318641 ] ] ] } },
{ "type": "Feature", "properties": { "id_copa": 385, "talhao": "T2" }, "geometry": { "type": "Polygon", "coordinates": [ [ [ -39.309924, -13.3323664 ], [ -39.309863, -13.3323665 ], [ -39.3098631, -13.3324301 ], [ -39.309924, -13.33243 ], [ -39.309924, -13.3323664 ] ] ] } },
{ "type": "Feature", "properties": { "id_copa": 393, "talhao": "T2" }, "geometry": { "type": "Polygon", "coordinates": [ [ [ -39.3097199, -13.3336961 ], [ -39.3096394, -13.3336962 ], [ -39.3096395, -13.333768 ], [ -39.30972, -13.3337679 ], [ -39.3097199, -13.3336961 ] ] ] } },
{ "type": "Feature", "properties": { "id_copa": 394, "talhao": "T2" }, "geometry": { "type": "Polygon", "coordinates": [ [ [ -39.3098897, -13.3326894 ], [ -39.3098283, -13.3326894 ], [ -39.3098284, -13.3327547 ], [ -39.3098898, -13.3327547 ], [ -39.3098897, -13.3326894 ] ] ] } },
{ "type": "Feature", "properties": { "id_copa": 405, "talhao": "T2" }, "geometry": { "type": "Polygon", "coordinates": [ [ [ -39.3103685, -13.3321636 ], [ -39.3102789, -13.3321637 ], [ -39.310279, -13.3322533 ], [ -39.3103686, -13.3322532 ], [ -39.3103685, -13.3321636 ] ] ] } },
{ "type": "Feature", "properties": { "id_copa": 410, "talhao": "T2" }, "geometry": { "type": "Polygon", "coordinates": [ [ [ -39.3103137, -13.3339475 ], [ -39.3102347, -13.3339476 ], [ -39.3102348, -13.3340253 ], [ -39.3103138, -13.3340252 ], [ -39.3103137, -13.3339475 ] ] ] } },
{ "type": "Feature", "properties": { "id_copa": 415, "talhao": "T2" }, "geometry": { "type": "Polygon", "coordinates": [ [ [ -39.3098376, -13.3330659 ], [ -39.3097609, -13.333066 ], [ -39.309761, -13.3331359 ], [ -39.3098376, -13.3331358 ], [ -39.3098376, -13.3330659 ] ] ] } },
{ "type": "Feature", "properties": { "id_copa": 417, "talhao": "T2" }, "geometry": { "type": "Polygon", "coordinates": [ [ [ -39.3098269, -13.3318594 ], [ -39.3097694, -13.3318595 ], [ -39.3097695, -13.3319101 ], [ -39.309827, -13.33191 ], [ -39.3098269, -13.3318594 ] ] ] } },
{ "type": "Feature", "properties": { "id_copa": 435, "talhao": "T2" }, "geometry": { "type": "Polygon", "coordinates": [ [ [ -39.3102194, -13.33439 ], [ -39.3101159, -13.3343902 ], [ -39.310116, -13.334502 ], [ -39.3102195, -13.3345019 ], [ -39.3102194, -13.33439 ] ] ] } },
{ "type": "Feature", "properties": { "id_copa": 436, "talhao": "T2" }, "geometry": { "type": "Polygon", "coordinates": [ [ [ -39.3098393, -13.3319702 ], [ -39.3097836, -13.3319703 ], [ -39.3097837, -13.3320299 ], [ -39.3098394, -13.3320299 ], [ -39.3098393, -13.3319702 ] ] ] } },
{ "type": "Feature", "properties": { "id_copa": 452, "talhao": "T2" }, "geometry": { "type": "Polygon", "coordinates": [ [ [ -39.3103472, -13.3341935 ], [ -39.3102487, -13.3341936 ], [ -39.3102488, -13.3342997 ], [ -39.3103473, -13.3342995 ], [ -39.3103472, -13.3341935 ] ] ] } },
{ "type": "Feature", "properties": { "id_copa": 473, "talhao": "T2" }, "geometry": { "type": "Polygon", "coordinates": [ [ [ -39.3100149, -13.332887 ], [ -39.3099407, -13.3328871 ], [ -39.3099408, -13.3329573 ], [ -39.310015, -13.3329572 ], [ -39.3100149, -13.332887 ] ] ] } },
{ "type": "Feature", "properties": { "id_copa": 476, "talhao": "T2" }, "geometry": { "type": "Polygon", "coordinates": [ [ [ -39.3103075, -13.3331325 ], [ -39.3102472, -13.3331326 ], [ -39.3102473, -13.3331928 ], [ -39.3103076, -13.3331927 ], [ -39.3103075, -13.3331325 ] ] ] } },
{ "type": "Feature", "properties": { "id_copa": 480, "talhao": "T2" }, "geometry": { "type": "Polygon", "coordinates": [ [ [ -39.3103784, -13.3339293 ], [ -39.3103057, -13.3339294 ], [ -39.3103058, -13.3340048 ], [ -39.3103785, -13.3340047 ], [ -39.3103784, -13.3339293 ] ] ] } },
{ "type": "Feature", "properties": { "id_copa": 490, "talhao": "T2" }, "geometry": { "type": "Polygon", "coordinates": [ [ [ -39.3098261, -13.3324635 ], [ -39.3097511, -13.3324636 ], [ -39.3097512, -13.3325362 ], [ -39.3098262, -13.3325361 ], [ -39.3098261, -13.3324635 ] ] ] } },
{ "type": "Feature", "properties": { "id_copa": 498, "talhao": "T2" }, "geometry": { "type": "Polygon", "coordinates": [ [ [ -39.3102932, -13.3329308 ], [ -39.3102037, -13.3329309 ], [ -39.3102038, -13.3330206 ], [ -39.3102933, -13.3330205 ], [ -39.3102932, -13.3329308 ] ] ] } },
{ "type": "Feature", "properties": { "id_copa": 501, "talhao": "T2" }, "geometry": { "type": "Polygon", "coordinates": [ [ [ -39.3101461, -13.3323041 ], [ -39.3100895, -13.3323042 ], [ -39.3100896, -13.3323655 ], [ -39.3101462, -13.3323654 ], [ -39.3101461, -13.3323041 ] ] ] } },
{ "type": "Feature", "properties": { "id_copa": 509, "talhao": "T2" }, "geometry": { "type": "Polygon", "coordinates": [ [ [ -39.3100768, -13.3322775 ], [ -39.3100238, -13.3322776 ], [ -39.3100239, -13.3323219 ], [ -39.3100768, -13.3323218 ], [ -39.3100768, -13.3322775 ] ] ] } },
{ "type": "Feature", "properties": { "id_copa": 516, "talhao": "T2" }, "geometry": { "type": "Polygon", "coordinates": [ [ [ -39.3101066, -13.332195 ], [ -39.310039, -13.3321951 ], [ -39.3100391, -13.3322631 ], [ -39.3101067, -13.332263 ], [ -39.3101066, -13.332195 ] ] ] } },
{ "type": "Feature", "properties": { "id_copa": 518, "talhao": "T2" }, "geometry": { "type": "Polygon", "coordinates": [ [ [ -39.3103947, -13.3325475 ], [ -39.3103221, -13.3325476 ], [ -39.3103222, -13.3326314 ], [ -39.3103948, -13.3326313 ], [ -39.3103947, -13.3325475 ] ] ] } },
{ "type": "Feature", "properties": { "id_copa": 528, "talhao": "T2" }, "geometry": { "type": "Polygon", "coordinates": [ [ [ -39.3102271, -13.33289 ], [ -39.3101403, -13.3328901 ], [ -39.3101404, -13.3329758 ], [ -39.3102272, -13.3329757 ], [ -39.3102271, -13.33289 ] ] ] } },
{ "type": "Feature", "properties": { "id_copa": 535, "talhao": "T2" }, "geometry": { "type": "Polygon", "coordinates": [ [ [ -39.3100532, -13.3343277 ], [ -39.3099937, -13.3343277 ], [ -39.3099938, -13.3343828 ], [ -39.3100533, -13.3343827 ], [ -39.3100532, -13.3343277 ] ] ] } },
{ "type": "Feature", "properties": { "id_copa": 544, "talhao": "T2" }, "geometry": { "type": "Polygon", "coordinates": [ [ [ -39.3103567, -13.3338568 ], [ -39.3102634, -13.3338569 ], [ -39.3102635, -13.3339252 ], [ -39.3103568, -13.3339251 ], [ -39.3103567, -13.3338568 ] ] ] } },
{ "type": "Feature", "properties": { "id_copa": 551, "talhao": "T2" }, "geometry": { "type": "Polygon", "coordinates": [ [ [ -39.3100895, -13.3331233 ], [ -39.3100178, -13.3331234 ], [ -39.3100179, -13.3331958 ], [ -39.3100896, -13.3331957 ], [ -39.3100895, -13.3331233 ] ] ] } },
{ "type": "Feature", "properties": { "id_copa": 552, "talhao": "T2" }, "geometry": { "type": "Polygon", "coordinates": [ [ [ -39.3100415, -13.3326599 ], [ -39.3099522, -13.33266 ], [ -39.3099523, -13.3327377 ], [ -39.3100416, -13.3327376 ], [ -39.3100415, -13.3326599 ] ] ] } },
{ "type": "Feature", "properties": { "id_copa": 561, "talhao": "T2" }, "geometry": { "type": "Polygon", "coordinates": [ [ [ -39.3098807, -13.3318993 ], [ -39.3098225, -13.3318994 ], [ -39.3098225, -13.331948 ], [ -39.3098808, -13.3319479 ], [ -39.3098807, -13.3318993 ] ] ] } },
{ "type": "Feature", "properties": { "id_copa": 565, "talhao": "T2" }, "geometry": { "type": "Polygon", "coordinates": [ [ [ -39.310473, -13.3321511 ], [ -39.310374, -13.3321512 ], [ -39.3103741, -13.3322375 ], [ -39.3104731, -13.3322373 ], [ -39.310473, -13.3321511 ] ] ] } },
{ "type": "Feature", "properties": { "id_copa": 574, "talhao": "T2" }, "geometry": { "type": "Polygon", "coordinates": [ [ [ -39.3098199, -13.3328225 ], [ -39.3097311, -13.3328226 ], [ -39.3097312, -13.3328968 ], [ -39.30982, -13.3328967 ], [ -39.3098199, -13.3328225 ] ] ] } },
{ "type": "Feature", "properties": { "id_copa": 586, "talhao": "T2" }, "geometry": { "type": "Polygon", "coordinates": [ [ [ -39.3099212, -13.3326221 ], [ -39.3098629, -13.3326222 ], [ -39.309863, -13.332676 ], [ -39.3099213, -13.3326759 ], [ -39.3099212, -13.3326221 ] ] ] } },
{ "type": "Feature", "properties": { "id_copa": 589, "talhao": "T2" }, "geometry": { "type": "Polygon", "coordinates": [ [ [ -39.3102636, -13.3340891 ], [ -39.3101622, -13.3340892 ], [ -39.3101623, -13.3341892 ], [ -39.3102637, -13.3341891 ], [ -39.3102636, -13.3340891 ] ] ] } },
{ "type": "Feature", "properties": { "id_copa": 596, "talhao": "T2" }, "geometry": { "type": "Polygon", "coordinates": [ [ [ -39.3096666, -13.3336355 ], [ -39.309572, -13.3336357 ], [ -39.3095721, -13.3337067 ], [ -39.3096667, -13.3337066 ], [ -39.3096666, -13.3336355 ] ] ] } },
{ "type": "Feature", "properties": { "id_copa": 597, "talhao": "T2" }, "geometry": { "type": "Polygon", "coordinates": [ [ [ -39.3096876, -13.3333152 ], [ -39.3096157, -13.3333153 ], [ -39.3096158, -13.3333779 ], [ -39.3096876, -13.3333778 ], [ -39.3096876, -13.3333152 ] ] ] } },
{ "type": "Feature", "properties": { "id_copa": 603, "talhao": "T2" }, "geometry": { "type": "Polygon", "coordinates": [ [ [ -39.3099947, -13.3330178 ], [ -39.3099305, -13.3330179 ], [ -39.3099306, -13.3330923 ], [ -39.3099948, -13.3330923 ], [ -39.3099947, -13.3330178 ] ] ] } },
{ "type": "Feature", "properties": { "id_copa": 628, "talhao": "T2" }, "geometry": { "type": "Polygon", "coordinates": [ [ [ -39.3099003, -13.332881 ], [ -39.3098371, -13.3328811 ], [ -39.3098371, -13.3329333 ], [ -39.3099004, -13.3329333 ], [ -39.3099003, -13.332881 ] ] ] } },
{ "type": "Feature", "properties": { "id_copa": 639, "talhao": "T2" }, "geometry": { "type": "Polygon", "coordinates": [ [ [ -39.3098012, -13.3338718 ], [ -39.3097249, -13.3338718 ], [ -39.309725, -13.333948 ], [ -39.3098013, -13.3339479 ], [ -39.3098012, -13.3338718 ] ] ] } },
{ "type": "Feature", "properties": { "id_copa": 640, "talhao": "T2" }, "geometry": { "type": "Polygon", "coordinates": [ [ [ -39.3104567, -13.3330881 ], [ -39.310377, -13.3330882 ], [ -39.3103771, -13.3331505 ], [ -39.3104567, -13.3331504 ], [ -39.3104567, -13.3330881 ] ] ] } },
{ "type": "Feature", "properties": { "id_copa": 655, "talhao": "T2" }, "geometry": { "type": "Polygon", "coordinates": [ [ [ -39.310281, -13.3325737 ], [ -39.3102111, -13.3325737 ], [ -39.3102112, -13.3326471 ], [ -39.3102811, -13.3326471 ], [ -39.310281, -13.3325737 ] ] ] } },
{ "type": "Feature", "properties": { "id_copa": 662, "talhao": "T2" }, "geometry": { "type": "Polygon", "coordinates": [ [ [ -39.3100934, -13.3325021 ], [ -39.3100064, -13.3325022 ], [ -39.3100065, -13.3325819 ], [ -39.3100935, -13.3325818 ], [ -39.3100934, -13.3325021 ] ] ] } },
{ "type": "Feature", "properties": { "id_copa": 680, "talhao": "T2" }, "geometry": { "type": "Polygon", "coordinates": [ [ [ -39.3098111, -13.332928 ], [ -39.3097078, -13.3329281 ], [ -39.3097079, -13.3330362 ], [ -39.3098113, -13.3330361 ], [ -39.3098111, -13.332928 ] ] ] } },
{ "type": "Feature", "properties": { "id_copa": 684, "talhao": "T2" }, "geometry": { "type": "Polygon", "coordinates": [ [ [ -39.310217, -13.3325425 ], [ -39.3101278, -13.3325426 ], [ -39.3101279, -13.3326099 ], [ -39.3102171, -13.3326098 ], [ -39.310217, -13.3325425 ] ] ] } },
{ "type": "Feature", "properties": { "id_copa": 710, "talhao": "T2" }, "geometry": { "type": "Polygon", "coordinates": [ [ [ -39.310435, -13.3325968 ], [ -39.3103698, -13.3325969 ], [ -39.3103699, -13.3326726 ], [ -39.3104351, -13.3326725 ], [ -39.310435, -13.3325968 ] ] ] } },
{ "type": "Feature", "properties": { "id_copa": 744, "talhao": "T2" }, "geometry": { "type": "Polygon", "coordinates": [ [ [ -39.3104386, -13.3331494 ], [ -39.3103449, -13.3331496 ], [ -39.310345, -13.3332465 ], [ -39.3104388, -13.3332464 ], [ -39.3104386, -13.3331494 ] ] ] } },
{ "type": "Feature", "properties": { "id_copa": 746, "talhao": "T2" }, "geometry": { "type": "Polygon", "coordinates": [ [ [ -39.3098248, -13.3336437 ], [ -39.3097309, -13.3336438 ], [ -39.309731, -13.3337473 ], [ -39.3098249, -13.3337472 ], [ -39.3098248, -13.3336437 ] ] ] } },
{ "type": "Feature", "properties": { "id_copa": 752, "talhao": "T2" }, "geometry": { "type": "Polygon", "coordinates": [ [ [ -39.3098428, -13.3323964 ], [ -39.3097844, -13.3323965 ], [ -39.3097844, -13.3324537 ], [ -39.3098429, -13.3324537 ], [ -39.3098428, -13.3323964 ] ] ] } },
{ "type": "Feature", "properties": { "id_copa": 758, "talhao": "T2" }, "geometry": { "type": "Polygon", "coordinates": [ [ [ -39.3099392, -13.3318185 ], [ -39.30988, -13.3318186 ], [ -39.3098801, -13.3318743 ], [ -39.3099393, -13.3318742 ], [ -39.3099392, -13.3318185 ] ] ] } },
{ "type": "Feature", "properties": { "id_copa": 767, "talhao": "T2" }, "geometry": { "type": "Polygon", "coordinates": [ [ [ -39.3100403, -13.3335414 ], [ -39.3099694, -13.3335415 ], [ -39.3099695, -13.3336121 ], [ -39.3100404, -13.333612 ], [ -39.3100403, -13.3335414 ] ] ] } },
{ "type": "Feature", "properties": { "id_copa": 768, "talhao": "T2" }, "geometry": { "type": "Polygon", "coordinates": [ [ [ -39.3099964, -13.3324687 ], [ -39.3099243, -13.3324688 ], [ -39.3099244, -13.3325341 ], [ -39.3099964, -13.332534 ], [ -39.3099964, -13.3324687 ] ] ] } },
{ "type": "Feature", "properties": { "id_copa": 783, "talhao": "T2" }, "geometry": { "type": "Polygon", "coordinates": [ [ [ -39.3104045, -13.3324045 ], [ -39.310308, -13.3324046 ], [ -39.3103081, -13.3325098 ], [ -39.3104046, -13.3325097 ], [ -39.3104045, -13.3324045 ] ] ] } },
{ "type": "Feature", "properties": { "id_copa": 791, "talhao": "T2" }, "geometry": { "type": "Polygon", "coordinates": [ [ [ -39.3105123, -13.3323813 ], [ -39.3104145, -13.3323814 ], [ -39.3104146, -13.3324807 ], [ -39.3105124, -13.3324806 ], [ -39.3105123, -13.3323813 ] ] ] } },
{ "type": "Feature", "properties": { "id_copa": 803, "talhao": "T2" }, "geometry": { "type": "Polygon", "coordinates": [ [ [ -39.3103276, -13.3343022 ], [ -39.3101924, -13.3343023 ], [ -39.3101926, -13.334417 ], [ -39.3103278, -13.3344168 ], [ -39.3103276, -13.3343022 ] ] ] } },
{ "type": "Feature", "properties": { "id_copa": 820, "talhao": "T2" }, "geometry": { "type": "Polygon", "coordinates": [ [ [ -39.3101658, -13.3323496 ], [ -39.3101113, -13.3323497 ], [ -39.3101114, -13.3324127 ], [ -39.3101659, -13.3324127 ], [ -39.3101658, -13.3323496 ] ] ] } },
{ "type": "Feature", "properties": { "id_copa": 834, "talhao": "T2" }, "geometry": { "type": "Polygon", "coordinates": [ [ [ -39.310175, -13.3324505 ], [ -39.3100946, -13.3324506 ], [ -39.3100947, -13.3325578 ], [ -39.3101752, -13.3325577 ], [ -39.310175, -13.3324505 ] ] ] } },
{ "type": "Feature", "properties": { "id_copa": 867, "talhao": "T2" }, "geometry": { "type": "Polygon", "coordinates": [ [ [ -39.3097344, -13.3330857 ], [ -39.3096832, -13.3330857 ], [ -39.3096833, -13.3331389 ], [ -39.3097344, -13.3331389 ], [ -39.3097344, -13.3330857 ] ] ] } },
{ "type": "Feature", "properties": { "id_copa": 869, "talhao": "T2" }, "geometry": { "type": "Polygon", "coordinates": [ [ [ -39.3099253, -13.3327979 ], [ -39.309836, -13.332798 ], [ -39.3098361, -13.3328811 ], [ -39.3099254, -13.332881 ], [ -39.3099253, -13.3327979 ] ] ] } },
{ "type": "Feature", "properties": { "id_copa": 881, "talhao": "T2" }, "geometry": { "type": "Polygon", "coordinates": [ [ [ -39.3096467, -13.3337031 ], [ -39.3095572, -13.3337032 ], [ -39.3095573, -13.333786 ], [ -39.3096468, -13.3337859 ], [ -39.3096467, -13.3337031 ] ] ] } },
{ "type": "Feature", "properties": { "id_copa": 882, "talhao": "T2" }, "geometry": { "type": "Polygon", "coordinates": [ [ [ -39.3097875, -13.3324055 ], [ -39.3097246, -13.3324056 ], [ -39.3097247, -13.3324705 ], [ -39.3097876, -13.3324704 ], [ -39.3097875, -13.3324055 ] ] ] } },
{ "type": "Feature", "properties": { "id_copa": 896, "talhao": "T2" }, "geometry": { "type": "Polygon", "coordinates": [ [ [ -39.3100118, -13.3325152 ], [ -39.3099388, -13.3325153 ], [ -39.3099389, -13.3325756 ], [ -39.3100118, -13.3325755 ], [ -39.3100118, -13.3325152 ] ] ] } },
{ "type": "Feature", "properties": { "id_copa": 909, "talhao": "T2" }, "geometry": { "type": "Polygon", "coordinates": [ [ [ -39.3101918, -13.3317384 ], [ -39.3101333, -13.3317385 ], [ -39.3101333, -13.3317947 ], [ -39.3101918, -13.3317946 ], [ -39.3101918, -13.3317384 ] ] ] } },
{ "type": "Feature", "properties": { "id_copa": 918, "talhao": "T2" }, "geometry": { "type": "Polygon", "coordinates": [ [ [ -39.3101014, -13.3326118 ], [ -39.310025, -13.3326119 ], [ -39.3100251, -13.3326941 ], [ -39.3101015, -13.332694 ], [ -39.3101014, -13.3326118 ] ] ] } },
{ "type": "Feature", "properties": { "id_copa": 922, "talhao": "T2" }, "geometry": { "type": "Polygon", "coordinates": [ [ [ -39.3103891, -13.3322436 ], [ -39.3103208, -13.3322437 ], [ -39.3103209, -13.3323056 ], [ -39.3103892, -13.3323055 ], [ -39.3103891, -13.3322436 ] ] ] } },
{ "type": "Feature", "properties": { "id_copa": 930, "talhao": "T2" }, "geometry": { "type": "Polygon", "coordinates": [ [ [ -39.3098796, -13.3337072 ], [ -39.3097834, -13.3337073 ], [ -39.3097836, -13.3338016 ], [ -39.3098797, -13.3338015 ], [ -39.3098796, -13.3337072 ] ] ] } },
{ "type": "Feature", "properties": { "id_copa": 944, "talhao": "T2" }, "geometry": { "type": "Polygon", "coordinates": [ [ [ -39.3103718, -13.3326275 ], [ -39.3103174, -13.3326275 ], [ -39.3103175, -13.332683 ], [ -39.3103719, -13.3326829 ], [ -39.3103718, -13.3326275 ] ] ] } },
{ "type": "Feature", "properties": { "id_copa": 965, "talhao": "T2" }, "geometry": { "type": "Polygon", "coordinates": [ [ [ -39.3101897, -13.3322951 ], [ -39.3101396, -13.3322951 ], [ -39.3101396, -13.3323373 ], [ -39.3101897, -13.3323373 ], [ -39.3101897, -13.3322951 ] ] ] } },
{ "type": "Feature", "properties": { "id_copa": 975, "talhao": "T2" }, "geometry": { "type": "Polygon", "coordinates": [ [ [ -39.3102474, -13.3322766 ], [ -39.3101941, -13.3322766 ], [ -39.3101941, -13.3323292 ], [ -39.3102474, -13.3323292 ], [ -39.3102474, -13.3322766 ] ] ] } },
{ "type": "Feature", "properties": { "id_copa": 985, "talhao": "T2" }, "geometry": { "type": "Polygon", "coordinates": [ [ [ -39.3104902, -13.3325149 ], [ -39.3104057, -13.332515 ], [ -39.3104058, -13.332596 ], [ -39.3104903, -13.3325959 ], [ -39.3104902, -13.3325149 ] ] ] } },
{ "type": "Feature", "properties": { "id_copa": 986, "talhao": "T2" }, "geometry": { "type": "Polygon", "coordinates": [ [ [ -39.3098371, -13.3340426 ], [ -39.3097602, -13.3340427 ], [ -39.3097603, -13.3341166 ], [ -39.3098372, -13.3341165 ], [ -39.3098371, -13.3340426 ] ] ] } },
{ "type": "Feature", "properties": { "id_copa": 988, "talhao": "T2" }, "geometry": { "type": "Polygon", "coordinates": [ [ [ -39.310001, -13.3336335 ], [ -39.3099261, -13.3336335 ], [ -39.3099262, -13.3337149 ], [ -39.3100011, -13.3337148 ], [ -39.310001, -13.3336335 ] ] ] } },
{ "type": "Feature", "properties": { "id_copa": 990, "talhao": "T2" }, "geometry": { "type": "Polygon", "coordinates": [ [ [ -39.3101808, -13.3327995 ], [ -39.3101242, -13.3327995 ], [ -39.3101243, -13.3328593 ], [ -39.3101808, -13.3328592 ], [ -39.3101808, -13.3327995 ] ] ] } },
{ "type": "Feature", "properties": { "id_copa": 994, "talhao": "T2" }, "geometry": { "type": "Polygon", "coordinates": [ [ [ -39.3105261, -13.3326249 ], [ -39.3104084, -13.3326251 ], [ -39.3104085, -13.3327396 ], [ -39.3105263, -13.3327394 ], [ -39.3105261, -13.3326249 ] ] ] } },
{ "type": "Feature", "properties": { "id_copa": 997, "talhao": "T2" }, "geometry": { "type": "Polygon", "coordinates": [ [ [ -39.3100562, -13.3328171 ], [ -39.3099852, -13.3328172 ], [ -39.3099854, -13.332904 ], [ -39.3100563, -13.332904 ], [ -39.3100562, -13.3328171 ] ] ] } },
{ "type": "Feature", "properties": { "id_copa": 1007, "talhao": "T2" }, "geometry": { "type": "Polygon", "coordinates": [ [ [ -39.3100662, -13.3330653 ], [ -39.3100112, -13.3330653 ], [ -39.3100113, -13.3331301 ], [ -39.3100663, -13.3331301 ], [ -39.3100662, -13.3330653 ] ] ] } },
{ "type": "Feature", "properties": { "id_copa": 1008, "talhao": "T2" }, "geometry": { "type": "Polygon", "coordinates": [ [ [ -39.3101888, -13.3322246 ], [ -39.3101368, -13.3322247 ], [ -39.3101369, -13.3322876 ], [ -39.3101888, -13.3322875 ], [ -39.3101888, -13.3322246 ] ] ] } },
{ "type": "Feature", "properties": { "id_copa": 1011, "talhao": "T2" }, "geometry": { "type": "Polygon", "coordinates": [ [ [ -39.310063, -13.3336078 ], [ -39.3099867, -13.3336079 ], [ -39.3099868, -13.3336849 ], [ -39.3100631, -13.3336848 ], [ -39.310063, -13.3336078 ] ] ] } },
{ "type": "Feature", "properties": { "id_copa": 1022, "talhao": "T2" }, "geometry": { "type": "Polygon", "coordinates": [ [ [ -39.3104096, -13.3336633 ], [ -39.3103412, -13.3336634 ], [ -39.3103413, -13.3337571 ], [ -39.3104098, -13.333757 ], [ -39.3104096, -13.3336633 ] ] ] } },
{ "type": "Feature", "properties": { "id_copa": 1024, "talhao": "T2" }, "geometry": { "type": "Polygon", "coordinates": [ [ [ -39.3099736, -13.3335651 ], [ -39.3099058, -13.3335652 ], [ -39.3099059, -13.3336256 ], [ -39.3099737, -13.3336255 ], [ -39.3099736, -13.3335651 ] ] ] } },
{ "type": "Feature", "properties": { "id_copa": 1044, "talhao": "T2" }, "geometry": { "type": "Polygon", "coordinates": [ [ [ -39.3103273, -13.3329931 ], [ -39.3102607, -13.3329932 ], [ -39.3102608, -13.3330659 ], [ -39.3103274, -13.3330658 ], [ -39.3103273, -13.3329931 ] ] ] } },
{ "type": "Feature", "properties": { "id_copa": 1046, "talhao": "T2" }, "geometry": { "type": "Polygon", "coordinates": [ [ [ -39.3100367, -13.3333298 ], [ -39.3099641, -13.3333299 ], [ -39.3099642, -13.3334142 ], [ -39.3100368, -13.3334141 ], [ -39.3100367, -13.3333298 ] ] ] } },
{ "type": "Feature", "properties": { "id_copa": 1073, "talhao": "T2" }, "geometry": { "type": "Polygon", "coordinates": [ [ [ -39.3100423, -13.3324727 ], [ -39.3099936, -13.3324728 ], [ -39.3099937, -13.3325118 ], [ -39.3100423, -13.3325118 ], [ -39.3100423, -13.3324727 ] ] ] } },
{ "type": "Feature", "properties": { "id_copa": 1103, "talhao": "T2" }, "geometry": { "type": "Polygon", "coordinates": [ [ [ -39.3104944, -13.3344194 ], [ -39.3103274, -13.3344196 ], [ -39.3103275, -13.3345405 ], [ -39.3104946, -13.3345403 ], [ -39.3104944, -13.3344194 ] ] ] } },
{ "type": "Feature", "properties": { "id_copa": 1115, "talhao": "T2" }, "geometry": { "type": "Polygon", "coordinates": [ [ [ -39.3101227, -13.3336098 ], [ -39.3100513, -13.3336099 ], [ -39.3100515, -13.3336974 ], [ -39.3101228, -13.3336973 ], [ -39.3101227, -13.3336098 ] ] ] } },
{ "type": "Feature", "properties": { "id_copa": 1117, "talhao": "T2" }, "geometry": { "type": "Polygon", "coordinates": [ [ [ -39.310207, -13.3342266 ], [ -39.3101379, -13.3342267 ], [ -39.310138, -13.3343075 ], [ -39.3102071, -13.3343074 ], [ -39.310207, -13.3342266 ] ] ] } },
{ "type": "Feature", "properties": { "id_copa": 1120, "talhao": "T2" }, "geometry": { "type": "Polygon", "coordinates": [ [ [ -39.3100875, -13.3323329 ], [ -39.310018, -13.332333 ], [ -39.3100181, -13.3323957 ], [ -39.3100876, -13.3323956 ], [ -39.3100875, -13.3323329 ] ] ] } },
{ "type": "Feature", "properties": { "id_copa": 1122, "talhao": "T2" }, "geometry": { "type": "Polygon", "coordinates": [ [ [ -39.3102195, -13.3326592 ], [ -39.3101508, -13.3326593 ], [ -39.3101509, -13.332722 ], [ -39.3102196, -13.3327219 ], [ -39.3102195, -13.3326592 ] ] ] } },
{ "type": "Feature", "properties": { "id_copa": 1132, "talhao": "T2" }, "geometry": { "type": "Polygon", "coordinates": [ [ [ -39.3101538, -13.3326012 ], [ -39.3100826, -13.3326013 ], [ -39.3100827, -13.3326801 ], [ -39.3101539, -13.33268 ], [ -39.3101538, -13.3326012 ] ] ] } },
{ "type": "Feature", "properties": { "id_copa": 1147, "talhao": "T2" }, "geometry": { "type": "Polygon", "coordinates": [ [ [ -39.310376, -13.3335461 ], [ -39.3102974, -13.3335462 ], [ -39.3102975, -13.3336271 ], [ -39.3103761, -13.333627 ], [ -39.310376, -13.3335461 ] ] ] } },
{ "type": "Feature", "properties": { "id_copa": 1152, "talhao": "T2" }, "geometry": { "type": "Polygon", "coordinates": [ [ [ -39.3102357, -13.3327895 ], [ -39.3101793, -13.3327896 ], [ -39.3101793, -13.3328391 ], [ -39.3102358, -13.332839 ], [ -39.3102357, -13.3327895 ] ] ] } },
{ "type": "Feature", "properties": { "id_copa": 1160, "talhao": "T2" }, "geometry": { "type": "Polygon", "coordinates": [ [ [ -39.3101111, -13.3327516 ], [ -39.3100447, -13.3327517 ], [ -39.3100448, -13.332819 ], [ -39.3101112, -13.332819 ], [ -39.3101111, -13.3327516 ] ] ] } },
{ "type": "Feature", "properties": { "id_copa": 1184, "talhao": "T2" }, "geometry": { "type": "Polygon", "coordinates": [ [ [ -39.3102255, -13.3325986 ], [ -39.3101622, -13.3325987 ], [ -39.3101622, -13.3326632 ], [ -39.3102256, -13.3326632 ], [ -39.3102255, -13.3325986 ] ] ] } },
{ "type": "Feature", "properties": { "id_copa": 1214, "talhao": "T2" }, "geometry": { "type": "Polygon", "coordinates": [ [ [ -39.3103585, -13.332108 ], [ -39.3103122, -13.3321081 ], [ -39.3103123, -13.3321602 ], [ -39.3103586, -13.3321601 ], [ -39.3103585, -13.332108 ] ] ] } },
{ "type": "Feature", "properties": { "id_copa": 1219, "talhao": "T2" }, "geometry": { "type": "Polygon", "coordinates": [ [ [ -39.3104271, -13.3337508 ], [ -39.3103633, -13.3337509 ], [ -39.3103633, -13.3337998 ], [ -39.3104272, -13.3337997 ], [ -39.3104271, -13.3337508 ] ] ] } },
{ "type": "Feature", "properties": { "id_copa": 1223, "talhao": "T2" }, "geometry": { "type": "Polygon", "coordinates": [ [ [ -39.3101508, -13.3341814 ], [ -39.310037, -13.3341815 ], [ -39.3100372, -13.3343315 ], [ -39.310151, -13.3343313 ], [ -39.3101508, -13.3341814 ] ] ] } },
{ "type": "Feature", "properties": { "id_copa": 1226, "talhao": "T2" }, "geometry": { "type": "Polygon", "coordinates": [ [ [ -39.3098464, -13.33302 ], [ -39.3097753, -13.3330201 ], [ -39.3097754, -13.3330852 ], [ -39.3098464, -13.3330851 ], [ -39.3098464, -13.33302 ] ] ] } },
{ "type": "Feature", "properties": { "id_copa": 1227, "talhao": "T2" }, "geometry": { "type": "Polygon", "coordinates": [ [ [ -39.3102863, -13.3327754 ], [ -39.3102373, -13.3327754 ], [ -39.3102374, -13.3328182 ], [ -39.3102863, -13.3328182 ], [ -39.3102863, -13.3327754 ] ] ] } },
{ "type": "Feature", "properties": { "id_copa": 1239, "talhao": "T2" }, "geometry": { "type": "Polygon", "coordinates": [ [ [ -39.3104217, -13.3334188 ], [ -39.3103298, -13.3334189 ], [ -39.3103299, -13.3334975 ], [ -39.3104218, -13.3334974 ], [ -39.3104217, -13.3334188 ] ] ] } },
{ "type": "Feature", "properties": { "id_copa": 1241, "talhao": "T2" }, "geometry": { "type": "Polygon", "coordinates": [ [ [ -39.3099333, -13.3329755 ], [ -39.3098848, -13.3329756 ], [ -39.3098849, -13.3330351 ], [ -39.3099334, -13.333035 ], [ -39.3099333, -13.3329755 ] ] ] } },
{ "type": "Feature", "properties": { "id_copa": 1244, "talhao": "T2" }, "geometry": { "type": "Polygon", "coordinates": [ [ [ -39.3102264, -13.3323314 ], [ -39.310159, -13.3323314 ], [ -39.3101591, -13.3323985 ], [ -39.3102265, -13.3323984 ], [ -39.3102264, -13.3323314 ] ] ] } },
{ "type": "Feature", "properties": { "id_copa": 1251, "talhao": "T2" }, "geometry": { "type": "Polygon", "coordinates": [ [ [ -39.3103917, -13.3330245 ], [ -39.3102991, -13.3330246 ], [ -39.3102992, -13.3331268 ], [ -39.3103918, -13.3331267 ], [ -39.3103917, -13.3330245 ] ] ] } },
{ "type": "Feature", "properties": { "id_copa": 1255, "talhao": "T2" }, "geometry": { "type": "Polygon", "coordinates": [ [ [ -39.3103948, -13.3329866 ], [ -39.3103391, -13.3329866 ], [ -39.3103392, -13.3330333 ], [ -39.3103949, -13.3330332 ], [ -39.3103948, -13.3329866 ] ] ] } },
{ "type": "Feature", "properties": { "id_copa": 1264, "talhao": "T2" }, "geometry": { "type": "Polygon", "coordinates": [ [ [ -39.3104273, -13.3323298 ], [ -39.3103498, -13.3323299 ], [ -39.3103499, -13.3323973 ], [ -39.3104274, -13.3323972 ], [ -39.3104273, -13.3323298 ] ] ] } },
{ "type": "Feature", "properties": { "id_copa": 1265, "talhao": "T2" }, "geometry": { "type": "Polygon", "coordinates": [ [ [ -39.3098658, -13.3331288 ], [ -39.3097852, -13.3331289 ], [ -39.3097853, -13.3331995 ], [ -39.3098659, -13.3331994 ], [ -39.3098658, -13.3331288 ] ] ] } },
{ "type": "Feature", "properties": { "id_copa": 1269, "talhao": "T2" }, "geometry": { "type": "Polygon", "coordinates": [ [ [ -39.3101046, -13.3331915 ], [ -39.3100561, -13.3331916 ], [ -39.3100562, -13.3332507 ], [ -39.3101046, -13.3332506 ], [ -39.3101046, -13.3331915 ] ] ] } },
{ "type": "Feature", "properties": { "id_copa": 1273, "talhao": "T2" }, "geometry": { "type": "Polygon", "coordinates": [ [ [ -39.3095762, -13.3337051 ], [ -39.3094939, -13.3337052 ], [ -39.309494, -13.3337956 ], [ -39.3095763, -13.3337955 ], [ -39.3095762, -13.3337051 ] ] ] } },
{ "type": "Feature", "properties": { "id_copa": 1288, "talhao": "T2" }, "geometry": { "type": "Polygon", "coordinates": [ [ [ -39.310053, -13.3332085 ], [ -39.3099868, -13.3332086 ], [ -39.3099868, -13.3332685 ], [ -39.3100531, -13.3332685 ], [ -39.310053, -13.3332085 ] ] ] } },
{ "type": "Feature", "properties": { "id_copa": 1308, "talhao": "T2" }, "geometry": { "type": "Polygon", "coordinates": [ [ [ -39.3102712, -13.3324515 ], [ -39.3102087, -13.3324516 ], [ -39.3102087, -13.3325197 ], [ -39.3102713, -13.3325196 ], [ -39.3102712, -13.3324515 ] ] ] } },
{ "type": "Feature", "properties": { "id_copa": 1319, "talhao": "T2" }, "geometry": { "type": "Polygon", "coordinates": [ [ [ -39.3099731, -13.3341426 ], [ -39.3099048, -13.3341427 ], [ -39.3099049, -13.3342069 ], [ -39.3099732, -13.3342068 ], [ -39.3099731, -13.3341426 ] ] ] } },
{ "type": "Feature", "properties": { "id_copa": 1332, "talhao": "T2" }, "geometry": { "type": "Polygon", "coordinates": [ [ [ -39.310319, -13.3326473 ], [ -39.3102207, -13.3326474 ], [ -39.3102208, -13.3327345 ], [ -39.3103192, -13.3327344 ], [ -39.310319, -13.3326473 ] ] ] } },
{ "type": "Feature", "properties": { "id_copa": 1354, "talhao": "T2" }, "geometry": { "type": "Polygon", "coordinates": [ [ [ -39.3098966, -13.3325106 ], [ -39.3098367, -13.3325107 ], [ -39.3098368, -13.3325892 ], [ -39.3098967, -13.3325891 ], [ -39.3098966, -13.3325106 ] ] ] } },
{ "type": "Feature", "properties": { "id_copa": 1390, "talhao": "T2" }, "geometry": { "type": "Polygon", "coordinates": [ [ [ -39.3098313, -13.3325231 ], [ -39.30979, -13.3325231 ], [ -39.30979, -13.3325668 ], [ -39.3098314, -13.3325668 ], [ -39.3098313, -13.3325231 ] ] ] } },
{ "type": "Feature", "properties": { "id_copa": 1391, "talhao": "T2" }, "geometry": { "type": "Polygon", "coordinates": [ [ [ -39.309972, -13.3337212 ], [ -39.3098614, -13.3337213 ], [ -39.3098616, -13.333852 ], [ -39.3099722, -13.3338519 ], [ -39.309972, -13.3337212 ] ] ] } },
{ "type": "Feature", "properties": { "id_copa": 1420, "talhao": "T2" }, "geometry": { "type": "Polygon", "coordinates": [ [ [ -39.3100775, -13.3323782 ], [ -39.3100125, -13.3323782 ], [ -39.3100126, -13.3324546 ], [ -39.3100776, -13.3324546 ], [ -39.3100775, -13.3323782 ] ] ] } },
{ "type": "Feature", "properties": { "id_copa": 1440, "talhao": "T2" }, "geometry": { "type": "Polygon", "coordinates": [ [ [ -39.3100828, -13.3327118 ], [ -39.3100473, -13.3327118 ], [ -39.3100473, -13.3327418 ], [ -39.3100829, -13.3327417 ], [ -39.3100828, -13.3327118 ] ] ] } },
{ "type": "Feature", "properties": { "id_copa": 1473, "talhao": "T2" }, "geometry": { "type": "Polygon", "coordinates": [ [ [ -39.3100851, -13.3340924 ], [ -39.3099611, -13.3340925 ], [ -39.3099613, -13.3342068 ], [ -39.3100852, -13.3342066 ], [ -39.3100851, -13.3340924 ] ] ] } },
{ "type": "Feature", "properties": { "id_copa": 1510, "talhao": "T2" }, "geometry": { "type": "Polygon", "coordinates": [ [ [ -39.3104307, -13.3320891 ], [ -39.3103601, -13.3320892 ], [ -39.3103602, -13.3321616 ], [ -39.3104308, -13.3321615 ], [ -39.3104307, -13.3320891 ] ] ] } },
{ "type": "Feature", "properties": { "id_copa": 1538, "talhao": "T2" }, "geometry": { "type": "Polygon", "coordinates": [ [ [ -39.3102573, -13.3322019 ], [ -39.3101757, -13.332202 ], [ -39.3101758, -13.3322788 ], [ -39.3102573, -13.3322787 ], [ -39.3102573, -13.3322019 ] ] ] } },
{ "type": "Feature", "properties": { "id_copa": 1541, "talhao": "T2" }, "geometry": { "type": "Polygon", "coordinates": [ [ [ -39.3105319, -13.3319884 ], [ -39.3104015, -13.3319885 ], [ -39.3104017, -13.3321087 ], [ -39.310532, -13.3321085 ], [ -39.3105319, -13.3319884 ] ] ] } },
{ "type": "Feature", "properties": { "id_copa": 1562, "talhao": "T2" }, "geometry": { "type": "Polygon", "coordinates": [ [ [ -39.3104247, -13.3327551 ], [ -39.310321, -13.3327552 ], [ -39.3103212, -13.3328671 ], [ -39.3104248, -13.332867 ], [ -39.3104247, -13.3327551 ] ] ] } },
{ "type": "Feature", "properties": { "id_copa": 1563, "talhao": "T2" }, "geometry": { "type": "Polygon", "coordinates": [ [ [ -39.3097099, -13.3338072 ], [ -39.3096341, -13.3338073 ], [ -39.3096342, -13.3338898 ], [ -39.30971, -13.3338897 ], [ -39.3097099, -13.3338072 ] ] ] } },
{ "type": "Feature", "properties": { "id_copa": 1570, "talhao": "T2" }, "geometry": { "type": "Polygon", "coordinates": [ [ [ -39.3103284, -13.332433 ], [ -39.3102628, -13.332433 ], [ -39.3102629, -13.3325174 ], [ -39.3103285, -13.3325173 ], [ -39.3103284, -13.332433 ] ] ] } },
{ "type": "Feature", "properties": { "id_copa": 1633, "talhao": "T2" }, "geometry": { "type": "Polygon", "coordinates": [ [ [ -39.3099462, -13.332111 ], [ -39.3098732, -13.332111 ], [ -39.3098733, -13.3322005 ], [ -39.3099463, -13.3322004 ], [ -39.3099462, -13.332111 ] ] ] } },
{ "type": "Feature", "properties": { "id_copa": 1645, "talhao": "T2" }, "geometry": { "type": "Polygon", "coordinates": [ [ [ -39.3095639, -13.3338403 ], [ -39.3094934, -13.3338404 ], [ -39.3094935, -13.3338983 ], [ -39.309564, -13.3338982 ], [ -39.3095639, -13.3338403 ] ] ] } },
{ "type": "Feature", "properties": { "id_copa": 1646, "talhao": "T2" }, "geometry": { "type": "Polygon", "coordinates": [ [ [ -39.3097223, -13.3336368 ], [ -39.3096601, -13.3336368 ], [ -39.3096602, -13.3336971 ], [ -39.3097224, -13.333697 ], [ -39.3097223, -13.3336368 ] ] ] } },
{ "type": "Feature", "properties": { "id_copa": 1651, "talhao": "T2" }, "geometry": { "type": "Polygon", "coordinates": [ [ [ -39.3097688, -13.3335521 ], [ -39.3096978, -13.3335522 ], [ -39.3096979, -13.3336301 ], [ -39.3097689, -13.33363 ], [ -39.3097688, -13.3335521 ] ] ] } },
{ "type": "Feature", "properties": { "id_copa": 1662, "talhao": "T2" }, "geometry": { "type": "Polygon", "coordinates": [ [ [ -39.3099874, -13.332832 ], [ -39.3098998, -13.3328321 ], [ -39.3099, -13.3329181 ], [ -39.3099875, -13.332918 ], [ -39.3099874, -13.332832 ] ] ] } },
{ "type": "Feature", "properties": { "id_copa": 1669, "talhao": "T2" }, "geometry": { "type": "Polygon", "coordinates": [ [ [ -39.3104002, -13.3319855 ], [ -39.3103119, -13.3319856 ], [ -39.310312, -13.3320835 ], [ -39.3104003, -13.3320834 ], [ -39.3104002, -13.3319855 ] ] ] } },
{ "type": "Feature", "properties": { "id_copa": 1697, "talhao": "T2" }, "geometry": { "type": "Polygon", "coordinates": [ [ [ -39.3100063, -13.3325981 ], [ -39.3099575, -13.3325982 ], [ -39.3099576, -13.3326471 ], [ -39.3100064, -13.3326471 ], [ -39.3100063, -13.3325981 ] ] ] } },
{ "type": "Feature", "properties": { "id_copa": 1716, "talhao": "T2" }, "geometry": { "type": "Polygon", "coordinates": [ [ [ -39.3100657, -13.3329535 ], [ -39.3099856, -13.3329536 ], [ -39.3099857, -13.3330322 ], [ -39.3100658, -13.3330321 ], [ -39.3100657, -13.3329535 ] ] ] } },
{ "type": "Feature", "properties": { "id_copa": 1733, "talhao": "T2" }, "geometry": { "type": "Polygon", "coordinates": [ [ [ -39.3102842, -13.332375 ], [ -39.3101523, -13.3323751 ], [ -39.3101524, -13.3324593 ], [ -39.3102843, -13.3324591 ], [ -39.3102842, -13.332375 ] ] ] } },
{ "type": "Feature", "properties": { "id_copa": 1740, "talhao": "T2" }, "geometry": { "type": "Polygon", "coordinates": [ [ [ -39.3104731, -13.3328331 ], [ -39.3104168, -13.3328331 ], [ -39.3104169, -13.332894 ], [ -39.3104731, -13.3328939 ], [ -39.3104731, -13.3328331 ] ] ] } },
{ "type": "Feature", "properties": { "id_copa": 1741, "talhao": "T2" }, "geometry": { "type": "Polygon", "coordinates": [ [ [ -39.3099128, -13.3327507 ], [ -39.3098596, -13.3327508 ], [ -39.3098596, -13.3328007 ], [ -39.3099128, -13.3328007 ], [ -39.3099128, -13.3327507 ] ] ] } },
{ "type": "Feature", "properties": { "id_copa": 1742, "talhao": "T2" }, "geometry": { "type": "Polygon", "coordinates": [ [ [ -39.3099826, -13.3329608 ], [ -39.3099288, -13.3329608 ], [ -39.3099289, -13.3330189 ], [ -39.3099827, -13.3330188 ], [ -39.3099826, -13.3329608 ] ] ] } },
{ "type": "Feature", "properties": { "id_copa": 1766, "talhao": "T2" }, "geometry": { "type": "Polygon", "coordinates": [ [ [ -39.3102561, -13.3342179 ], [ -39.3101977, -13.334218 ], [ -39.3101978, -13.3342981 ], [ -39.3102562, -13.334298 ], [ -39.3102561, -13.3342179 ] ] ] } },
{ "type": "Feature", "properties": { "id_copa": 1776, "talhao": "T2" }, "geometry": { "type": "Polygon", "coordinates": [ [ [ -39.3100143, -13.3327385 ], [ -39.3099441, -13.3327386 ], [ -39.3099442, -13.332826 ], [ -39.3100144, -13.3328259 ], [ -39.3100143, -13.3327385 ] ] ] } },
{ "type": "Feature", "properties": { "id_copa": 1787, "talhao": "T2" }, "geometry": { "type": "Polygon", "coordinates": [ [ [ -39.3096368, -13.3338182 ], [ -39.3095674, -13.3338183 ], [ -39.3095675, -13.333918 ], [ -39.3096369, -13.3339179 ], [ -39.3096368, -13.3338182 ] ] ] } },
{ "type": "Feature", "properties": { "id_copa": 1790, "talhao": "T2" }, "geometry": { "type": "Polygon", "coordinates": [ [ [ -39.3103111, -13.3322644 ], [ -39.3102634, -13.3322644 ], [ -39.3102635, -13.3323069 ], [ -39.3103111, -13.3323069 ], [ -39.3103111, -13.3322644 ] ] ] } },
{ "type": "Feature", "properties": { "id_copa": 1791, "talhao": "T2" }, "geometry": { "type": "Polygon", "coordinates": [ [ [ -39.3100984, -13.3321559 ], [ -39.3100429, -13.332156 ], [ -39.310043, -13.3321983 ], [ -39.3100984, -13.3321982 ], [ -39.3100984, -13.3321559 ] ] ] } },
{ "type": "Feature", "properties": { "id_copa": 1798, "talhao": "T2" }, "geometry": { "type": "Polygon", "coordinates": [ [ [ -39.3103851, -13.3325058 ], [ -39.3103112, -13.3325059 ], [ -39.3103113, -13.332557 ], [ -39.3103852, -13.3325569 ], [ -39.3103851, -13.3325058 ] ] ] } },
{ "type": "Feature", "properties": { "id_copa": 1810, "talhao": "T2" }, "geometry": { "type": "Polygon", "coordinates": [ [ [ -39.3096993, -13.3329642 ], [ -39.3096118, -13.3329643 ], [ -39.3096118, -13.3330335 ], [ -39.3096994, -13.3330334 ], [ -39.3096993, -13.3329642 ] ] ] } },
{ "type": "Feature", "properties": { "id_copa": 1823, "talhao": "T2" }, "geometry": { "type": "Polygon", "coordinates": [ [ [ -39.3097991, -13.3322981 ], [ -39.3097212, -13.3322982 ], [ -39.3097213, -13.3323597 ], [ -39.3097991, -13.3323596 ], [ -39.3097991, -13.3322981 ] ] ] } },
{ "type": "Feature", "properties": { "id_copa": 1826, "talhao": "T2" }, "geometry": { "type": "Polygon", "coordinates": [ [ [ -39.3102187, -13.3321668 ], [ -39.3101687, -13.3321669 ], [ -39.3101687, -13.3322062 ], [ -39.3102187, -13.3322061 ], [ -39.3102187, -13.3321668 ] ] ] } },
{ "type": "Feature", "properties": { "id_copa": 1837, "talhao": "T2" }, "geometry": { "type": "Polygon", "coordinates": [ [ [ -39.3098369, -13.3328746 ], [ -39.3097499, -13.3328747 ], [ -39.30975, -13.3329373 ], [ -39.309837, -13.3329372 ], [ -39.3098369, -13.3328746 ] ] ] } },
{ "type": "Feature", "properties": { "id_copa": 1873, "talhao": "T2" }, "geometry": { "type": "Polygon", "coordinates": [ [ [ -39.3101084, -13.332571 ], [ -39.3100658, -13.332571 ], [ -39.3100659, -13.3326071 ], [ -39.3101085, -13.3326071 ], [ -39.3101084, -13.332571 ] ] ] } },
{ "type": "Feature", "properties": { "id_copa": 1884, "talhao": "T2" }, "geometry": { "type": "Polygon", "coordinates": [ [ [ -39.3095358, -13.333658 ], [ -39.3094831, -13.3336581 ], [ -39.3094831, -13.3337142 ], [ -39.3095359, -13.3337141 ], [ -39.3095358, -13.333658 ] ] ] } },
{ "type": "Feature", "properties": { "id_copa": 1650, "talhao": "T3" }, "geometry": { "type": "Polygon", "coordinates": [ [ [ -39.3102334, -13.3277103 ], [ -39.3101814, -13.3277104 ], [ -39.3101814, -13.3277577 ], [ -39.3102335, -13.3277577 ], [ -39.3102334, -13.3277103 ] ] ] } },
{ "type": "Feature", "properties": { "id_copa": 837, "talhao": "T4" }, "geometry": { "type": "Polygon", "coordinates": [ [ [ -39.3129803, -13.3310401 ], [ -39.3129083, -13.3310402 ], [ -39.3129084, -13.3311125 ], [ -39.3129804, -13.3311124 ], [ -39.3129803, -13.3310401 ] ] ] } },
{ "type": "Feature", "properties": { "id_copa": 1474, "talhao": "T4" }, "geometry": { "type": "Polygon", "coordinates": [ [ [ -39.3101882, -13.3316981 ], [ -39.3101408, -13.3316982 ], [ -39.3101408, -13.3317346 ], [ -39.3101883, -13.3317345 ], [ -39.3101882, -13.3316981 ] ] ] } },
{ "type": "Feature", "properties": { "id_copa": 1477, "talhao": "T4" }, "geometry": { "type": "Polygon", "coordinates": [ [ [ -39.3107519, -13.3306894 ], [ -39.3106773, -13.3306895 ], [ -39.3106774, -13.3307755 ], [ -39.310752, -13.3307754 ], [ -39.3107519, -13.3306894 ] ] ] } },
{ "type": "Feature", "properties": { "id_copa": 1560, "talhao": "T4" }, "geometry": { "type": "Polygon", "coordinates": [ [ [ -39.3105449, -13.3310191 ], [ -39.3104947, -13.3310191 ], [ -39.3104948, -13.3310751 ], [ -39.310545, -13.3310751 ], [ -39.3105449, -13.3310191 ] ] ] } },
{ "type": "Feature", "properties": { "id_copa": 1683, "talhao": "T4" }, "geometry": { "type": "Polygon", "coordinates": [ [ [ -39.3099937, -13.3316528 ], [ -39.3099374, -13.3316528 ], [ -39.3099375, -13.3317154 ], [ -39.3099938, -13.3317153 ], [ -39.3099937, -13.3316528 ] ] ] } },
{ "type": "Feature", "properties": { "id_copa": 1775, "talhao": "T4" }, "geometry": { "type": "Polygon", "coordinates": [ [ [ -39.3120084, -13.330863 ], [ -39.311973, -13.3308631 ], [ -39.311973, -13.3309039 ], [ -39.3120084, -13.3309038 ], [ -39.3120084, -13.330863 ] ] ] } },
{ "type": "Feature", "properties": { "id_copa": 1786, "talhao": "T4" }, "geometry": { "type": "Polygon", "coordinates": [ [ [ -39.3129566, -13.3311534 ], [ -39.312878, -13.3311535 ], [ -39.3128781, -13.3312071 ], [ -39.3129567, -13.331207 ], [ -39.3129566, -13.3311534 ] ] ] } },
{ "type": "Feature", "properties": { "id_copa": 3, "talhao": "T5" }, "geometry": { "type": "Polygon", "coordinates": [ [ [ -39.3068399, -13.3374147 ], [ -39.3067607, -13.3374148 ], [ -39.3067608, -13.3374991 ], [ -39.30684, -13.337499 ], [ -39.3068399, -13.3374147 ] ] ] } },
{ "type": "Feature", "properties": { "id_copa": 24, "talhao": "T5" }, "geometry": { "type": "Polygon", "coordinates": [ [ [ -39.3069505, -13.3370386 ], [ -39.3068625, -13.3370387 ], [ -39.3068626, -13.3371313 ], [ -39.3069506, -13.3371312 ], [ -39.3069505, -13.3370386 ] ] ] } },
{ "type": "Feature", "properties": { "id_copa": 26, "talhao": "T5" }, "geometry": { "type": "Polygon", "coordinates": [ [ [ -39.307505, -13.336179 ], [ -39.3074347, -13.3361791 ], [ -39.3074348, -13.3362429 ], [ -39.3075051, -13.3362428 ], [ -39.307505, -13.336179 ] ] ] } },
{ "type": "Feature", "properties": { "id_copa": 38, "talhao": "T5" }, "geometry": { "type": "Polygon", "coordinates": [ [ [ -39.3081443, -13.3360246 ], [ -39.3080588, -13.3360247 ], [ -39.308059, -13.3361226 ], [ -39.3081444, -13.3361225 ], [ -39.3081443, -13.3360246 ] ] ] } },
{ "type": "Feature", "properties": { "id_copa": 45, "talhao": "T5" }, "geometry": { "type": "Polygon", "coordinates": [ [ [ -39.3081176, -13.3353251 ], [ -39.3080326, -13.3353252 ], [ -39.3080327, -13.3353958 ], [ -39.3081177, -13.3353957 ], [ -39.3081176, -13.3353251 ] ] ] } },
{ "type": "Feature", "properties": { "id_copa": 51, "talhao": "T5" }, "geometry": { "type": "Polygon", "coordinates": [ [ [ -39.3083201, -13.335318 ], [ -39.3082439, -13.3353181 ], [ -39.308244, -13.3353832 ], [ -39.3083202, -13.3353831 ], [ -39.3083201, -13.335318 ] ] ] } },
{ "type": "Feature", "properties": { "id_copa": 57, "talhao": "T5" }, "geometry": { "type": "Polygon", "coordinates": [ [ [ -39.3076646, -13.3364146 ], [ -39.3075893, -13.3364147 ], [ -39.3075894, -13.3364956 ], [ -39.3076647, -13.3364955 ], [ -39.3076646, -13.3364146 ] ] ] } },
{ "type": "Feature", "properties": { "id_copa": 61, "talhao": "T5" }, "geometry": { "type": "Polygon", "coordinates": [ [ [ -39.307676, -13.3365167 ], [ -39.3076178, -13.3365168 ], [ -39.3076179, -13.3365808 ], [ -39.3076761, -13.3365808 ], [ -39.307676, -13.3365167 ] ] ] } },
{ "type": "Feature", "properties": { "id_copa": 77, "talhao": "T5" }, "geometry": { "type": "Polygon", "coordinates": [ [ [ -39.3073743, -13.3359576 ], [ -39.3072882, -13.3359577 ], [ -39.3072883, -13.336044 ], [ -39.3073744, -13.3360439 ], [ -39.3073743, -13.3359576 ] ] ] } },
{ "type": "Feature", "properties": { "id_copa": 92, "talhao": "T5" }, "geometry": { "type": "Polygon", "coordinates": [ [ [ -39.3078846, -13.3362834 ], [ -39.3078, -13.3362835 ], [ -39.3078001, -13.3363458 ], [ -39.3078847, -13.3363457 ], [ -39.3078846, -13.3362834 ] ] ] } },
{ "type": "Feature", "properties": { "id_copa": 99, "talhao": "T5" }, "geometry": { "type": "Polygon", "coordinates": [ [ [ -39.3074581, -13.3360503 ], [ -39.3073557, -13.3360504 ], [ -39.3073558, -13.3361457 ], [ -39.3074582, -13.3361455 ], [ -39.3074581, -13.3360503 ] ] ] } },
{ "type": "Feature", "properties": { "id_copa": 103, "talhao": "T5" }, "geometry": { "type": "Polygon", "coordinates": [ [ [ -39.3081131, -13.3354398 ], [ -39.3080468, -13.3354399 ], [ -39.3080469, -13.3355143 ], [ -39.3081131, -13.3355143 ], [ -39.3081131, -13.3354398 ] ] ] } },
{ "type": "Feature", "properties": { "id_copa": 109, "talhao": "T5" }, "geometry": { "type": "Polygon", "coordinates": [ [ [ -39.3074377, -13.3362854 ], [ -39.307348, -13.3362855 ], [ -39.3073482, -13.3363902 ], [ -39.3074378, -13.3363901 ], [ -39.3074377, -13.3362854 ] ] ] } },
{ "type": "Feature", "properties": { "id_copa": 110, "talhao": "T5" }, "geometry": { "type": "Polygon", "coordinates": [ [ [ -39.3079671, -13.3349535 ], [ -39.3078762, -13.3349536 ], [ -39.3078763, -13.3350268 ], [ -39.3079672, -13.3350266 ], [ -39.3079671, -13.3349535 ] ] ] } },
{ "type": "Feature", "properties": { "id_copa": 119, "talhao": "T5" }, "geometry": { "type": "Polygon", "coordinates": [ [ [ -39.308303, -13.3354138 ], [ -39.3082132, -13.3354139 ], [ -39.3082133, -13.3355052 ], [ -39.3083031, -13.335505 ], [ -39.308303, -13.3354138 ] ] ] } },
{ "type": "Feature", "properties": { "id_copa": 122, "talhao": "T5" }, "geometry": { "type": "Polygon", "coordinates": [ [ [ -39.3079806, -13.3355911 ], [ -39.3079206, -13.3355911 ], [ -39.3079207, -13.3356577 ], [ -39.3079807, -13.3356576 ], [ -39.3079806, -13.3355911 ] ] ] } },
{ "type": "Feature", "properties": { "id_copa": 124, "talhao": "T5" }, "geometry": { "type": "Polygon", "coordinates": [ [ [ -39.3081101, -13.3362944 ], [ -39.3080605, -13.3362944 ], [ -39.3080606, -13.336349 ], [ -39.3081102, -13.3363489 ], [ -39.3081101, -13.3362944 ] ] ] } },
{ "type": "Feature", "properties": { "id_copa": 132, "talhao": "T5" }, "geometry": { "type": "Polygon", "coordinates": [ [ [ -39.3080281, -13.3350922 ], [ -39.3079488, -13.3350923 ], [ -39.3079489, -13.3351565 ], [ -39.3080282, -13.3351564 ], [ -39.3080281, -13.3350922 ] ] ] } },
{ "type": "Feature", "properties": { "id_copa": 138, "talhao": "T5" }, "geometry": { "type": "Polygon", "coordinates": [ [ [ -39.3079672, -13.3363824 ], [ -39.3078834, -13.3363825 ], [ -39.3078835, -13.3364836 ], [ -39.3079673, -13.3364835 ], [ -39.3079672, -13.3363824 ] ] ] } },
{ "type": "Feature", "properties": { "id_copa": 147, "talhao": "T5" }, "geometry": { "type": "Polygon", "coordinates": [ [ [ -39.3083647, -13.33568 ], [ -39.3082983, -13.3356801 ], [ -39.3082984, -13.3357474 ], [ -39.3083648, -13.3357473 ], [ -39.3083647, -13.33568 ] ] ] } },
{ "type": "Feature", "properties": { "id_copa": 153, "talhao": "T5" }, "geometry": { "type": "Polygon", "coordinates": [ [ [ -39.3085654, -13.3352842 ], [ -39.3084633, -13.3352843 ], [ -39.3084635, -13.335395 ], [ -39.3085655, -13.3353948 ], [ -39.3085654, -13.3352842 ] ] ] } },
{ "type": "Feature", "properties": { "id_copa": 158, "talhao": "T5" }, "geometry": { "type": "Polygon", "coordinates": [ [ [ -39.3076221, -13.3362825 ], [ -39.30752, -13.3362826 ], [ -39.3075201, -13.3363846 ], [ -39.3076222, -13.3363844 ], [ -39.3076221, -13.3362825 ] ] ] } },
{ "type": "Feature", "properties": { "id_copa": 161, "talhao": "T5" }, "geometry": { "type": "Polygon", "coordinates": [ [ [ -39.3084336, -13.3352951 ], [ -39.308354, -13.3352952 ], [ -39.3083541, -13.3353742 ], [ -39.3084337, -13.3353741 ], [ -39.3084336, -13.3352951 ] ] ] } },
{ "type": "Feature", "properties": { "id_copa": 162, "talhao": "T5" }, "geometry": { "type": "Polygon", "coordinates": [ [ [ -39.307822, -13.3351064 ], [ -39.3077339, -13.3351065 ], [ -39.307734, -13.335173 ], [ -39.3078221, -13.3351729 ], [ -39.307822, -13.3351064 ] ] ] } },
{ "type": "Feature", "properties": { "id_copa": 169, "talhao": "T5" }, "geometry": { "type": "Polygon", "coordinates": [ [ [ -39.3084344, -13.3358158 ], [ -39.3083587, -13.3358158 ], [ -39.3083588, -13.3358834 ], [ -39.3084345, -13.3358833 ], [ -39.3084344, -13.3358158 ] ] ] } },
{ "type": "Feature", "properties": { "id_copa": 204, "talhao": "T5" }, "geometry": { "type": "Polygon", "coordinates": [ [ [ -39.308082, -13.3363943 ], [ -39.3080117, -13.3363944 ], [ -39.3080118, -13.336473 ], [ -39.3080821, -13.3364729 ], [ -39.308082, -13.3363943 ] ] ] } },
{ "type": "Feature", "properties": { "id_copa": 211, "talhao": "T5" }, "geometry": { "type": "Polygon", "coordinates": [ [ [ -39.3073894, -13.3358314 ], [ -39.3072793, -13.3358316 ], [ -39.3072795, -13.3359547 ], [ -39.3073896, -13.3359546 ], [ -39.3073894, -13.3358314 ] ] ] } },
{ "type": "Feature", "properties": { "id_copa": 212, "talhao": "T5" }, "geometry": { "type": "Polygon", "coordinates": [ [ [ -39.3069623, -13.3374137 ], [ -39.3069068, -13.3374137 ], [ -39.3069069, -13.3374827 ], [ -39.3069624, -13.3374826 ], [ -39.3069623, -13.3374137 ] ] ] } },
{ "type": "Feature", "properties": { "id_copa": 216, "talhao": "T5" }, "geometry": { "type": "Polygon", "coordinates": [ [ [ -39.3085457, -13.3356662 ], [ -39.308432, -13.3356663 ], [ -39.3084321, -13.3357687 ], [ -39.3085458, -13.3357686 ], [ -39.3085457, -13.3356662 ] ] ] } },
{ "type": "Feature", "properties": { "id_copa": 237, "talhao": "T5" }, "geometry": { "type": "Polygon", "coordinates": [ [ [ -39.3083163, -13.336133 ], [ -39.308239, -13.3361331 ], [ -39.3082391, -13.336209 ], [ -39.3083164, -13.3362089 ], [ -39.3083163, -13.336133 ] ] ] } },
{ "type": "Feature", "properties": { "id_copa": 238, "talhao": "T5" }, "geometry": { "type": "Polygon", "coordinates": [ [ [ -39.3076711, -13.3368862 ], [ -39.3076053, -13.3368863 ], [ -39.3076053, -13.3369396 ], [ -39.3076712, -13.3369395 ], [ -39.3076711, -13.3368862 ] ] ] } },
{ "type": "Feature", "properties": { "id_copa": 248, "talhao": "T5" }, "geometry": { "type": "Polygon", "coordinates": [ [ [ -39.3085691, -13.3354252 ], [ -39.3084865, -13.3354253 ], [ -39.3084866, -13.3354944 ], [ -39.3085692, -13.3354943 ], [ -39.3085691, -13.3354252 ] ] ] } },
{ "type": "Feature", "properties": { "id_copa": 258, "talhao": "T5" }, "geometry": { "type": "Polygon", "coordinates": [ [ [ -39.3072498, -13.3366987 ], [ -39.3071865, -13.3366988 ], [ -39.3071866, -13.3367722 ], [ -39.3072499, -13.3367721 ], [ -39.3072498, -13.3366987 ] ] ] } },
{ "type": "Feature", "properties": { "id_copa": 259, "talhao": "T5" }, "geometry": { "type": "Polygon", "coordinates": [ [ [ -39.3074669, -13.3370249 ], [ -39.30741, -13.3370249 ], [ -39.3074101, -13.3370836 ], [ -39.307467, -13.3370835 ], [ -39.3074669, -13.3370249 ] ] ] } },
{ "type": "Feature", "properties": { "id_copa": 267, "talhao": "T5" }, "geometry": { "type": "Polygon", "coordinates": [ [ [ -39.3069722, -13.3368606 ], [ -39.3069183, -13.3368606 ], [ -39.3069184, -13.3369203 ], [ -39.3069723, -13.3369203 ], [ -39.3069722, -13.3368606 ] ] ] } },
{ "type": "Feature", "properties": { "id_copa": 272, "talhao": "T5" }, "geometry": { "type": "Polygon", "coordinates": [ [ [ -39.3070919, -13.3372762 ], [ -39.3070257, -13.3372763 ], [ -39.3070258, -13.3373504 ], [ -39.307092, -13.3373504 ], [ -39.3070919, -13.3372762 ] ] ] } },
{ "type": "Feature", "properties": { "id_copa": 274, "talhao": "T5" }, "geometry": { "type": "Polygon", "coordinates": [ [ [ -39.3081525, -13.335558 ], [ -39.3080727, -13.3355581 ], [ -39.3080729, -13.3356667 ], [ -39.3081527, -13.3356666 ], [ -39.3081525, -13.335558 ] ] ] } },
{ "type": "Feature", "properties": { "id_copa": 275, "talhao": "T5" }, "geometry": { "type": "Polygon", "coordinates": [ [ [ -39.3078785, -13.3349699 ], [ -39.3078051, -13.33497 ], [ -39.3078052, -13.3350529 ], [ -39.3078786, -13.3350528 ], [ -39.3078785, -13.3349699 ] ] ] } },
{ "type": "Feature", "properties": { "id_copa": 281, "talhao": "T5" }, "geometry": { "type": "Polygon", "coordinates": [ [ [ -39.3071966, -13.3372697 ], [ -39.3071185, -13.3372698 ], [ -39.3071186, -13.3373367 ], [ -39.3071967, -13.3373366 ], [ -39.3071966, -13.3372697 ] ] ] } },
{ "type": "Feature", "properties": { "id_copa": 288, "talhao": "T5" }, "geometry": { "type": "Polygon", "coordinates": [ [ [ -39.3077605, -13.3359323 ], [ -39.3076538, -13.3359324 ], [ -39.3076539, -13.3360412 ], [ -39.3077606, -13.3360411 ], [ -39.3077605, -13.3359323 ] ] ] } },
{ "type": "Feature", "properties": { "id_copa": 298, "talhao": "T5" }, "geometry": { "type": "Polygon", "coordinates": [ [ [ -39.307152, -13.3369124 ], [ -39.3070743, -13.3369125 ], [ -39.3070744, -13.3369893 ], [ -39.3071521, -13.3369892 ], [ -39.307152, -13.3369124 ] ] ] } },
{ "type": "Feature", "properties": { "id_copa": 314, "talhao": "T5" }, "geometry": { "type": "Polygon", "coordinates": [ [ [ -39.3071462, -13.3364271 ], [ -39.3070621, -13.3364272 ], [ -39.3070622, -13.3365122 ], [ -39.3071463, -13.3365121 ], [ -39.3071462, -13.3364271 ] ] ] } },
{ "type": "Feature", "properties": { "id_copa": 326, "talhao": "T5" }, "geometry": { "type": "Polygon", "coordinates": [ [ [ -39.3084312, -13.3354379 ], [ -39.3083562, -13.335438 ], [ -39.3083563, -13.3355283 ], [ -39.3084314, -13.3355282 ], [ -39.3084312, -13.3354379 ] ] ] } },
{ "type": "Feature", "properties": { "id_copa": 336, "talhao": "T5" }, "geometry": { "type": "Polygon", "coordinates": [ [ [ -39.3073183, -13.3367752 ], [ -39.3072342, -13.3367753 ], [ -39.3072343, -13.3368386 ], [ -39.3073184, -13.3368385 ], [ -39.3073183, -13.3367752 ] ] ] } },
{ "type": "Feature", "properties": { "id_copa": 365, "talhao": "T5" }, "geometry": { "type": "Polygon", "coordinates": [ [ [ -39.307476, -13.3357218 ], [ -39.3073769, -13.3357219 ], [ -39.307377, -13.3358359 ], [ -39.3074762, -13.3358358 ], [ -39.307476, -13.3357218 ] ] ] } },
{ "type": "Feature", "properties": { "id_copa": 375, "talhao": "T5" }, "geometry": { "type": "Polygon", "coordinates": [ [ [ -39.3079836, -13.3356683 ], [ -39.3079087, -13.3356684 ], [ -39.3079089, -13.3357796 ], [ -39.3079838, -13.3357795 ], [ -39.3079836, -13.3356683 ] ] ] } },
{ "type": "Feature", "properties": { "id_copa": 396, "talhao": "T5" }, "geometry": { "type": "Polygon", "coordinates": [ [ [ -39.3079617, -13.3361494 ], [ -39.3079081, -13.3361494 ], [ -39.3079082, -13.3362217 ], [ -39.3079618, -13.3362217 ], [ -39.3079617, -13.3361494 ] ] ] } },
{ "type": "Feature", "properties": { "id_copa": 400, "talhao": "T5" }, "geometry": { "type": "Polygon", "coordinates": [ [ [ -39.3072723, -13.3370046 ], [ -39.3071673, -13.3370047 ], [ -39.3071674, -13.3371051 ], [ -39.3072725, -13.337105 ], [ -39.3072723, -13.3370046 ] ] ] } },
{ "type": "Feature", "properties": { "id_copa": 409, "talhao": "T5" }, "geometry": { "type": "Polygon", "coordinates": [ [ [ -39.3075838, -13.3368874 ], [ -39.3075364, -13.3368874 ], [ -39.3075365, -13.3369333 ], [ -39.3075839, -13.3369333 ], [ -39.3075838, -13.3368874 ] ] ] } },
{ "type": "Feature", "properties": { "id_copa": 411, "talhao": "T5" }, "geometry": { "type": "Polygon", "coordinates": [ [ [ -39.3072653, -13.3365379 ], [ -39.3071884, -13.3365379 ], [ -39.3071886, -13.3366331 ], [ -39.3072654, -13.3366331 ], [ -39.3072653, -13.3365379 ] ] ] } },
{ "type": "Feature", "properties": { "id_copa": 423, "talhao": "T5" }, "geometry": { "type": "Polygon", "coordinates": [ [ [ -39.3080075, -13.3352093 ], [ -39.3079059, -13.3352095 ], [ -39.307906, -13.3353238 ], [ -39.3080076, -13.3353237 ], [ -39.3080075, -13.3352093 ] ] ] } },
{ "type": "Feature", "properties": { "id_copa": 426, "talhao": "T5" }, "geometry": { "type": "Polygon", "coordinates": [ [ [ -39.3075099, -13.3365341 ], [ -39.3074379, -13.3365342 ], [ -39.307438, -13.336621 ], [ -39.30751, -13.3366209 ], [ -39.3075099, -13.3365341 ] ] ] } },
{ "type": "Feature", "properties": { "id_copa": 429, "talhao": "T5" }, "geometry": { "type": "Polygon", "coordinates": [ [ [ -39.3082444, -13.3361416 ], [ -39.3081805, -13.3361417 ], [ -39.3081806, -13.3362013 ], [ -39.3082445, -13.3362012 ], [ -39.3082444, -13.3361416 ] ] ] } },
{ "type": "Feature", "properties": { "id_copa": 430, "talhao": "T5" }, "geometry": { "type": "Polygon", "coordinates": [ [ [ -39.3077598, -13.3362821 ], [ -39.3076804, -13.3362822 ], [ -39.3076806, -13.3363827 ], [ -39.30776, -13.3363826 ], [ -39.3077598, -13.3362821 ] ] ] } },
{ "type": "Feature", "properties": { "id_copa": 442, "talhao": "T5" }, "geometry": { "type": "Polygon", "coordinates": [ [ [ -39.3074648, -13.3371342 ], [ -39.3073925, -13.3371343 ], [ -39.3073926, -13.3372139 ], [ -39.3074649, -13.3372138 ], [ -39.3074648, -13.3371342 ] ] ] } },
{ "type": "Feature", "properties": { "id_copa": 454, "talhao": "T5" }, "geometry": { "type": "Polygon", "coordinates": [ [ [ -39.3080687, -13.3359371 ], [ -39.3080031, -13.3359372 ], [ -39.3080032, -13.3360133 ], [ -39.3080688, -13.3360132 ], [ -39.3080687, -13.3359371 ] ] ] } },
{ "type": "Feature", "properties": { "id_copa": 455, "talhao": "T5" }, "geometry": { "type": "Polygon", "coordinates": [ [ [ -39.3081481, -13.3359245 ], [ -39.3080812, -13.3359245 ], [ -39.3080813, -13.3360143 ], [ -39.3081482, -13.3360142 ], [ -39.3081481, -13.3359245 ] ] ] } },
{ "type": "Feature", "properties": { "id_copa": 461, "talhao": "T5" }, "geometry": { "type": "Polygon", "coordinates": [ [ [ -39.3073968, -13.3371332 ], [ -39.3073379, -13.3371332 ], [ -39.307338, -13.3372141 ], [ -39.3073969, -13.3372141 ], [ -39.3073968, -13.3371332 ] ] ] } },
{ "type": "Feature", "properties": { "id_copa": 465, "talhao": "T5" }, "geometry": { "type": "Polygon", "coordinates": [ [ [ -39.3073237, -13.3366671 ], [ -39.3072463, -13.3366672 ], [ -39.3072464, -13.3367552 ], [ -39.3073238, -13.3367551 ], [ -39.3073237, -13.3366671 ] ] ] } },
{ "type": "Feature", "properties": { "id_copa": 470, "talhao": "T5" }, "geometry": { "type": "Polygon", "coordinates": [ [ [ -39.3075899, -13.3359368 ], [ -39.3074956, -13.3359369 ], [ -39.3074957, -13.3360317 ], [ -39.30759, -13.3360316 ], [ -39.3075899, -13.3359368 ] ] ] } },
{ "type": "Feature", "properties": { "id_copa": 489, "talhao": "T5" }, "geometry": { "type": "Polygon", "coordinates": [ [ [ -39.3075334, -13.3358345 ], [ -39.3074687, -13.3358345 ], [ -39.3074688, -13.3359164 ], [ -39.3075335, -13.3359164 ], [ -39.3075334, -13.3358345 ] ] ] } },
{ "type": "Feature", "properties": { "id_copa": 496, "talhao": "T5" }, "geometry": { "type": "Polygon", "coordinates": [ [ [ -39.3077002, -13.3366524 ], [ -39.3076367, -13.3366525 ], [ -39.3076368, -13.3367105 ], [ -39.3077003, -13.3367104 ], [ -39.3077002, -13.3366524 ] ] ] } },
{ "type": "Feature", "properties": { "id_copa": 503, "talhao": "T5" }, "geometry": { "type": "Polygon", "coordinates": [ [ [ -39.3075727, -13.3365174 ], [ -39.3074997, -13.3365175 ], [ -39.3074998, -13.3365881 ], [ -39.3075727, -13.336588 ], [ -39.3075727, -13.3365174 ] ] ] } },
{ "type": "Feature", "properties": { "id_copa": 542, "talhao": "T5" }, "geometry": { "type": "Polygon", "coordinates": [ [ [ -39.3081092, -13.3358045 ], [ -39.307997, -13.3358047 ], [ -39.3079971, -13.3358955 ], [ -39.3081094, -13.3358954 ], [ -39.3081092, -13.3358045 ] ] ] } },
{ "type": "Feature", "properties": { "id_copa": 553, "talhao": "T5" }, "geometry": { "type": "Polygon", "coordinates": [ [ [ -39.3086838, -13.3353143 ], [ -39.3086164, -13.3353144 ], [ -39.3086164, -13.3353664 ], [ -39.3086839, -13.3353663 ], [ -39.3086838, -13.3353143 ] ] ] } },
{ "type": "Feature", "properties": { "id_copa": 571, "talhao": "T5" }, "geometry": { "type": "Polygon", "coordinates": [ [ [ -39.3084366, -13.3355415 ], [ -39.3083377, -13.3355416 ], [ -39.3083378, -13.3356561 ], [ -39.3084367, -13.335656 ], [ -39.3084366, -13.3355415 ] ] ] } },
{ "type": "Feature", "properties": { "id_copa": 580, "talhao": "T5" }, "geometry": { "type": "Polygon", "coordinates": [ [ [ -39.3080937, -13.3356875 ], [ -39.3080091, -13.3356876 ], [ -39.3080092, -13.3357898 ], [ -39.3080939, -13.3357897 ], [ -39.3080937, -13.3356875 ] ] ] } },
{ "type": "Feature", "properties": { "id_copa": 585, "talhao": "T5" }, "geometry": { "type": "Polygon", "coordinates": [ [ [ -39.3079427, -13.3358226 ], [ -39.3078773, -13.3358226 ], [ -39.3078774, -13.3358945 ], [ -39.3079428, -13.3358944 ], [ -39.3079427, -13.3358226 ] ] ] } },
{ "type": "Feature", "properties": { "id_copa": 602, "talhao": "T5" }, "geometry": { "type": "Polygon", "coordinates": [ [ [ -39.3082439, -13.3355506 ], [ -39.3081537, -13.3355507 ], [ -39.3081539, -13.335665 ], [ -39.308244, -13.3356649 ], [ -39.3082439, -13.3355506 ] ] ] } },
{ "type": "Feature", "properties": { "id_copa": 605, "talhao": "T5" }, "geometry": { "type": "Polygon", "coordinates": [ [ [ -39.3082653, -13.3360346 ], [ -39.3082056, -13.3360346 ], [ -39.3082057, -13.3361025 ], [ -39.3082654, -13.3361024 ], [ -39.3082653, -13.3360346 ] ] ] } },
{ "type": "Feature", "properties": { "id_copa": 615, "talhao": "T5" }, "geometry": { "type": "Polygon", "coordinates": [ [ [ -39.307254, -13.3368958 ], [ -39.3071914, -13.3368959 ], [ -39.3071915, -13.3369825 ], [ -39.3072542, -13.3369825 ], [ -39.307254, -13.3368958 ] ] ] } },
{ "type": "Feature", "properties": { "id_copa": 621, "talhao": "T5" }, "geometry": { "type": "Polygon", "coordinates": [ [ [ -39.3082158, -13.3354076 ], [ -39.3081177, -13.3354077 ], [ -39.3081179, -13.3355275 ], [ -39.3082159, -13.3355274 ], [ -39.3082158, -13.3354076 ] ] ] } },
{ "type": "Feature", "properties": { "id_copa": 634, "talhao": "T5" }, "geometry": { "type": "Polygon", "coordinates": [ [ [ -39.3080378, -13.3361509 ], [ -39.3079667, -13.3361509 ], [ -39.3079668, -13.3362181 ], [ -39.3080379, -13.336218 ], [ -39.3080378, -13.3361509 ] ] ] } },
{ "type": "Feature", "properties": { "id_copa": 636, "talhao": "T5" }, "geometry": { "type": "Polygon", "coordinates": [ [ [ -39.3080217, -13.3354435 ], [ -39.3079462, -13.3354436 ], [ -39.3079463, -13.3355283 ], [ -39.3080218, -13.3355282 ], [ -39.3080217, -13.3354435 ] ] ] } },
{ "type": "Feature", "properties": { "id_copa": 647, "talhao": "T5" }, "geometry": { "type": "Polygon", "coordinates": [ [ [ -39.3080906, -13.3366208 ], [ -39.3080244, -13.3366209 ], [ -39.3080245, -13.336696 ], [ -39.3080907, -13.336696 ], [ -39.3080906, -13.3366208 ] ] ] } },
{ "type": "Feature", "properties": { "id_copa": 659, "talhao": "T5" }, "geometry": { "type": "Polygon", "coordinates": [ [ [ -39.3077212, -13.3361725 ], [ -39.3076679, -13.3361725 ], [ -39.3076679, -13.3362239 ], [ -39.3077212, -13.3362239 ], [ -39.3077212, -13.3361725 ] ] ] } },
{ "type": "Feature", "properties": { "id_copa": 673, "talhao": "T5" }, "geometry": { "type": "Polygon", "coordinates": [ [ [ -39.3083576, -13.3357799 ], [ -39.3082551, -13.33578 ], [ -39.3082552, -13.3358895 ], [ -39.3083577, -13.3358894 ], [ -39.3083576, -13.3357799 ] ] ] } },
{ "type": "Feature", "properties": { "id_copa": 676, "talhao": "T5" }, "geometry": { "type": "Polygon", "coordinates": [ [ [ -39.3080711, -13.3355714 ], [ -39.3079933, -13.3355715 ], [ -39.3079934, -13.3356544 ], [ -39.3080712, -13.3356543 ], [ -39.3080711, -13.3355714 ] ] ] } },
{ "type": "Feature", "properties": { "id_copa": 678, "talhao": "T5" }, "geometry": { "type": "Polygon", "coordinates": [ [ [ -39.3078762, -13.3348615 ], [ -39.3078094, -13.3348616 ], [ -39.3078094, -13.334919 ], [ -39.3078763, -13.3349189 ], [ -39.3078762, -13.3348615 ] ] ] } },
{ "type": "Feature", "properties": { "id_copa": 702, "talhao": "T5" }, "geometry": { "type": "Polygon", "coordinates": [ [ [ -39.3077007, -13.3355895 ], [ -39.307639, -13.3355896 ], [ -39.3076391, -13.3356672 ], [ -39.3077008, -13.3356671 ], [ -39.3077007, -13.3355895 ] ] ] } },
{ "type": "Feature", "properties": { "id_copa": 703, "talhao": "T5" }, "geometry": { "type": "Polygon", "coordinates": [ [ [ -39.3079297, -13.3355972 ], [ -39.3078427, -13.3355973 ], [ -39.3078428, -13.3356877 ], [ -39.3079298, -13.3356876 ], [ -39.3079297, -13.3355972 ] ] ] } },
{ "type": "Feature", "properties": { "id_copa": 707, "talhao": "T5" }, "geometry": { "type": "Polygon", "coordinates": [ [ [ -39.3071084, -13.3374151 ], [ -39.3070696, -13.3374151 ], [ -39.3070697, -13.337463 ], [ -39.3071084, -13.337463 ], [ -39.3071084, -13.3374151 ] ] ] } },
{ "type": "Feature", "properties": { "id_copa": 711, "talhao": "T5" }, "geometry": { "type": "Polygon", "coordinates": [ [ [ -39.3082127, -13.3351986 ], [ -39.308113, -13.3351987 ], [ -39.3081131, -13.3352909 ], [ -39.3082128, -13.3352907 ], [ -39.3082127, -13.3351986 ] ] ] } },
{ "type": "Feature", "properties": { "id_copa": 720, "talhao": "T5" }, "geometry": { "type": "Polygon", "coordinates": [ [ [ -39.3070454, -13.3367843 ], [ -39.3069844, -13.3367843 ], [ -39.3069845, -13.3368616 ], [ -39.3070455, -13.3368615 ], [ -39.3070454, -13.3367843 ] ] ] } },
{ "type": "Feature", "properties": { "id_copa": 730, "talhao": "T5" }, "geometry": { "type": "Polygon", "coordinates": [ [ [ -39.3078225, -13.3352132 ], [ -39.3077297, -13.3352133 ], [ -39.3077298, -13.3352807 ], [ -39.3078225, -13.3352806 ], [ -39.3078225, -13.3352132 ] ] ] } },
{ "type": "Feature", "properties": { "id_copa": 739, "talhao": "T5" }, "geometry": { "type": "Polygon", "coordinates": [ [ [ -39.3073915, -13.3367778 ], [ -39.3073258, -13.3367779 ], [ -39.3073259, -13.336839 ], [ -39.3073916, -13.336839 ], [ -39.3073915, -13.3367778 ] ] ] } },
{ "type": "Feature", "properties": { "id_copa": 743, "talhao": "T5" }, "geometry": { "type": "Polygon", "coordinates": [ [ [ -39.3080055, -13.3358146 ], [ -39.3079358, -13.3358147 ], [ -39.3079359, -13.3358954 ], [ -39.3080056, -13.3358953 ], [ -39.3080055, -13.3358146 ] ] ] } },
{ "type": "Feature", "properties": { "id_copa": 755, "talhao": "T5" }, "geometry": { "type": "Polygon", "coordinates": [ [ [ -39.3078079, -13.3366323 ], [ -39.3077058, -13.3366324 ], [ -39.307706, -13.3367162 ], [ -39.307808, -13.336716 ], [ -39.3078079, -13.3366323 ] ] ] } },
{ "type": "Feature", "properties": { "id_copa": 760, "talhao": "T5" }, "geometry": { "type": "Polygon", "coordinates": [ [ [ -39.3074306, -13.3366455 ], [ -39.3073508, -13.3366456 ], [ -39.3073509, -13.3367468 ], [ -39.3074307, -13.3367467 ], [ -39.3074306, -13.3366455 ] ] ] } },
{ "type": "Feature", "properties": { "id_copa": 765, "talhao": "T5" }, "geometry": { "type": "Polygon", "coordinates": [ [ [ -39.3073032, -13.3370986 ], [ -39.3072416, -13.3370986 ], [ -39.3072417, -13.3371474 ], [ -39.3073032, -13.3371474 ], [ -39.3073032, -13.3370986 ] ] ] } },
{ "type": "Feature", "properties": { "id_copa": 766, "talhao": "T5" }, "geometry": { "type": "Polygon", "coordinates": [ [ [ -39.3077338, -13.3358163 ], [ -39.3076407, -13.3358164 ], [ -39.3076408, -13.3359036 ], [ -39.3077339, -13.3359035 ], [ -39.3077338, -13.3358163 ] ] ] } },
{ "type": "Feature", "properties": { "id_copa": 770, "talhao": "T5" }, "geometry": { "type": "Polygon", "coordinates": [ [ [ -39.3073859, -13.336167 ], [ -39.3072873, -13.3361671 ], [ -39.3072875, -13.3362787 ], [ -39.3073861, -13.3362786 ], [ -39.3073859, -13.336167 ] ] ] } },
{ "type": "Feature", "properties": { "id_copa": 774, "talhao": "T5" }, "geometry": { "type": "Polygon", "coordinates": [ [ [ -39.307941, -13.3353052 ], [ -39.3078388, -13.3353053 ], [ -39.307839, -13.3354295 ], [ -39.3079411, -13.3354294 ], [ -39.307941, -13.3353052 ] ] ] } },
{ "type": "Feature", "properties": { "id_copa": 778, "talhao": "T5" }, "geometry": { "type": "Polygon", "coordinates": [ [ [ -39.3076056, -13.3358463 ], [ -39.3075426, -13.3358464 ], [ -39.3075427, -13.3359198 ], [ -39.3076056, -13.3359197 ], [ -39.3076056, -13.3358463 ] ] ] } },
{ "type": "Feature", "properties": { "id_copa": 790, "talhao": "T5" }, "geometry": { "type": "Polygon", "coordinates": [ [ [ -39.3073598, -13.3372616 ], [ -39.3073066, -13.3372617 ], [ -39.3073067, -13.3373283 ], [ -39.3073598, -13.3373282 ], [ -39.3073598, -13.3372616 ] ] ] } },
{ "type": "Feature", "properties": { "id_copa": 796, "talhao": "T5" }, "geometry": { "type": "Polygon", "coordinates": [ [ [ -39.3078676, -13.3366852 ], [ -39.3077893, -13.3366852 ], [ -39.3077894, -13.3367763 ], [ -39.3078678, -13.3367762 ], [ -39.3078676, -13.3366852 ] ] ] } },
{ "type": "Feature", "properties": { "id_copa": 813, "talhao": "T5" }, "geometry": { "type": "Polygon", "coordinates": [ [ [ -39.3076524, -13.3367124 ], [ -39.3075756, -13.3367125 ], [ -39.3075757, -13.3367869 ], [ -39.3076525, -13.3367868 ], [ -39.3076524, -13.3367124 ] ] ] } },
{ "type": "Feature", "properties": { "id_copa": 821, "talhao": "T5" }, "geometry": { "type": "Polygon", "coordinates": [ [ [ -39.3076525, -13.3355899 ], [ -39.3075728, -13.33559 ], [ -39.3075729, -13.3356769 ], [ -39.3076526, -13.3356768 ], [ -39.3076525, -13.3355899 ] ] ] } },
{ "type": "Feature", "properties": { "id_copa": 843, "talhao": "T5" }, "geometry": { "type": "Polygon", "coordinates": [ [ [ -39.3068743, -13.3372678 ], [ -39.306777, -13.3372679 ], [ -39.3067771, -13.3373739 ], [ -39.3068744, -13.3373737 ], [ -39.3068743, -13.3372678 ] ] ] } },
{ "type": "Feature", "properties": { "id_copa": 851, "talhao": "T5" }, "geometry": { "type": "Polygon", "coordinates": [ [ [ -39.3078835, -13.3361691 ], [ -39.3078254, -13.3361692 ], [ -39.3078255, -13.3362306 ], [ -39.3078836, -13.3362305 ], [ -39.3078835, -13.3361691 ] ] ] } },
{ "type": "Feature", "properties": { "id_copa": 868, "talhao": "T5" }, "geometry": { "type": "Polygon", "coordinates": [ [ [ -39.3070906, -13.3370547 ], [ -39.3070056, -13.3370548 ], [ -39.3070057, -13.3371271 ], [ -39.3070907, -13.337127 ], [ -39.3070906, -13.3370547 ] ] ] } },
{ "type": "Feature", "properties": { "id_copa": 913, "talhao": "T5" }, "geometry": { "type": "Polygon", "coordinates": [ [ [ -39.307896, -13.3356867 ], [ -39.3078281, -13.3356868 ], [ -39.3078282, -13.3357601 ], [ -39.3078961, -13.33576 ], [ -39.307896, -13.3356867 ] ] ] } },
{ "type": "Feature", "properties": { "id_copa": 915, "talhao": "T5" }, "geometry": { "type": "Polygon", "coordinates": [ [ [ -39.3071848, -13.3365346 ], [ -39.3070967, -13.3365347 ], [ -39.3070968, -13.3366272 ], [ -39.3071849, -13.3366271 ], [ -39.3071848, -13.3365346 ] ] ] } },
{ "type": "Feature", "properties": { "id_copa": 920, "talhao": "T5" }, "geometry": { "type": "Polygon", "coordinates": [ [ [ -39.3078614, -13.3358177 ], [ -39.3077573, -13.3358178 ], [ -39.3077574, -13.3359223 ], [ -39.3078615, -13.3359222 ], [ -39.3078614, -13.3358177 ] ] ] } },
{ "type": "Feature", "properties": { "id_copa": 923, "talhao": "T5" }, "geometry": { "type": "Polygon", "coordinates": [ [ [ -39.308082, -13.3361499 ], [ -39.3080284, -13.33615 ], [ -39.3080285, -13.3362201 ], [ -39.3080821, -13.33622 ], [ -39.308082, -13.3361499 ] ] ] } },
{ "type": "Feature", "properties": { "id_copa": 950, "talhao": "T5" }, "geometry": { "type": "Polygon", "coordinates": [ [ [ -39.3079277, -13.3359403 ], [ -39.3078565, -13.3359404 ], [ -39.3078566, -13.3360239 ], [ -39.3079278, -13.3360239 ], [ -39.3079277, -13.3359403 ] ] ] } },
{ "type": "Feature", "properties": { "id_copa": 981, "talhao": "T5" }, "geometry": { "type": "Polygon", "coordinates": [ [ [ -39.3076815, -13.3367787 ], [ -39.3076301, -13.3367788 ], [ -39.3076302, -13.3368408 ], [ -39.3076816, -13.3368408 ], [ -39.3076815, -13.3367787 ] ] ] } },
{ "type": "Feature", "properties": { "id_copa": 996, "talhao": "T5" }, "geometry": { "type": "Polygon", "coordinates": [ [ [ -39.3074498, -13.3372118 ], [ -39.3074002, -13.3372119 ], [ -39.3074003, -13.3372512 ], [ -39.3074498, -13.3372511 ], [ -39.3074498, -13.3372118 ] ] ] } },
{ "type": "Feature", "properties": { "id_copa": 1006, "talhao": "T5" }, "geometry": { "type": "Polygon", "coordinates": [ [ [ -39.3079595, -13.3354506 ], [ -39.3078926, -13.3354506 ], [ -39.3078927, -13.3355325 ], [ -39.3079596, -13.3355324 ], [ -39.3079595, -13.3354506 ] ] ] } },
{ "type": "Feature", "properties": { "id_copa": 1010, "talhao": "T5" }, "geometry": { "type": "Polygon", "coordinates": [ [ [ -39.3079899, -13.3362596 ], [ -39.3079082, -13.3362597 ], [ -39.3079083, -13.3363442 ], [ -39.30799, -13.3363441 ], [ -39.3079899, -13.3362596 ] ] ] } },
{ "type": "Feature", "properties": { "id_copa": 1017, "talhao": "T5" }, "geometry": { "type": "Polygon", "coordinates": [ [ [ -39.3080659, -13.3349564 ], [ -39.307988, -13.3349565 ], [ -39.3079881, -13.3350354 ], [ -39.308066, -13.3350353 ], [ -39.3080659, -13.3349564 ] ] ] } },
{ "type": "Feature", "properties": { "id_copa": 1020, "talhao": "T5" }, "geometry": { "type": "Polygon", "coordinates": [ [ [ -39.3082639, -13.3356802 ], [ -39.3082019, -13.3356802 ], [ -39.308202, -13.3357691 ], [ -39.308264, -13.3357691 ], [ -39.3082639, -13.3356802 ] ] ] } },
{ "type": "Feature", "properties": { "id_copa": 1038, "talhao": "T5" }, "geometry": { "type": "Polygon", "coordinates": [ [ [ -39.3074767, -13.3358446 ], [ -39.3074099, -13.3358447 ], [ -39.30741, -13.3359319 ], [ -39.3074768, -13.3359318 ], [ -39.3074767, -13.3358446 ] ] ] } },
{ "type": "Feature", "properties": { "id_copa": 1057, "talhao": "T5" }, "geometry": { "type": "Polygon", "coordinates": [ [ [ -39.307802, -13.3355919 ], [ -39.307732, -13.335592 ], [ -39.3077321, -13.3356899 ], [ -39.3078021, -13.3356898 ], [ -39.307802, -13.3355919 ] ] ] } },
{ "type": "Feature", "properties": { "id_copa": 1058, "talhao": "T5" }, "geometry": { "type": "Polygon", "coordinates": [ [ [ -39.3074197, -13.3365368 ], [ -39.3073714, -13.3365368 ], [ -39.3073715, -13.3365911 ], [ -39.3074198, -13.3365911 ], [ -39.3074197, -13.3365368 ] ] ] } },
{ "type": "Feature", "properties": { "id_copa": 1060, "talhao": "T5" }, "geometry": { "type": "Polygon", "coordinates": [ [ [ -39.30783, -13.3355304 ], [ -39.3077728, -13.3355305 ], [ -39.3077728, -13.3355791 ], [ -39.30783, -13.335579 ], [ -39.30783, -13.3355304 ] ] ] } },
{ "type": "Feature", "properties": { "id_copa": 1068, "talhao": "T5" }, "geometry": { "type": "Polygon", "coordinates": [ [ [ -39.3073603, -13.337372 ], [ -39.3072798, -13.3373721 ], [ -39.3072799, -13.3374491 ], [ -39.3073604, -13.337449 ], [ -39.3073603, -13.337372 ] ] ] } },
{ "type": "Feature", "properties": { "id_copa": 1104, "talhao": "T5" }, "geometry": { "type": "Polygon", "coordinates": [ [ [ -39.30833, -13.3360144 ], [ -39.3082558, -13.3360144 ], [ -39.3082559, -13.3361334 ], [ -39.3083301, -13.3361333 ], [ -39.30833, -13.3360144 ] ] ] } },
{ "type": "Feature", "properties": { "id_copa": 1108, "talhao": "T5" }, "geometry": { "type": "Polygon", "coordinates": [ [ [ -39.3075242, -13.3356977 ], [ -39.3074605, -13.3356978 ], [ -39.3074607, -13.3358122 ], [ -39.3075243, -13.3358121 ], [ -39.3075242, -13.3356977 ] ] ] } },
{ "type": "Feature", "properties": { "id_copa": 1111, "talhao": "T5" }, "geometry": { "type": "Polygon", "coordinates": [ [ [ -39.3075587, -13.3356152 ], [ -39.3074682, -13.3356153 ], [ -39.3074683, -13.3356892 ], [ -39.3075588, -13.3356891 ], [ -39.3075587, -13.3356152 ] ] ] } },
{ "type": "Feature", "properties": { "id_copa": 1113, "talhao": "T5" }, "geometry": { "type": "Polygon", "coordinates": [ [ [ -39.3078165, -13.3356997 ], [ -39.3077643, -13.3356998 ], [ -39.3077644, -13.3357778 ], [ -39.3078166, -13.3357778 ], [ -39.3078165, -13.3356997 ] ] ] } },
{ "type": "Feature", "properties": { "id_copa": 1125, "talhao": "T5" }, "geometry": { "type": "Polygon", "coordinates": [ [ [ -39.3085821, -13.3354903 ], [ -39.308495, -13.3354904 ], [ -39.3084951, -13.3355521 ], [ -39.3085821, -13.335552 ], [ -39.3085821, -13.3354903 ] ] ] } },
{ "type": "Feature", "properties": { "id_copa": 1130, "talhao": "T5" }, "geometry": { "type": "Polygon", "coordinates": [ [ [ -39.3084124, -13.335372 ], [ -39.3083399, -13.3353721 ], [ -39.30834, -13.3354422 ], [ -39.3084125, -13.3354421 ], [ -39.3084124, -13.335372 ] ] ] } },
{ "type": "Feature", "properties": { "id_copa": 1140, "talhao": "T5" }, "geometry": { "type": "Polygon", "coordinates": [ [ [ -39.3072232, -13.3363083 ], [ -39.307132, -13.3363084 ], [ -39.3071321, -13.3363936 ], [ -39.3072234, -13.3363935 ], [ -39.3072232, -13.3363083 ] ] ] } },
{ "type": "Feature", "properties": { "id_copa": 1148, "talhao": "T5" }, "geometry": { "type": "Polygon", "coordinates": [ [ [ -39.307772, -13.3356905 ], [ -39.307705, -13.3356906 ], [ -39.3077051, -13.3357867 ], [ -39.3077721, -13.3357866 ], [ -39.307772, -13.3356905 ] ] ] } },
{ "type": "Feature", "properties": { "id_copa": 1175, "talhao": "T5" }, "geometry": { "type": "Polygon", "coordinates": [ [ [ -39.3075028, -13.3359671 ], [ -39.3074374, -13.3359672 ], [ -39.3074375, -13.3360535 ], [ -39.3075029, -13.3360535 ], [ -39.3075028, -13.3359671 ] ] ] } },
{ "type": "Feature", "properties": { "id_copa": 1186, "talhao": "T5" }, "geometry": { "type": "Polygon", "coordinates": [ [ [ -39.3073626, -13.3369938 ], [ -39.3073062, -13.3369938 ], [ -39.3073063, -13.337088 ], [ -39.3073627, -13.3370879 ], [ -39.3073626, -13.3369938 ] ] ] } },
{ "type": "Feature", "properties": { "id_copa": 1198, "talhao": "T5" }, "geometry": { "type": "Polygon", "coordinates": [ [ [ -39.3069615, -13.3372536 ], [ -39.3069154, -13.3372536 ], [ -39.3069155, -13.3372887 ], [ -39.3069615, -13.3372887 ], [ -39.3069615, -13.3372536 ] ] ] } },
{ "type": "Feature", "properties": { "id_copa": 1200, "talhao": "T5" }, "geometry": { "type": "Polygon", "coordinates": [ [ [ -39.3074183, -13.3361453 ], [ -39.3073715, -13.3361453 ], [ -39.3073716, -13.3361942 ], [ -39.3074183, -13.3361942 ], [ -39.3074183, -13.3361453 ] ] ] } },
{ "type": "Feature", "properties": { "id_copa": 1212, "talhao": "T5" }, "geometry": { "type": "Polygon", "coordinates": [ [ [ -39.3076335, -13.3369473 ], [ -39.307594, -13.3369474 ], [ -39.3075941, -13.336996 ], [ -39.3076336, -13.336996 ], [ -39.3076335, -13.3369473 ] ] ] } },
{ "type": "Feature", "properties": { "id_copa": 1218, "talhao": "T5" }, "geometry": { "type": "Polygon", "coordinates": [ [ [ -39.3073728, -13.3368845 ], [ -39.3072808, -13.3368846 ], [ -39.307281, -13.3369766 ], [ -39.3073729, -13.3369765 ], [ -39.3073728, -13.3368845 ] ] ] } },
{ "type": "Feature", "properties": { "id_copa": 1232, "talhao": "T5" }, "geometry": { "type": "Polygon", "coordinates": [ [ [ -39.3073493, -13.3360549 ], [ -39.3072969, -13.336055 ], [ -39.307297, -13.3361248 ], [ -39.3073494, -13.3361247 ], [ -39.3073493, -13.3360549 ] ] ] } },
{ "type": "Feature", "properties": { "id_copa": 1236, "talhao": "T5" }, "geometry": { "type": "Polygon", "coordinates": [ [ [ -39.3081975, -13.3352846 ], [ -39.3081199, -13.3352847 ], [ -39.30812, -13.3353756 ], [ -39.3081976, -13.3353755 ], [ -39.3081975, -13.3352846 ] ] ] } },
{ "type": "Feature", "properties": { "id_copa": 1245, "talhao": "T5" }, "geometry": { "type": "Polygon", "coordinates": [ [ [ -39.3077042, -13.3350797 ], [ -39.3075461, -13.3350799 ], [ -39.3075463, -13.3351978 ], [ -39.3077044, -13.3351976 ], [ -39.3077042, -13.3350797 ] ] ] } },
{ "type": "Feature", "properties": { "id_copa": 1259, "talhao": "T5" }, "geometry": { "type": "Polygon", "coordinates": [ [ [ -39.3084903, -13.3354217 ], [ -39.3084204, -13.3354218 ], [ -39.3084205, -13.33552 ], [ -39.3084904, -13.3355199 ], [ -39.3084903, -13.3354217 ] ] ] } },
{ "type": "Feature", "properties": { "id_copa": 1271, "talhao": "T5" }, "geometry": { "type": "Polygon", "coordinates": [ [ [ -39.3070347, -13.3372764 ], [ -39.306969, -13.3372765 ], [ -39.306969, -13.3373443 ], [ -39.3070348, -13.3373442 ], [ -39.3070347, -13.3372764 ] ] ] } },
{ "type": "Feature", "properties": { "id_copa": 1284, "talhao": "T5" }, "geometry": { "type": "Polygon", "coordinates": [ [ [ -39.3071805, -13.3363724 ], [ -39.3071061, -13.3363725 ], [ -39.3071061, -13.3364321 ], [ -39.3071806, -13.336432 ], [ -39.3071805, -13.3363724 ] ] ] } },
{ "type": "Feature", "properties": { "id_copa": 1302, "talhao": "T5" }, "geometry": { "type": "Polygon", "coordinates": [ [ [ -39.3078263, -13.3365213 ], [ -39.3077843, -13.3365214 ], [ -39.3077845, -13.3366174 ], [ -39.3078264, -13.3366173 ], [ -39.3078263, -13.3365213 ] ] ] } },
{ "type": "Feature", "properties": { "id_copa": 1309, "talhao": "T5" }, "geometry": { "type": "Polygon", "coordinates": [ [ [ -39.3068385, -13.3373623 ], [ -39.3067727, -13.3373624 ], [ -39.3067728, -13.3374194 ], [ -39.3068386, -13.3374194 ], [ -39.3068385, -13.3373623 ] ] ] } },
{ "type": "Feature", "properties": { "id_copa": 1311, "talhao": "T5" }, "geometry": { "type": "Polygon", "coordinates": [ [ [ -39.3075826, -13.3366558 ], [ -39.3075223, -13.3366559 ], [ -39.3075224, -13.3367115 ], [ -39.3075827, -13.3367115 ], [ -39.3075826, -13.3366558 ] ] ] } },
{ "type": "Feature", "properties": { "id_copa": 1313, "talhao": "T5" }, "geometry": { "type": "Polygon", "coordinates": [ [ [ -39.3072189, -13.3366215 ], [ -39.3071521, -13.3366216 ], [ -39.3071522, -13.3366848 ], [ -39.307219, -13.3366847 ], [ -39.3072189, -13.3366215 ] ] ] } },
{ "type": "Feature", "properties": { "id_copa": 1314, "talhao": "T5" }, "geometry": { "type": "Polygon", "coordinates": [ [ [ -39.3079044, -13.3366271 ], [ -39.3078244, -13.3366272 ], [ -39.3078245, -13.3366929 ], [ -39.3079045, -13.3366928 ], [ -39.3079044, -13.3366271 ] ] ] } },
{ "type": "Feature", "properties": { "id_copa": 1320, "talhao": "T5" }, "geometry": { "type": "Polygon", "coordinates": [ [ [ -39.3079209, -13.3352172 ], [ -39.3078589, -13.3352172 ], [ -39.307859, -13.3352841 ], [ -39.307921, -13.335284 ], [ -39.3079209, -13.3352172 ] ] ] } },
{ "type": "Feature", "properties": { "id_copa": 1322, "talhao": "T5" }, "geometry": { "type": "Polygon", "coordinates": [ [ [ -39.3072496, -13.3364289 ], [ -39.3071808, -13.3364289 ], [ -39.3071809, -13.3365103 ], [ -39.3072497, -13.3365102 ], [ -39.3072496, -13.3364289 ] ] ] } },
{ "type": "Feature", "properties": { "id_copa": 1325, "talhao": "T5" }, "geometry": { "type": "Polygon", "coordinates": [ [ [ -39.3078122, -13.3359523 ], [ -39.3077533, -13.3359523 ], [ -39.3077534, -13.3360043 ], [ -39.3078122, -13.3360042 ], [ -39.3078122, -13.3359523 ] ] ] } },
{ "type": "Feature", "properties": { "id_copa": 1347, "talhao": "T5" }, "geometry": { "type": "Polygon", "coordinates": [ [ [ -39.3082647, -13.3359493 ], [ -39.3081845, -13.3359494 ], [ -39.3081846, -13.3360204 ], [ -39.3082648, -13.3360203 ], [ -39.3082647, -13.3359493 ] ] ] } },
{ "type": "Feature", "properties": { "id_copa": 1364, "talhao": "T5" }, "geometry": { "type": "Polygon", "coordinates": [ [ [ -39.3085575, -13.3355464 ], [ -39.3084416, -13.3355466 ], [ -39.3084417, -13.3356292 ], [ -39.3085576, -13.3356291 ], [ -39.3085575, -13.3355464 ] ] ] } },
{ "type": "Feature", "properties": { "id_copa": 1371, "talhao": "T5" }, "geometry": { "type": "Polygon", "coordinates": [ [ [ -39.3084491, -13.3351814 ], [ -39.3083784, -13.3351814 ], [ -39.3083785, -13.3352558 ], [ -39.3084492, -13.3352557 ], [ -39.3084491, -13.3351814 ] ] ] } },
{ "type": "Feature", "properties": { "id_copa": 1372, "talhao": "T5" }, "geometry": { "type": "Polygon", "coordinates": [ [ [ -39.3076303, -13.3367903 ], [ -39.3075931, -13.3367903 ], [ -39.3075931, -13.3368247 ], [ -39.3076303, -13.3368246 ], [ -39.3076303, -13.3367903 ] ] ] } },
{ "type": "Feature", "properties": { "id_copa": 1379, "talhao": "T5" }, "geometry": { "type": "Polygon", "coordinates": [ [ [ -39.3076369, -13.335521 ], [ -39.3075757, -13.3355211 ], [ -39.3075758, -13.3355794 ], [ -39.307637, -13.3355793 ], [ -39.3076369, -13.335521 ] ] ] } },
{ "type": "Feature", "properties": { "id_copa": 1386, "talhao": "T5" }, "geometry": { "type": "Polygon", "coordinates": [ [ [ -39.3072479, -13.3373785 ], [ -39.3071832, -13.3373785 ], [ -39.3071832, -13.3374544 ], [ -39.307248, -13.3374543 ], [ -39.3072479, -13.3373785 ] ] ] } },
{ "type": "Feature", "properties": { "id_copa": 1400, "talhao": "T5" }, "geometry": { "type": "Polygon", "coordinates": [ [ [ -39.3086115, -13.3355609 ], [ -39.3085478, -13.335561 ], [ -39.3085479, -13.3356179 ], [ -39.3086115, -13.3356178 ], [ -39.3086115, -13.3355609 ] ] ] } },
{ "type": "Feature", "properties": { "id_copa": 1416, "talhao": "T5" }, "geometry": { "type": "Polygon", "coordinates": [ [ [ -39.3071374, -13.3366856 ], [ -39.3070764, -13.3366857 ], [ -39.3070765, -13.336768 ], [ -39.3071375, -13.3367679 ], [ -39.3071374, -13.3366856 ] ] ] } },
{ "type": "Feature", "properties": { "id_copa": 1422, "talhao": "T5" }, "geometry": { "type": "Polygon", "coordinates": [ [ [ -39.3080661, -13.33604 ], [ -39.3079346, -13.3360401 ], [ -39.3079347, -13.336148 ], [ -39.3080663, -13.3361478 ], [ -39.3080661, -13.33604 ] ] ] } },
{ "type": "Feature", "properties": { "id_copa": 1425, "talhao": "T5" }, "geometry": { "type": "Polygon", "coordinates": [ [ [ -39.3078646, -13.3359533 ], [ -39.3078031, -13.3359533 ], [ -39.3078032, -13.3360185 ], [ -39.3078647, -13.3360184 ], [ -39.3078646, -13.3359533 ] ] ] } },
{ "type": "Feature", "properties": { "id_copa": 1434, "talhao": "T5" }, "geometry": { "type": "Polygon", "coordinates": [ [ [ -39.3080382, -13.3362721 ], [ -39.3079708, -13.3362721 ], [ -39.3079709, -13.3363509 ], [ -39.3080383, -13.3363508 ], [ -39.3080382, -13.3362721 ] ] ] } },
{ "type": "Feature", "properties": { "id_copa": 1438, "talhao": "T5" }, "geometry": { "type": "Polygon", "coordinates": [ [ [ -39.3079058, -13.3354669 ], [ -39.3078353, -13.335467 ], [ -39.3078354, -13.335537 ], [ -39.3079059, -13.3355369 ], [ -39.3079058, -13.3354669 ] ] ] } },
{ "type": "Feature", "properties": { "id_copa": 1441, "talhao": "T5" }, "geometry": { "type": "Polygon", "coordinates": [ [ [ -39.3078179, -13.3361716 ], [ -39.3077662, -13.3361716 ], [ -39.3077663, -13.3362289 ], [ -39.307818, -13.3362289 ], [ -39.3078179, -13.3361716 ] ] ] } },
{ "type": "Feature", "properties": { "id_copa": 1444, "talhao": "T5" }, "geometry": { "type": "Polygon", "coordinates": [ [ [ -39.3074122, -13.3364287 ], [ -39.3073407, -13.3364288 ], [ -39.3073408, -13.336496 ], [ -39.3074123, -13.336496 ], [ -39.3074122, -13.3364287 ] ] ] } },
{ "type": "Feature", "properties": { "id_copa": 1451, "talhao": "T5" }, "geometry": { "type": "Polygon", "coordinates": [ [ [ -39.308478, -13.3353737 ], [ -39.3084076, -13.3353738 ], [ -39.3084077, -13.335449 ], [ -39.3084781, -13.3354489 ], [ -39.308478, -13.3353737 ] ] ] } },
{ "type": "Feature", "properties": { "id_copa": 1454, "talhao": "T5" }, "geometry": { "type": "Polygon", "coordinates": [ [ [ -39.307902, -13.3368568 ], [ -39.3078054, -13.3368569 ], [ -39.3078055, -13.3369398 ], [ -39.3079021, -13.3369397 ], [ -39.307902, -13.3368568 ] ] ] } },
{ "type": "Feature", "properties": { "id_copa": 1460, "talhao": "T5" }, "geometry": { "type": "Polygon", "coordinates": [ [ [ -39.3077786, -13.334856 ], [ -39.3077104, -13.3348561 ], [ -39.3077105, -13.3349409 ], [ -39.3077787, -13.3349408 ], [ -39.3077786, -13.334856 ] ] ] } },
{ "type": "Feature", "properties": { "id_copa": 1463, "talhao": "T5" }, "geometry": { "type": "Polygon", "coordinates": [ [ [ -39.3082756, -13.3357927 ], [ -39.3081859, -13.3357929 ], [ -39.308186, -13.3358873 ], [ -39.3082758, -13.3358872 ], [ -39.3082756, -13.3357927 ] ] ] } },
{ "type": "Feature", "properties": { "id_copa": 1475, "talhao": "T5" }, "geometry": { "type": "Polygon", "coordinates": [ [ [ -39.3079259, -13.3350948 ], [ -39.307855, -13.3350949 ], [ -39.3078551, -13.3351728 ], [ -39.307926, -13.3351727 ], [ -39.3079259, -13.3350948 ] ] ] } },
{ "type": "Feature", "properties": { "id_copa": 1479, "talhao": "T5" }, "geometry": { "type": "Polygon", "coordinates": [ [ [ -39.3071671, -13.3367909 ], [ -39.3070533, -13.336791 ], [ -39.3070534, -13.3368848 ], [ -39.3071672, -13.3368847 ], [ -39.3071671, -13.3367909 ] ] ] } },
{ "type": "Feature", "properties": { "id_copa": 1529, "talhao": "T5" }, "geometry": { "type": "Polygon", "coordinates": [ [ [ -39.3078335, -13.3369773 ], [ -39.3077575, -13.3369774 ], [ -39.3077575, -13.3370477 ], [ -39.3078336, -13.3370477 ], [ -39.3078335, -13.3369773 ] ] ] } },
{ "type": "Feature", "properties": { "id_copa": 1551, "talhao": "T5" }, "geometry": { "type": "Polygon", "coordinates": [ [ [ -39.3081676, -13.3358085 ], [ -39.3080992, -13.3358086 ], [ -39.3080993, -13.33589 ], [ -39.3081677, -13.3358899 ], [ -39.3081676, -13.3358085 ] ] ] } },
{ "type": "Feature", "properties": { "id_copa": 1582, "talhao": "T5" }, "geometry": { "type": "Polygon", "coordinates": [ [ [ -39.3073462, -13.3357267 ], [ -39.3072486, -13.3357269 ], [ -39.3072487, -13.3358229 ], [ -39.3073463, -13.3358228 ], [ -39.3073462, -13.3357267 ] ] ] } },
{ "type": "Feature", "properties": { "id_copa": 1591, "talhao": "T5" }, "geometry": { "type": "Polygon", "coordinates": [ [ [ -39.3078187, -13.3348765 ], [ -39.3077695, -13.3348766 ], [ -39.3077695, -13.3349353 ], [ -39.3078188, -13.3349353 ], [ -39.3078187, -13.3348765 ] ] ] } },
{ "type": "Feature", "properties": { "id_copa": 1635, "talhao": "T5" }, "geometry": { "type": "Polygon", "coordinates": [ [ [ -39.3077776, -13.3361558 ], [ -39.3077089, -13.3361559 ], [ -39.3077091, -13.3362415 ], [ -39.3077777, -13.3362415 ], [ -39.3077776, -13.3361558 ] ] ] } },
{ "type": "Feature", "properties": { "id_copa": 1642, "talhao": "T5" }, "geometry": { "type": "Polygon", "coordinates": [ [ [ -39.3078842, -13.3364962 ], [ -39.3078274, -13.3364962 ], [ -39.3078275, -13.3365987 ], [ -39.3078843, -13.3365986 ], [ -39.3078842, -13.3364962 ] ] ] } },
{ "type": "Feature", "properties": { "id_copa": 1660, "talhao": "T5" }, "geometry": { "type": "Polygon", "coordinates": [ [ [ -39.3068997, -13.3371192 ], [ -39.306845, -13.3371193 ], [ -39.3068451, -13.3371776 ], [ -39.3068997, -13.3371775 ], [ -39.3068997, -13.3371192 ] ] ] } },
{ "type": "Feature", "properties": { "id_copa": 1676, "talhao": "T5" }, "geometry": { "type": "Polygon", "coordinates": [ [ [ -39.3083953, -13.3351791 ], [ -39.3083136, -13.3351792 ], [ -39.3083137, -13.335282 ], [ -39.3083954, -13.3352819 ], [ -39.3083953, -13.3351791 ] ] ] } },
{ "type": "Feature", "properties": { "id_copa": 1685, "talhao": "T5" }, "geometry": { "type": "Polygon", "coordinates": [ [ [ -39.3072911, -13.3373755 ], [ -39.3072166, -13.3373756 ], [ -39.3072167, -13.3374353 ], [ -39.3072911, -13.3374352 ], [ -39.3072911, -13.3373755 ] ] ] } },
{ "type": "Feature", "properties": { "id_copa": 1704, "talhao": "T5" }, "geometry": { "type": "Polygon", "coordinates": [ [ [ -39.3074044, -13.3371019 ], [ -39.3073756, -13.3371019 ], [ -39.3073757, -13.3371256 ], [ -39.3074044, -13.3371256 ], [ -39.3074044, -13.3371019 ] ] ] } },
{ "type": "Feature", "properties": { "id_copa": 1705, "talhao": "T5" }, "geometry": { "type": "Polygon", "coordinates": [ [ [ -39.3077047, -13.334936 ], [ -39.3076084, -13.3349361 ], [ -39.3076085, -13.335029 ], [ -39.3077049, -13.3350289 ], [ -39.3077047, -13.334936 ] ] ] } },
{ "type": "Feature", "properties": { "id_copa": 1707, "talhao": "T5" }, "geometry": { "type": "Polygon", "coordinates": [ [ [ -39.3074458, -13.3358981 ], [ -39.3073744, -13.3358982 ], [ -39.3073745, -13.3359792 ], [ -39.3074459, -13.3359791 ], [ -39.3074458, -13.3358981 ] ] ] } },
{ "type": "Feature", "properties": { "id_copa": 1712, "talhao": "T5" }, "geometry": { "type": "Polygon", "coordinates": [ [ [ -39.3069433, -13.3372833 ], [ -39.3068623, -13.3372834 ], [ -39.3068624, -13.337369 ], [ -39.3069434, -13.3373689 ], [ -39.3069433, -13.3372833 ] ] ] } },
{ "type": "Feature", "properties": { "id_copa": 1719, "talhao": "T5" }, "geometry": { "type": "Polygon", "coordinates": [ [ [ -39.3073437, -13.3368431 ], [ -39.3072779, -13.3368432 ], [ -39.307278, -13.3368998 ], [ -39.3073438, -13.3368997 ], [ -39.3073437, -13.3368431 ] ] ] } },
{ "type": "Feature", "properties": { "id_copa": 1755, "talhao": "T5" }, "geometry": { "type": "Polygon", "coordinates": [ [ [ -39.3083141, -13.3351898 ], [ -39.3082365, -13.3351899 ], [ -39.3082366, -13.335313 ], [ -39.3083143, -13.3353129 ], [ -39.3083141, -13.3351898 ] ] ] } },
{ "type": "Feature", "properties": { "id_copa": 1768, "talhao": "T5" }, "geometry": { "type": "Polygon", "coordinates": [ [ [ -39.3076792, -13.3368496 ], [ -39.3076265, -13.3368496 ], [ -39.3076265, -13.3368934 ], [ -39.3076792, -13.3368934 ], [ -39.3076792, -13.3368496 ] ] ] } },
{ "type": "Feature", "properties": { "id_copa": 1770, "talhao": "T5" }, "geometry": { "type": "Polygon", "coordinates": [ [ [ -39.3072123, -13.3367758 ], [ -39.3071512, -13.3367759 ], [ -39.3071513, -13.3368463 ], [ -39.3072124, -13.3368463 ], [ -39.3072123, -13.3367758 ] ] ] } },
{ "type": "Feature", "properties": { "id_copa": 1781, "talhao": "T5" }, "geometry": { "type": "Polygon", "coordinates": [ [ [ -39.3071058, -13.3365603 ], [ -39.3070518, -13.3365603 ], [ -39.3070519, -13.3366256 ], [ -39.3071059, -13.3366255 ], [ -39.3071058, -13.3365603 ] ] ] } },
{ "type": "Feature", "properties": { "id_copa": 1799, "talhao": "T5" }, "geometry": { "type": "Polygon", "coordinates": [ [ [ -39.3074379, -13.3367899 ], [ -39.3074036, -13.3367899 ], [ -39.3074036, -13.336819 ], [ -39.307438, -13.336819 ], [ -39.3074379, -13.3367899 ] ] ] } },
{ "type": "Feature", "properties": { "id_copa": 1805, "talhao": "T5" }, "geometry": { "type": "Polygon", "coordinates": [ [ [ -39.3074763, -13.3363971 ], [ -39.3073966, -13.3363972 ], [ -39.3073967, -13.3364929 ], [ -39.3074765, -13.3364928 ], [ -39.3074763, -13.3363971 ] ] ] } },
{ "type": "Feature", "properties": { "id_copa": 1827, "talhao": "T5" }, "geometry": { "type": "Polygon", "coordinates": [ [ [ -39.3082144, -13.3350871 ], [ -39.3081518, -13.3350871 ], [ -39.3081518, -13.3351442 ], [ -39.3082145, -13.3351441 ], [ -39.3082144, -13.3350871 ] ] ] } },
{ "type": "Feature", "properties": { "id_copa": 1829, "talhao": "T5" }, "geometry": { "type": "Polygon", "coordinates": [ [ [ -39.3079493, -13.336878 ], [ -39.3078927, -13.3368781 ], [ -39.3078927, -13.3369195 ], [ -39.3079494, -13.3369194 ], [ -39.3079493, -13.336878 ] ] ] } },
{ "type": "Feature", "properties": { "id_copa": 1835, "talhao": "T5" }, "geometry": { "type": "Polygon", "coordinates": [ [ [ -39.3068437, -13.3374939 ], [ -39.3067672, -13.337494 ], [ -39.3067673, -13.3375495 ], [ -39.3068438, -13.3375494 ], [ -39.3068437, -13.3374939 ] ] ] } },
{ "type": "Feature", "properties": { "id_copa": 1845, "talhao": "T5" }, "geometry": { "type": "Polygon", "coordinates": [ [ [ -39.3080889, -13.3364955 ], [ -39.3080311, -13.3364956 ], [ -39.3080312, -13.3365383 ], [ -39.3080889, -13.3365382 ], [ -39.3080889, -13.3364955 ] ] ] } },
{ "type": "Feature", "properties": { "id_copa": 1848, "talhao": "T5" }, "geometry": { "type": "Polygon", "coordinates": [ [ [ -39.3080772, -13.3365402 ], [ -39.308051, -13.3365402 ], [ -39.308051, -13.3365697 ], [ -39.3080772, -13.3365697 ], [ -39.3080772, -13.3365402 ] ] ] } },
{ "type": "Feature", "properties": { "id_copa": 1880, "talhao": "T5" }, "geometry": { "type": "Polygon", "coordinates": [ [ [ -39.3086263, -13.3356071 ], [ -39.3085276, -13.3356073 ], [ -39.3085277, -13.3356832 ], [ -39.3086264, -13.3356831 ], [ -39.3086263, -13.3356071 ] ] ] } },
{ "type": "Feature", "properties": { "id_copa": 19, "talhao": "T6" }, "geometry": { "type": "Polygon", "coordinates": [ [ [ -39.3113754, -13.3357196 ], [ -39.3112917, -13.3357197 ], [ -39.3112918, -13.3358026 ], [ -39.3113755, -13.3358025 ], [ -39.3113754, -13.3357196 ] ] ] } },
{ "type": "Feature", "properties": { "id_copa": 70, "talhao": "T6" }, "geometry": { "type": "Polygon", "coordinates": [ [ [ -39.3114755, -13.3357244 ], [ -39.3113966, -13.3357245 ], [ -39.3113967, -13.3357904 ], [ -39.3114755, -13.3357903 ], [ -39.3114755, -13.3357244 ] ] ] } },
{ "type": "Feature", "properties": { "id_copa": 72, "talhao": "T6" }, "geometry": { "type": "Polygon", "coordinates": [ [ [ -39.3097605, -13.3355758 ], [ -39.3096753, -13.3355759 ], [ -39.3096754, -13.3356466 ], [ -39.3097606, -13.3356465 ], [ -39.3097605, -13.3355758 ] ] ] } },
{ "type": "Feature", "properties": { "id_copa": 81, "talhao": "T6" }, "geometry": { "type": "Polygon", "coordinates": [ [ [ -39.3103802, -13.3358582 ], [ -39.3102873, -13.3358583 ], [ -39.3102875, -13.3359627 ], [ -39.3103803, -13.3359626 ], [ -39.3103802, -13.3358582 ] ] ] } },
{ "type": "Feature", "properties": { "id_copa": 115, "talhao": "T6" }, "geometry": { "type": "Polygon", "coordinates": [ [ [ -39.3105154, -13.3358455 ], [ -39.3104107, -13.3358456 ], [ -39.3104108, -13.3359379 ], [ -39.3105155, -13.3359377 ], [ -39.3105154, -13.3358455 ] ] ] } },
{ "type": "Feature", "properties": { "id_copa": 118, "talhao": "T6" }, "geometry": { "type": "Polygon", "coordinates": [ [ [ -39.310612, -13.3356667 ], [ -39.3105301, -13.3356668 ], [ -39.3105302, -13.3357349 ], [ -39.3106121, -13.3357348 ], [ -39.310612, -13.3356667 ] ] ] } },
{ "type": "Feature", "properties": { "id_copa": 130, "talhao": "T6" }, "geometry": { "type": "Polygon", "coordinates": [ [ [ -39.3095982, -13.3354619 ], [ -39.3095086, -13.335462 ], [ -39.3095087, -13.3355449 ], [ -39.3095983, -13.3355448 ], [ -39.3095982, -13.3354619 ] ] ] } },
{ "type": "Feature", "properties": { "id_copa": 160, "talhao": "T6" }, "geometry": { "type": "Polygon", "coordinates": [ [ [ -39.3114251, -13.3357967 ], [ -39.3113129, -13.3357968 ], [ -39.311313, -13.3358798 ], [ -39.3114252, -13.3358797 ], [ -39.3114251, -13.3357967 ] ] ] } },
{ "type": "Feature", "properties": { "id_copa": 166, "talhao": "T6" }, "geometry": { "type": "Polygon", "coordinates": [ [ [ -39.3100298, -13.3355167 ], [ -39.3099363, -13.3355168 ], [ -39.3099364, -13.3355919 ], [ -39.3100299, -13.3355918 ], [ -39.3100298, -13.3355167 ] ] ] } },
{ "type": "Feature", "properties": { "id_copa": 198, "talhao": "T6" }, "geometry": { "type": "Polygon", "coordinates": [ [ [ -39.310772, -13.3348962 ], [ -39.310698, -13.3348962 ], [ -39.3106981, -13.3349805 ], [ -39.3107721, -13.3349804 ], [ -39.310772, -13.3348962 ] ] ] } },
{ "type": "Feature", "properties": { "id_copa": 200, "talhao": "T6" }, "geometry": { "type": "Polygon", "coordinates": [ [ [ -39.3112109, -13.3354931 ], [ -39.3111242, -13.3354932 ], [ -39.3111243, -13.3355905 ], [ -39.311211, -13.3355904 ], [ -39.3112109, -13.3354931 ] ] ] } },
{ "type": "Feature", "properties": { "id_copa": 231, "talhao": "T6" }, "geometry": { "type": "Polygon", "coordinates": [ [ [ -39.3109418, -13.3353507 ], [ -39.3108494, -13.3353508 ], [ -39.3108495, -13.3354432 ], [ -39.3109419, -13.3354431 ], [ -39.3109418, -13.3353507 ] ] ] } },
{ "type": "Feature", "properties": { "id_copa": 239, "talhao": "T6" }, "geometry": { "type": "Polygon", "coordinates": [ [ [ -39.3106132, -13.3348612 ], [ -39.3105275, -13.3348613 ], [ -39.3105276, -13.3349551 ], [ -39.3106133, -13.334955 ], [ -39.3106132, -13.3348612 ] ] ] } },
{ "type": "Feature", "properties": { "id_copa": 252, "talhao": "T6" }, "geometry": { "type": "Polygon", "coordinates": [ [ [ -39.3114515, -13.3356211 ], [ -39.3113588, -13.3356212 ], [ -39.3113589, -13.3357114 ], [ -39.3114516, -13.3357112 ], [ -39.3114515, -13.3356211 ] ] ] } },
{ "type": "Feature", "properties": { "id_copa": 255, "talhao": "T6" }, "geometry": { "type": "Polygon", "coordinates": [ [ [ -39.3104483, -13.3346959 ], [ -39.3103743, -13.334696 ], [ -39.3103744, -13.3347786 ], [ -39.3104484, -13.3347785 ], [ -39.3104483, -13.3346959 ] ] ] } },
{ "type": "Feature", "properties": { "id_copa": 280, "talhao": "T6" }, "geometry": { "type": "Polygon", "coordinates": [ [ [ -39.3097525, -13.3355134 ], [ -39.3096761, -13.3355135 ], [ -39.3096762, -13.3355732 ], [ -39.3097525, -13.3355731 ], [ -39.3097525, -13.3355134 ] ] ] } },
{ "type": "Feature", "properties": { "id_copa": 286, "talhao": "T6" }, "geometry": { "type": "Polygon", "coordinates": [ [ [ -39.3104405, -13.335012 ], [ -39.3103574, -13.3350121 ], [ -39.3103575, -13.3350966 ], [ -39.3104406, -13.3350965 ], [ -39.3104405, -13.335012 ] ] ] } },
{ "type": "Feature", "properties": { "id_copa": 320, "talhao": "T6" }, "geometry": { "type": "Polygon", "coordinates": [ [ [ -39.3104548, -13.3352974 ], [ -39.3103245, -13.3352976 ], [ -39.3103246, -13.3354142 ], [ -39.3104549, -13.335414 ], [ -39.3104548, -13.3352974 ] ] ] } },
{ "type": "Feature", "properties": { "id_copa": 339, "talhao": "T6" }, "geometry": { "type": "Polygon", "coordinates": [ [ [ -39.3096876, -13.3353785 ], [ -39.3095817, -13.3353786 ], [ -39.3095818, -13.3354799 ], [ -39.3096877, -13.3354798 ], [ -39.3096876, -13.3353785 ] ] ] } },
{ "type": "Feature", "properties": { "id_copa": 369, "talhao": "T6" }, "geometry": { "type": "Polygon", "coordinates": [ [ [ -39.3106478, -13.3352832 ], [ -39.3105825, -13.3352833 ], [ -39.3105826, -13.3353408 ], [ -39.3106479, -13.3353407 ], [ -39.3106478, -13.3352832 ] ] ] } },
{ "type": "Feature", "properties": { "id_copa": 382, "talhao": "T6" }, "geometry": { "type": "Polygon", "coordinates": [ [ [ -39.3108818, -13.3351801 ], [ -39.3108004, -13.3351802 ], [ -39.3108005, -13.3352529 ], [ -39.3108819, -13.3352528 ], [ -39.3108818, -13.3351801 ] ] ] } },
{ "type": "Feature", "properties": { "id_copa": 383, "talhao": "T6" }, "geometry": { "type": "Polygon", "coordinates": [ [ [ -39.3101355, -13.3358268 ], [ -39.3100594, -13.3358269 ], [ -39.3100595, -13.3359164 ], [ -39.3101356, -13.3359163 ], [ -39.3101355, -13.3358268 ] ] ] } },
{ "type": "Feature", "properties": { "id_copa": 401, "talhao": "T6" }, "geometry": { "type": "Polygon", "coordinates": [ [ [ -39.309699, -13.3356428 ], [ -39.3096081, -13.3356429 ], [ -39.3096082, -13.335718 ], [ -39.3096991, -13.3357179 ], [ -39.309699, -13.3356428 ] ] ] } },
{ "type": "Feature", "properties": { "id_copa": 453, "talhao": "T6" }, "geometry": { "type": "Polygon", "coordinates": [ [ [ -39.3109559, -13.3356847 ], [ -39.3108799, -13.3356848 ], [ -39.31088, -13.3357491 ], [ -39.310956, -13.335749 ], [ -39.3109559, -13.3356847 ] ] ] } },
{ "type": "Feature", "properties": { "id_copa": 463, "talhao": "T6" }, "geometry": { "type": "Polygon", "coordinates": [ [ [ -39.3103052, -13.335707 ], [ -39.3102303, -13.3357071 ], [ -39.3102304, -13.3357794 ], [ -39.3103053, -13.3357793 ], [ -39.3103052, -13.335707 ] ] ] } },
{ "type": "Feature", "properties": { "id_copa": 468, "talhao": "T6" }, "geometry": { "type": "Polygon", "coordinates": [ [ [ -39.311287, -13.3357154 ], [ -39.3112, -13.3357155 ], [ -39.3112001, -13.3358277 ], [ -39.3112872, -13.3358276 ], [ -39.311287, -13.3357154 ] ] ] } },
{ "type": "Feature", "properties": { "id_copa": 469, "talhao": "T6" }, "geometry": { "type": "Polygon", "coordinates": [ [ [ -39.3110555, -13.3351129 ], [ -39.3109846, -13.335113 ], [ -39.3109847, -13.3351705 ], [ -39.3110556, -13.3351704 ], [ -39.3110555, -13.3351129 ] ] ] } },
{ "type": "Feature", "properties": { "id_copa": 472, "talhao": "T6" }, "geometry": { "type": "Polygon", "coordinates": [ [ [ -39.3111397, -13.3358344 ], [ -39.3110655, -13.3358345 ], [ -39.3110656, -13.3358993 ], [ -39.3111398, -13.3358993 ], [ -39.3111397, -13.3358344 ] ] ] } },
{ "type": "Feature", "properties": { "id_copa": 487, "talhao": "T6" }, "geometry": { "type": "Polygon", "coordinates": [ [ [ -39.3109195, -13.335039 ], [ -39.3108238, -13.3350392 ], [ -39.3108239, -13.3351292 ], [ -39.3109197, -13.3351291 ], [ -39.3109195, -13.335039 ] ] ] } },
{ "type": "Feature", "properties": { "id_copa": 492, "talhao": "T6" }, "geometry": { "type": "Polygon", "coordinates": [ [ [ -39.3101347, -13.335681 ], [ -39.3100622, -13.3356811 ], [ -39.3100623, -13.3357599 ], [ -39.3101348, -13.3357598 ], [ -39.3101347, -13.335681 ] ] ] } },
{ "type": "Feature", "properties": { "id_copa": 499, "talhao": "T6" }, "geometry": { "type": "Polygon", "coordinates": [ [ [ -39.310523, -13.3350153 ], [ -39.3104566, -13.3350153 ], [ -39.3104567, -13.3350694 ], [ -39.3105231, -13.3350693 ], [ -39.310523, -13.3350153 ] ] ] } },
{ "type": "Feature", "properties": { "id_copa": 507, "talhao": "T6" }, "geometry": { "type": "Polygon", "coordinates": [ [ [ -39.3102582, -13.335105 ], [ -39.3101834, -13.3351051 ], [ -39.3101835, -13.3351835 ], [ -39.3102583, -13.3351834 ], [ -39.3102582, -13.335105 ] ] ] } },
{ "type": "Feature", "properties": { "id_copa": 513, "talhao": "T6" }, "geometry": { "type": "Polygon", "coordinates": [ [ [ -39.3103431, -13.3356396 ], [ -39.3102745, -13.3356397 ], [ -39.3102746, -13.3357043 ], [ -39.3103432, -13.3357042 ], [ -39.3103431, -13.3356396 ] ] ] } },
{ "type": "Feature", "properties": { "id_copa": 529, "talhao": "T6" }, "geometry": { "type": "Polygon", "coordinates": [ [ [ -39.3103565, -13.3357066 ], [ -39.3102888, -13.3357066 ], [ -39.3102889, -13.3357786 ], [ -39.3103566, -13.3357785 ], [ -39.3103565, -13.3357066 ] ] ] } },
{ "type": "Feature", "properties": { "id_copa": 549, "talhao": "T6" }, "geometry": { "type": "Polygon", "coordinates": [ [ [ -39.3111251, -13.3354256 ], [ -39.3110094, -13.3354257 ], [ -39.3110096, -13.3355193 ], [ -39.3111253, -13.3355191 ], [ -39.3111251, -13.3354256 ] ] ] } },
{ "type": "Feature", "properties": { "id_copa": 604, "talhao": "T6" }, "geometry": { "type": "Polygon", "coordinates": [ [ [ -39.3103648, -13.3359633 ], [ -39.3102905, -13.3359633 ], [ -39.3102906, -13.3360306 ], [ -39.3103649, -13.3360305 ], [ -39.3103648, -13.3359633 ] ] ] } },
{ "type": "Feature", "properties": { "id_copa": 610, "talhao": "T6" }, "geometry": { "type": "Polygon", "coordinates": [ [ [ -39.3111574, -13.3355899 ], [ -39.3110975, -13.3355899 ], [ -39.3110975, -13.3356353 ], [ -39.3111575, -13.3356352 ], [ -39.3111574, -13.3355899 ] ] ] } },
{ "type": "Feature", "properties": { "id_copa": 614, "talhao": "T6" }, "geometry": { "type": "Polygon", "coordinates": [ [ [ -39.3102161, -13.3350539 ], [ -39.3101174, -13.335054 ], [ -39.3101175, -13.3351596 ], [ -39.3102162, -13.3351594 ], [ -39.3102161, -13.3350539 ] ] ] } },
{ "type": "Feature", "properties": { "id_copa": 620, "talhao": "T6" }, "geometry": { "type": "Polygon", "coordinates": [ [ [ -39.3099357, -13.3355335 ], [ -39.3098515, -13.3355336 ], [ -39.3098516, -13.3356201 ], [ -39.3099358, -13.33562 ], [ -39.3099357, -13.3355335 ] ] ] } },
{ "type": "Feature", "properties": { "id_copa": 624, "talhao": "T6" }, "geometry": { "type": "Polygon", "coordinates": [ [ [ -39.3098559, -13.3355972 ], [ -39.3097644, -13.3355973 ], [ -39.3097645, -13.3356998 ], [ -39.309856, -13.3356996 ], [ -39.3098559, -13.3355972 ] ] ] } },
{ "type": "Feature", "properties": { "id_copa": 627, "talhao": "T6" }, "geometry": { "type": "Polygon", "coordinates": [ [ [ -39.3100449, -13.3356393 ], [ -39.3099429, -13.3356394 ], [ -39.309943, -13.3357289 ], [ -39.3100451, -13.3357288 ], [ -39.3100449, -13.3356393 ] ] ] } },
{ "type": "Feature", "properties": { "id_copa": 629, "talhao": "T6" }, "geometry": { "type": "Polygon", "coordinates": [ [ [ -39.3101531, -13.3351644 ], [ -39.3100575, -13.3351645 ], [ -39.3100576, -13.3352406 ], [ -39.3101532, -13.3352405 ], [ -39.3101531, -13.3351644 ] ] ] } },
{ "type": "Feature", "properties": { "id_copa": 630, "talhao": "T6" }, "geometry": { "type": "Polygon", "coordinates": [ [ [ -39.3108901, -13.335703 ], [ -39.3107815, -13.3357032 ], [ -39.3107816, -13.3357961 ], [ -39.3108902, -13.335796 ], [ -39.3108901, -13.335703 ] ] ] } },
{ "type": "Feature", "properties": { "id_copa": 632, "talhao": "T6" }, "geometry": { "type": "Polygon", "coordinates": [ [ [ -39.3107522, -13.3356562 ], [ -39.3106671, -13.3356563 ], [ -39.3106672, -13.3357252 ], [ -39.3107523, -13.3357251 ], [ -39.3107522, -13.3356562 ] ] ] } },
{ "type": "Feature", "properties": { "id_copa": 649, "talhao": "T6" }, "geometry": { "type": "Polygon", "coordinates": [ [ [ -39.3112299, -13.3355819 ], [ -39.3111587, -13.335582 ], [ -39.3111588, -13.3356513 ], [ -39.31123, -13.3356512 ], [ -39.3112299, -13.3355819 ] ] ] } },
{ "type": "Feature", "properties": { "id_copa": 657, "talhao": "T6" }, "geometry": { "type": "Polygon", "coordinates": [ [ [ -39.3110486, -13.3351713 ], [ -39.3109958, -13.3351714 ], [ -39.3109959, -13.3352267 ], [ -39.3110486, -13.3352267 ], [ -39.3110486, -13.3351713 ] ] ] } },
{ "type": "Feature", "properties": { "id_copa": 658, "talhao": "T6" }, "geometry": { "type": "Polygon", "coordinates": [ [ [ -39.3102818, -13.3359628 ], [ -39.3101937, -13.335963 ], [ -39.3101938, -13.3360393 ], [ -39.3102819, -13.3360392 ], [ -39.3102818, -13.3359628 ] ] ] } },
{ "type": "Feature", "properties": { "id_copa": 682, "talhao": "T6" }, "geometry": { "type": "Polygon", "coordinates": [ [ [ -39.3109629, -13.3354395 ], [ -39.3108643, -13.3354396 ], [ -39.3108644, -13.3355379 ], [ -39.310963, -13.3355378 ], [ -39.3109629, -13.3354395 ] ] ] } },
{ "type": "Feature", "properties": { "id_copa": 683, "talhao": "T6" }, "geometry": { "type": "Polygon", "coordinates": [ [ [ -39.3105379, -13.3349419 ], [ -39.3104537, -13.334942 ], [ -39.3104538, -13.3350085 ], [ -39.3105379, -13.3350083 ], [ -39.3105379, -13.3349419 ] ] ] } },
{ "type": "Feature", "properties": { "id_copa": 686, "talhao": "T6" }, "geometry": { "type": "Polygon", "coordinates": [ [ [ -39.3104581, -13.3351913 ], [ -39.310377, -13.3351914 ], [ -39.3103771, -13.3352557 ], [ -39.3104581, -13.3352556 ], [ -39.3104581, -13.3351913 ] ] ] } },
{ "type": "Feature", "properties": { "id_copa": 699, "talhao": "T6" }, "geometry": { "type": "Polygon", "coordinates": [ [ [ -39.3110903, -13.3355974 ], [ -39.3110224, -13.3355975 ], [ -39.3110225, -13.3356665 ], [ -39.3110904, -13.3356664 ], [ -39.3110903, -13.3355974 ] ] ] } },
{ "type": "Feature", "properties": { "id_copa": 719, "talhao": "T6" }, "geometry": { "type": "Polygon", "coordinates": [ [ [ -39.3105018, -13.3352441 ], [ -39.3104296, -13.3352441 ], [ -39.3104297, -13.3353074 ], [ -39.3105019, -13.3353073 ], [ -39.3105018, -13.3352441 ] ] ] } },
{ "type": "Feature", "properties": { "id_copa": 725, "talhao": "T6" }, "geometry": { "type": "Polygon", "coordinates": [ [ [ -39.3101352, -13.3352354 ], [ -39.3100426, -13.3352355 ], [ -39.3100427, -13.3353267 ], [ -39.3101353, -13.3353266 ], [ -39.3101352, -13.3352354 ] ] ] } },
{ "type": "Feature", "properties": { "id_copa": 731, "talhao": "T6" }, "geometry": { "type": "Polygon", "coordinates": [ [ [ -39.3102058, -13.3359833 ], [ -39.310144, -13.3359834 ], [ -39.3101441, -13.3360537 ], [ -39.3102059, -13.3360536 ], [ -39.3102058, -13.3359833 ] ] ] } },
{ "type": "Feature", "properties": { "id_copa": 745, "talhao": "T6" }, "geometry": { "type": "Polygon", "coordinates": [ [ [ -39.3110481, -13.3353538 ], [ -39.3109555, -13.3353539 ], [ -39.3109556, -13.3354363 ], [ -39.3110482, -13.3354362 ], [ -39.3110481, -13.3353538 ] ] ] } },
{ "type": "Feature", "properties": { "id_copa": 753, "talhao": "T6" }, "geometry": { "type": "Polygon", "coordinates": [ [ [ -39.3104712, -13.335068 ], [ -39.3103989, -13.3350681 ], [ -39.310399, -13.3351279 ], [ -39.3104712, -13.3351278 ], [ -39.3104712, -13.335068 ] ] ] } },
{ "type": "Feature", "properties": { "id_copa": 763, "talhao": "T6" }, "geometry": { "type": "Polygon", "coordinates": [ [ [ -39.3100898, -13.3357553 ], [ -39.310009, -13.3357554 ], [ -39.3100091, -13.3358424 ], [ -39.3100899, -13.3358423 ], [ -39.3100898, -13.3357553 ] ] ] } },
{ "type": "Feature", "properties": { "id_copa": 776, "talhao": "T6" }, "geometry": { "type": "Polygon", "coordinates": [ [ [ -39.3098163, -13.335554 ], [ -39.309763, -13.3355541 ], [ -39.309763, -13.3356088 ], [ -39.3098163, -13.3356087 ], [ -39.3098163, -13.335554 ] ] ] } },
{ "type": "Feature", "properties": { "id_copa": 795, "talhao": "T6" }, "geometry": { "type": "Polygon", "coordinates": [ [ [ -39.3102467, -13.3355776 ], [ -39.3101377, -13.3355777 ], [ -39.3101378, -13.3356716 ], [ -39.3102468, -13.3356714 ], [ -39.3102467, -13.3355776 ] ] ] } },
{ "type": "Feature", "properties": { "id_copa": 799, "talhao": "T6" }, "geometry": { "type": "Polygon", "coordinates": [ [ [ -39.3109651, -13.3351194 ], [ -39.310884, -13.3351195 ], [ -39.310884, -13.3351773 ], [ -39.3109652, -13.3351772 ], [ -39.3109651, -13.3351194 ] ] ] } },
{ "type": "Feature", "properties": { "id_copa": 800, "talhao": "T6" }, "geometry": { "type": "Polygon", "coordinates": [ [ [ -39.3102374, -13.3357203 ], [ -39.310132, -13.3357204 ], [ -39.3101321, -13.3358021 ], [ -39.3102375, -13.335802 ], [ -39.3102374, -13.3357203 ] ] ] } },
{ "type": "Feature", "properties": { "id_copa": 811, "talhao": "T6" }, "geometry": { "type": "Polygon", "coordinates": [ [ [ -39.3099839, -13.3354691 ], [ -39.3099156, -13.3354692 ], [ -39.3099156, -13.335523 ], [ -39.309984, -13.3355229 ], [ -39.3099839, -13.3354691 ] ] ] } },
{ "type": "Feature", "properties": { "id_copa": 847, "talhao": "T6" }, "geometry": { "type": "Polygon", "coordinates": [ [ [ -39.3106527, -13.3349709 ], [ -39.3105473, -13.334971 ], [ -39.3105474, -13.3350691 ], [ -39.3106528, -13.3350689 ], [ -39.3106527, -13.3349709 ] ] ] } },
{ "type": "Feature", "properties": { "id_copa": 849, "talhao": "T6" }, "geometry": { "type": "Polygon", "coordinates": [ [ [ -39.3111127, -13.3355157 ], [ -39.3110388, -13.3355158 ], [ -39.3110389, -13.3356007 ], [ -39.3111128, -13.3356006 ], [ -39.3111127, -13.3355157 ] ] ] } },
{ "type": "Feature", "properties": { "id_copa": 855, "talhao": "T6" }, "geometry": { "type": "Polygon", "coordinates": [ [ [ -39.3113175, -13.3356314 ], [ -39.3112265, -13.3356315 ], [ -39.3112266, -13.335723 ], [ -39.3113176, -13.3357229 ], [ -39.3113175, -13.3356314 ] ] ] } },
{ "type": "Feature", "properties": { "id_copa": 857, "talhao": "T6" }, "geometry": { "type": "Polygon", "coordinates": [ [ [ -39.3098887, -13.3354862 ], [ -39.3098096, -13.3354863 ], [ -39.3098097, -13.3355637 ], [ -39.3098888, -13.3355636 ], [ -39.3098887, -13.3354862 ] ] ] } },
{ "type": "Feature", "properties": { "id_copa": 874, "talhao": "T6" }, "geometry": { "type": "Polygon", "coordinates": [ [ [ -39.3107487, -13.3355783 ], [ -39.3106929, -13.3355784 ], [ -39.310693, -13.3356448 ], [ -39.3107488, -13.3356447 ], [ -39.3107487, -13.3355783 ] ] ] } },
{ "type": "Feature", "properties": { "id_copa": 878, "talhao": "T6" }, "geometry": { "type": "Polygon", "coordinates": [ [ [ -39.3108338, -13.3359576 ], [ -39.3107335, -13.3359577 ], [ -39.3107336, -13.3360775 ], [ -39.310834, -13.3360774 ], [ -39.3108338, -13.3359576 ] ] ] } },
{ "type": "Feature", "properties": { "id_copa": 888, "talhao": "T6" }, "geometry": { "type": "Polygon", "coordinates": [ [ [ -39.31085, -13.3350103 ], [ -39.3107687, -13.3350104 ], [ -39.3107688, -13.3350855 ], [ -39.3108501, -13.3350854 ], [ -39.31085, -13.3350103 ] ] ] } },
{ "type": "Feature", "properties": { "id_copa": 891, "talhao": "T6" }, "geometry": { "type": "Polygon", "coordinates": [ [ [ -39.3106346, -13.3354033 ], [ -39.3105603, -13.3354034 ], [ -39.3105604, -13.3354776 ], [ -39.3106347, -13.3354775 ], [ -39.3106346, -13.3354033 ] ] ] } },
{ "type": "Feature", "properties": { "id_copa": 919, "talhao": "T6" }, "geometry": { "type": "Polygon", "coordinates": [ [ [ -39.311046, -13.3355271 ], [ -39.310973, -13.3355272 ], [ -39.3109732, -13.3356269 ], [ -39.3110462, -13.3356268 ], [ -39.311046, -13.3355271 ] ] ] } },
{ "type": "Feature", "properties": { "id_copa": 933, "talhao": "T6" }, "geometry": { "type": "Polygon", "coordinates": [ [ [ -39.3103957, -13.3355466 ], [ -39.3102984, -13.3355467 ], [ -39.3102985, -13.335645 ], [ -39.3103958, -13.3356449 ], [ -39.3103957, -13.3355466 ] ] ] } },
{ "type": "Feature", "properties": { "id_copa": 935, "talhao": "T6" }, "geometry": { "type": "Polygon", "coordinates": [ [ [ -39.3107705, -13.3352556 ], [ -39.3106967, -13.3352557 ], [ -39.3106968, -13.3353318 ], [ -39.3107706, -13.3353317 ], [ -39.3107705, -13.3352556 ] ] ] } },
{ "type": "Feature", "properties": { "id_copa": 936, "talhao": "T6" }, "geometry": { "type": "Polygon", "coordinates": [ [ [ -39.310275, -13.3358837 ], [ -39.3102109, -13.3358838 ], [ -39.310211, -13.3359577 ], [ -39.3102751, -13.3359576 ], [ -39.310275, -13.3358837 ] ] ] } },
{ "type": "Feature", "properties": { "id_copa": 946, "talhao": "T6" }, "geometry": { "type": "Polygon", "coordinates": [ [ [ -39.3105609, -13.3351202 ], [ -39.3105025, -13.3351203 ], [ -39.3105026, -13.3351641 ], [ -39.310561, -13.335164 ], [ -39.3105609, -13.3351202 ] ] ] } },
{ "type": "Feature", "properties": { "id_copa": 951, "talhao": "T6" }, "geometry": { "type": "Polygon", "coordinates": [ [ [ -39.3108172, -13.3357947 ], [ -39.3107358, -13.3357948 ], [ -39.310736, -13.3359062 ], [ -39.3108173, -13.3359061 ], [ -39.3108172, -13.3357947 ] ] ] } },
{ "type": "Feature", "properties": { "id_copa": 953, "talhao": "T6" }, "geometry": { "type": "Polygon", "coordinates": [ [ [ -39.3104811, -13.3357586 ], [ -39.3103995, -13.3357587 ], [ -39.3103996, -13.3358434 ], [ -39.3104812, -13.3358433 ], [ -39.3104811, -13.3357586 ] ] ] } },
{ "type": "Feature", "properties": { "id_copa": 962, "talhao": "T6" }, "geometry": { "type": "Polygon", "coordinates": [ [ [ -39.3097861, -13.3353381 ], [ -39.3096871, -13.3353382 ], [ -39.3096872, -13.3354121 ], [ -39.3097862, -13.335412 ], [ -39.3097861, -13.3353381 ] ] ] } },
{ "type": "Feature", "properties": { "id_copa": 964, "talhao": "T6" }, "geometry": { "type": "Polygon", "coordinates": [ [ [ -39.3102694, -13.335802 ], [ -39.3101908, -13.3358021 ], [ -39.3101909, -13.335878 ], [ -39.3102695, -13.3358779 ], [ -39.3102694, -13.335802 ] ] ] } },
{ "type": "Feature", "properties": { "id_copa": 970, "talhao": "T6" }, "geometry": { "type": "Polygon", "coordinates": [ [ [ -39.3098582, -13.3352856 ], [ -39.3097812, -13.3352857 ], [ -39.3097813, -13.3353519 ], [ -39.3098583, -13.3353518 ], [ -39.3098582, -13.3352856 ] ] ] } },
{ "type": "Feature", "properties": { "id_copa": 980, "talhao": "T6" }, "geometry": { "type": "Polygon", "coordinates": [ [ [ -39.3105302, -13.3346879 ], [ -39.3104533, -13.334688 ], [ -39.3104534, -13.3347728 ], [ -39.3105303, -13.3347727 ], [ -39.3105302, -13.3346879 ] ] ] } },
{ "type": "Feature", "properties": { "id_copa": 982, "talhao": "T6" }, "geometry": { "type": "Polygon", "coordinates": [ [ [ -39.3103969, -13.3356965 ], [ -39.3103307, -13.3356966 ], [ -39.3103308, -13.3357626 ], [ -39.310397, -13.3357625 ], [ -39.3103969, -13.3356965 ] ] ] } },
{ "type": "Feature", "properties": { "id_copa": 987, "talhao": "T6" }, "geometry": { "type": "Polygon", "coordinates": [ [ [ -39.3109863, -13.3352869 ], [ -39.3109099, -13.335287 ], [ -39.31091, -13.3353753 ], [ -39.3109864, -13.3353752 ], [ -39.3109863, -13.3352869 ] ] ] } },
{ "type": "Feature", "properties": { "id_copa": 993, "talhao": "T6" }, "geometry": { "type": "Polygon", "coordinates": [ [ [ -39.310344, -13.3352035 ], [ -39.3102417, -13.3352036 ], [ -39.3102418, -13.3352894 ], [ -39.3103441, -13.3352893 ], [ -39.310344, -13.3352035 ] ] ] } },
{ "type": "Feature", "properties": { "id_copa": 1014, "talhao": "T6" }, "geometry": { "type": "Polygon", "coordinates": [ [ [ -39.31071, -13.3354197 ], [ -39.3106347, -13.3354198 ], [ -39.3106347, -13.3354751 ], [ -39.3107101, -13.335475 ], [ -39.31071, -13.3354197 ] ] ] } },
{ "type": "Feature", "properties": { "id_copa": 1030, "talhao": "T6" }, "geometry": { "type": "Polygon", "coordinates": [ [ [ -39.3111222, -13.3352665 ], [ -39.3110288, -13.3352666 ], [ -39.3110289, -13.335355 ], [ -39.3111223, -13.3353548 ], [ -39.3111222, -13.3352665 ] ] ] } },
{ "type": "Feature", "properties": { "id_copa": 1041, "talhao": "T6" }, "geometry": { "type": "Polygon", "coordinates": [ [ [ -39.3111297, -13.3353504 ], [ -39.3110633, -13.3353504 ], [ -39.3110634, -13.3354237 ], [ -39.3111298, -13.3354236 ], [ -39.3111297, -13.3353504 ] ] ] } },
{ "type": "Feature", "properties": { "id_copa": 1047, "talhao": "T6" }, "geometry": { "type": "Polygon", "coordinates": [ [ [ -39.311204, -13.3358147 ], [ -39.3111412, -13.3358147 ], [ -39.3111413, -13.3358991 ], [ -39.3112041, -13.335899 ], [ -39.311204, -13.3358147 ] ] ] } },
{ "type": "Feature", "properties": { "id_copa": 1049, "talhao": "T6" }, "geometry": { "type": "Polygon", "coordinates": [ [ [ -39.3109357, -13.3352307 ], [ -39.3108709, -13.3352308 ], [ -39.310871, -13.3352918 ], [ -39.3109358, -13.3352918 ], [ -39.3109357, -13.3352307 ] ] ] } },
{ "type": "Feature", "properties": { "id_copa": 1059, "talhao": "T6" }, "geometry": { "type": "Polygon", "coordinates": [ [ [ -39.3111134, -13.3359218 ], [ -39.3109908, -13.3359219 ], [ -39.310991, -13.3360525 ], [ -39.3111136, -13.3360523 ], [ -39.3111134, -13.3359218 ] ] ] } },
{ "type": "Feature", "properties": { "id_copa": 1065, "talhao": "T6" }, "geometry": { "type": "Polygon", "coordinates": [ [ [ -39.3111157, -13.3351469 ], [ -39.3110438, -13.335147 ], [ -39.3110439, -13.3352102 ], [ -39.3111158, -13.3352101 ], [ -39.3111157, -13.3351469 ] ] ] } },
{ "type": "Feature", "properties": { "id_copa": 1066, "talhao": "T6" }, "geometry": { "type": "Polygon", "coordinates": [ [ [ -39.3100638, -13.3351364 ], [ -39.3099456, -13.3351365 ], [ -39.3099457, -13.3352185 ], [ -39.3100639, -13.3352183 ], [ -39.3100638, -13.3351364 ] ] ] } },
{ "type": "Feature", "properties": { "id_copa": 1071, "talhao": "T6" }, "geometry": { "type": "Polygon", "coordinates": [ [ [ -39.3109325, -13.3355325 ], [ -39.3108424, -13.3355326 ], [ -39.3108425, -13.3356181 ], [ -39.3109326, -13.335618 ], [ -39.3109325, -13.3355325 ] ] ] } },
{ "type": "Feature", "properties": { "id_copa": 1078, "talhao": "T6" }, "geometry": { "type": "Polygon", "coordinates": [ [ [ -39.3109858, -13.3351637 ], [ -39.3109084, -13.3351638 ], [ -39.3109085, -13.3352308 ], [ -39.3109858, -13.3352307 ], [ -39.3109858, -13.3351637 ] ] ] } },
{ "type": "Feature", "properties": { "id_copa": 1083, "talhao": "T6" }, "geometry": { "type": "Polygon", "coordinates": [ [ [ -39.3109365, -13.3356051 ], [ -39.3108444, -13.3356052 ], [ -39.3108445, -13.3356854 ], [ -39.3109366, -13.3356853 ], [ -39.3109365, -13.3356051 ] ] ] } },
{ "type": "Feature", "properties": { "id_copa": 1087, "talhao": "T6" }, "geometry": { "type": "Polygon", "coordinates": [ [ [ -39.3103459, -13.3357915 ], [ -39.3102769, -13.3357916 ], [ -39.3102769, -13.3358494 ], [ -39.310346, -13.3358493 ], [ -39.3103459, -13.3357915 ] ] ] } },
{ "type": "Feature", "properties": { "id_copa": 1097, "talhao": "T6" }, "geometry": { "type": "Polygon", "coordinates": [ [ [ -39.3106004, -13.3351653 ], [ -39.3105313, -13.3351654 ], [ -39.3105314, -13.3352241 ], [ -39.3106005, -13.335224 ], [ -39.3106004, -13.3351653 ] ] ] } },
{ "type": "Feature", "properties": { "id_copa": 1098, "talhao": "T6" }, "geometry": { "type": "Polygon", "coordinates": [ [ [ -39.3108653, -13.3354555 ], [ -39.3108083, -13.3354556 ], [ -39.3108084, -13.3355391 ], [ -39.3108654, -13.3355391 ], [ -39.3108653, -13.3354555 ] ] ] } },
{ "type": "Feature", "properties": { "id_copa": 1142, "talhao": "T6" }, "geometry": { "type": "Polygon", "coordinates": [ [ [ -39.3101279, -13.3359229 ], [ -39.3100812, -13.335923 ], [ -39.3100813, -13.3359767 ], [ -39.310128, -13.3359766 ], [ -39.3101279, -13.3359229 ] ] ] } },
{ "type": "Feature", "properties": { "id_copa": 1150, "talhao": "T6" }, "geometry": { "type": "Polygon", "coordinates": [ [ [ -39.3100108, -13.3357812 ], [ -39.3099465, -13.3357813 ], [ -39.3099466, -13.33587 ], [ -39.3100109, -13.3358699 ], [ -39.3100108, -13.3357812 ] ] ] } },
{ "type": "Feature", "properties": { "id_copa": 1153, "talhao": "T6" }, "geometry": { "type": "Polygon", "coordinates": [ [ [ -39.3101647, -13.33542 ], [ -39.3100511, -13.3354202 ], [ -39.3100512, -13.3355252 ], [ -39.3101649, -13.3355251 ], [ -39.3101647, -13.33542 ] ] ] } },
{ "type": "Feature", "properties": { "id_copa": 1155, "talhao": "T6" }, "geometry": { "type": "Polygon", "coordinates": [ [ [ -39.3106564, -13.3350618 ], [ -39.3105641, -13.3350619 ], [ -39.3105642, -13.3351316 ], [ -39.3106565, -13.3351315 ], [ -39.3106564, -13.3350618 ] ] ] } },
{ "type": "Feature", "properties": { "id_copa": 1165, "talhao": "T6" }, "geometry": { "type": "Polygon", "coordinates": [ [ [ -39.310667, -13.3347964 ], [ -39.3105718, -13.3347966 ], [ -39.3105719, -13.3348894 ], [ -39.3106671, -13.3348893 ], [ -39.310667, -13.3347964 ] ] ] } },
{ "type": "Feature", "properties": { "id_copa": 1215, "talhao": "T6" }, "geometry": { "type": "Polygon", "coordinates": [ [ [ -39.3106875, -13.3351692 ], [ -39.3106204, -13.3351692 ], [ -39.3106205, -13.3352325 ], [ -39.3106876, -13.3352324 ], [ -39.3106875, -13.3351692 ] ] ] } },
{ "type": "Feature", "properties": { "id_copa": 1228, "talhao": "T6" }, "geometry": { "type": "Polygon", "coordinates": [ [ [ -39.3099681, -13.3354054 ], [ -39.3098779, -13.3354055 ], [ -39.309878, -13.3354856 ], [ -39.3099682, -13.3354855 ], [ -39.3099681, -13.3354054 ] ] ] } },
{ "type": "Feature", "properties": { "id_copa": 1231, "talhao": "T6" }, "geometry": { "type": "Polygon", "coordinates": [ [ [ -39.3102506, -13.334968 ], [ -39.3101454, -13.3349682 ], [ -39.3101456, -13.3350686 ], [ -39.3102508, -13.3350685 ], [ -39.3102506, -13.334968 ] ] ] } },
{ "type": "Feature", "properties": { "id_copa": 1233, "talhao": "T6" }, "geometry": { "type": "Polygon", "coordinates": [ [ [ -39.3108147, -13.3353093 ], [ -39.3107287, -13.3353094 ], [ -39.3107288, -13.335386 ], [ -39.3108148, -13.3353859 ], [ -39.3108147, -13.3353093 ] ] ] } },
{ "type": "Feature", "properties": { "id_copa": 1243, "talhao": "T6" }, "geometry": { "type": "Polygon", "coordinates": [ [ [ -39.3107705, -13.3350319 ], [ -39.3106771, -13.335032 ], [ -39.3106771, -13.335098 ], [ -39.3107706, -13.3350979 ], [ -39.3107705, -13.3350319 ] ] ] } },
{ "type": "Feature", "properties": { "id_copa": 1249, "talhao": "T6" }, "geometry": { "type": "Polygon", "coordinates": [ [ [ -39.3103452, -13.3350998 ], [ -39.3102566, -13.3350999 ], [ -39.3102567, -13.3351997 ], [ -39.3103453, -13.3351996 ], [ -39.3103452, -13.3350998 ] ] ] } },
{ "type": "Feature", "properties": { "id_copa": 1262, "talhao": "T6" }, "geometry": { "type": "Polygon", "coordinates": [ [ [ -39.3105905, -13.3347371 ], [ -39.3104962, -13.3347372 ], [ -39.3104963, -13.3348393 ], [ -39.3105907, -13.3348392 ], [ -39.3105905, -13.3347371 ] ] ] } },
{ "type": "Feature", "properties": { "id_copa": 1263, "talhao": "T6" }, "geometry": { "type": "Polygon", "coordinates": [ [ [ -39.3108286, -13.335142 ], [ -39.3107567, -13.3351421 ], [ -39.3107568, -13.3352083 ], [ -39.3108287, -13.3352082 ], [ -39.3108286, -13.335142 ] ] ] } },
{ "type": "Feature", "properties": { "id_copa": 1279, "talhao": "T6" }, "geometry": { "type": "Polygon", "coordinates": [ [ [ -39.3104958, -13.3351213 ], [ -39.3104046, -13.3351214 ], [ -39.3104047, -13.3351917 ], [ -39.3104959, -13.3351916 ], [ -39.3104958, -13.3351213 ] ] ] } },
{ "type": "Feature", "properties": { "id_copa": 1304, "talhao": "T6" }, "geometry": { "type": "Polygon", "coordinates": [ [ [ -39.3109985, -13.3350486 ], [ -39.3109108, -13.3350487 ], [ -39.3109109, -13.3351337 ], [ -39.3109986, -13.3351336 ], [ -39.3109985, -13.3350486 ] ] ] } },
{ "type": "Feature", "properties": { "id_copa": 1321, "talhao": "T6" }, "geometry": { "type": "Polygon", "coordinates": [ [ [ -39.3105492, -13.3350643 ], [ -39.3104674, -13.3350644 ], [ -39.3104675, -13.3351332 ], [ -39.3105493, -13.3351331 ], [ -39.3105492, -13.3350643 ] ] ] } },
{ "type": "Feature", "properties": { "id_copa": 1327, "talhao": "T6" }, "geometry": { "type": "Polygon", "coordinates": [ [ [ -39.310324, -13.3349914 ], [ -39.3102666, -13.3349915 ], [ -39.3102666, -13.335045 ], [ -39.3103241, -13.3350449 ], [ -39.310324, -13.3349914 ] ] ] } },
{ "type": "Feature", "properties": { "id_copa": 1338, "talhao": "T6" }, "geometry": { "type": "Polygon", "coordinates": [ [ [ -39.3110418, -13.3352745 ], [ -39.3109797, -13.3352746 ], [ -39.3109798, -13.3353583 ], [ -39.3110419, -13.3353583 ], [ -39.3110418, -13.3352745 ] ] ] } },
{ "type": "Feature", "properties": { "id_copa": 1345, "talhao": "T6" }, "geometry": { "type": "Polygon", "coordinates": [ [ [ -39.3097936, -13.3354021 ], [ -39.3096775, -13.3354022 ], [ -39.3096776, -13.3355148 ], [ -39.3097938, -13.3355146 ], [ -39.3097936, -13.3354021 ] ] ] } },
{ "type": "Feature", "properties": { "id_copa": 1353, "talhao": "T6" }, "geometry": { "type": "Polygon", "coordinates": [ [ [ -39.3105026, -13.3346243 ], [ -39.3104306, -13.3346244 ], [ -39.3104307, -13.3346881 ], [ -39.3105026, -13.334688 ], [ -39.3105026, -13.3346243 ] ] ] } },
{ "type": "Feature", "properties": { "id_copa": 1378, "talhao": "T6" }, "geometry": { "type": "Polygon", "coordinates": [ [ [ -39.3106972, -13.3353402 ], [ -39.3106345, -13.3353403 ], [ -39.3106346, -13.335406 ], [ -39.3106973, -13.3354059 ], [ -39.3106972, -13.3353402 ] ] ] } },
{ "type": "Feature", "properties": { "id_copa": 1385, "talhao": "T6" }, "geometry": { "type": "Polygon", "coordinates": [ [ [ -39.3105385, -13.3357581 ], [ -39.3104708, -13.3357582 ], [ -39.3104709, -13.335832 ], [ -39.3105386, -13.3358319 ], [ -39.3105385, -13.3357581 ] ] ] } },
{ "type": "Feature", "properties": { "id_copa": 1392, "talhao": "T6" }, "geometry": { "type": "Polygon", "coordinates": [ [ [ -39.3106407, -13.335202 ], [ -39.3105681, -13.3352021 ], [ -39.3105682, -13.3352783 ], [ -39.3106408, -13.3352782 ], [ -39.3106407, -13.335202 ] ] ] } },
{ "type": "Feature", "properties": { "id_copa": 1395, "talhao": "T6" }, "geometry": { "type": "Polygon", "coordinates": [ [ [ -39.3108272, -13.3352402 ], [ -39.3107549, -13.3352403 ], [ -39.310755, -13.3353292 ], [ -39.3108273, -13.3353291 ], [ -39.3108272, -13.3352402 ] ] ] } },
{ "type": "Feature", "properties": { "id_copa": 1396, "talhao": "T6" }, "geometry": { "type": "Polygon", "coordinates": [ [ [ -39.3107961, -13.3350743 ], [ -39.3106981, -13.3350744 ], [ -39.3106983, -13.3351805 ], [ -39.3107962, -13.3351804 ], [ -39.3107961, -13.3350743 ] ] ] } },
{ "type": "Feature", "properties": { "id_copa": 1398, "talhao": "T6" }, "geometry": { "type": "Polygon", "coordinates": [ [ [ -39.3108415, -13.335555 ], [ -39.3107522, -13.3355551 ], [ -39.3107523, -13.3356409 ], [ -39.3108416, -13.3356408 ], [ -39.3108415, -13.335555 ] ] ] } },
{ "type": "Feature", "properties": { "id_copa": 1406, "talhao": "T6" }, "geometry": { "type": "Polygon", "coordinates": [ [ [ -39.3107025, -13.3355734 ], [ -39.3105724, -13.3355735 ], [ -39.3105725, -13.3356884 ], [ -39.3107026, -13.3356882 ], [ -39.3107025, -13.3355734 ] ] ] } },
{ "type": "Feature", "properties": { "id_copa": 1409, "talhao": "T6" }, "geometry": { "type": "Polygon", "coordinates": [ [ [ -39.3107277, -13.3357139 ], [ -39.310616, -13.3357141 ], [ -39.3106161, -13.3358025 ], [ -39.3107278, -13.3358024 ], [ -39.3107277, -13.3357139 ] ] ] } },
{ "type": "Feature", "properties": { "id_copa": 1428, "talhao": "T6" }, "geometry": { "type": "Polygon", "coordinates": [ [ [ -39.3108513, -13.3356423 ], [ -39.3107739, -13.3356424 ], [ -39.310774, -13.3356999 ], [ -39.3108514, -13.3356998 ], [ -39.3108513, -13.3356423 ] ] ] } },
{ "type": "Feature", "properties": { "id_copa": 1433, "talhao": "T6" }, "geometry": { "type": "Polygon", "coordinates": [ [ [ -39.3099135, -13.3357945 ], [ -39.3098425, -13.3357946 ], [ -39.3098426, -13.3358547 ], [ -39.3099136, -13.3358546 ], [ -39.3099135, -13.3357945 ] ] ] } },
{ "type": "Feature", "properties": { "id_copa": 1472, "talhao": "T6" }, "geometry": { "type": "Polygon", "coordinates": [ [ [ -39.3101527, -13.3349819 ], [ -39.3100967, -13.334982 ], [ -39.3100968, -13.335054 ], [ -39.3101528, -13.335054 ], [ -39.3101527, -13.3349819 ] ] ] } },
{ "type": "Feature", "properties": { "id_copa": 1476, "talhao": "T6" }, "geometry": { "type": "Polygon", "coordinates": [ [ [ -39.3108229, -13.3353718 ], [ -39.3106971, -13.335372 ], [ -39.3106972, -13.3354841 ], [ -39.310823, -13.3354839 ], [ -39.3108229, -13.3353718 ] ] ] } },
{ "type": "Feature", "properties": { "id_copa": 1486, "talhao": "T6" }, "geometry": { "type": "Polygon", "coordinates": [ [ [ -39.3105155, -13.3348165 ], [ -39.310448, -13.3348166 ], [ -39.3104481, -13.3348862 ], [ -39.3105156, -13.3348861 ], [ -39.3105155, -13.3348165 ] ] ] } },
{ "type": "Feature", "properties": { "id_copa": 1487, "talhao": "T6" }, "geometry": { "type": "Polygon", "coordinates": [ [ [ -39.3107285, -13.3359879 ], [ -39.3106665, -13.335988 ], [ -39.3106666, -13.3360402 ], [ -39.3107286, -13.3360402 ], [ -39.3107285, -13.3359879 ] ] ] } },
{ "type": "Feature", "properties": { "id_copa": 1492, "talhao": "T6" }, "geometry": { "type": "Polygon", "coordinates": [ [ [ -39.311015, -13.335596 ], [ -39.3109267, -13.3355962 ], [ -39.3109268, -13.3356845 ], [ -39.3110151, -13.3356844 ], [ -39.311015, -13.335596 ] ] ] } },
{ "type": "Feature", "properties": { "id_copa": 1501, "talhao": "T6" }, "geometry": { "type": "Polygon", "coordinates": [ [ [ -39.3096593, -13.3355815 ], [ -39.3095889, -13.3355816 ], [ -39.309589, -13.3356359 ], [ -39.3096594, -13.3356358 ], [ -39.3096593, -13.3355815 ] ] ] } },
{ "type": "Feature", "properties": { "id_copa": 1535, "talhao": "T6" }, "geometry": { "type": "Polygon", "coordinates": [ [ [ -39.3112074, -13.3357432 ], [ -39.3111511, -13.3357433 ], [ -39.3111512, -13.3358099 ], [ -39.3112075, -13.3358098 ], [ -39.3112074, -13.3357432 ] ] ] } },
{ "type": "Feature", "properties": { "id_copa": 1536, "talhao": "T6" }, "geometry": { "type": "Polygon", "coordinates": [ [ [ -39.3100695, -13.335583 ], [ -39.3099959, -13.3355831 ], [ -39.309996, -13.3356397 ], [ -39.3100696, -13.3356397 ], [ -39.3100695, -13.335583 ] ] ] } },
{ "type": "Feature", "properties": { "id_copa": 1546, "talhao": "T6" }, "geometry": { "type": "Polygon", "coordinates": [ [ [ -39.3099601, -13.3352522 ], [ -39.309861, -13.3352523 ], [ -39.3098611, -13.3353578 ], [ -39.3099602, -13.3353577 ], [ -39.3099601, -13.3352522 ] ] ] } },
{ "type": "Feature", "properties": { "id_copa": 1553, "talhao": "T6" }, "geometry": { "type": "Polygon", "coordinates": [ [ [ -39.3102012, -13.3352188 ], [ -39.3101442, -13.3352189 ], [ -39.3101443, -13.3352812 ], [ -39.3102013, -13.3352812 ], [ -39.3102012, -13.3352188 ] ] ] } },
{ "type": "Feature", "properties": { "id_copa": 1556, "talhao": "T6" }, "geometry": { "type": "Polygon", "coordinates": [ [ [ -39.3101159, -13.3355132 ], [ -39.3100407, -13.3355133 ], [ -39.3100408, -13.3355862 ], [ -39.310116, -13.3355861 ], [ -39.3101159, -13.3355132 ] ] ] } },
{ "type": "Feature", "properties": { "id_copa": 1557, "talhao": "T6" }, "geometry": { "type": "Polygon", "coordinates": [ [ [ -39.3105853, -13.335223 ], [ -39.3105072, -13.335223 ], [ -39.3105073, -13.3352918 ], [ -39.3105854, -13.3352917 ], [ -39.3105853, -13.335223 ] ] ] } },
{ "type": "Feature", "properties": { "id_copa": 1577, "talhao": "T6" }, "geometry": { "type": "Polygon", "coordinates": [ [ [ -39.3100627, -13.3353062 ], [ -39.3099712, -13.3353063 ], [ -39.3099713, -13.3354019 ], [ -39.3100628, -13.3354018 ], [ -39.3100627, -13.3353062 ] ] ] } },
{ "type": "Feature", "properties": { "id_copa": 1579, "talhao": "T6" }, "geometry": { "type": "Polygon", "coordinates": [ [ [ -39.3103109, -13.3352663 ], [ -39.3101829, -13.3352664 ], [ -39.3101831, -13.3353725 ], [ -39.3103111, -13.3353723 ], [ -39.3103109, -13.3352663 ] ] ] } },
{ "type": "Feature", "properties": { "id_copa": 1597, "talhao": "T6" }, "geometry": { "type": "Polygon", "coordinates": [ [ [ -39.3106375, -13.3347119 ], [ -39.3105786, -13.3347119 ], [ -39.3105787, -13.3347723 ], [ -39.3106376, -13.3347722 ], [ -39.3106375, -13.3347119 ] ] ] } },
{ "type": "Feature", "properties": { "id_copa": 1603, "talhao": "T6" }, "geometry": { "type": "Polygon", "coordinates": [ [ [ -39.3107267, -13.3360527 ], [ -39.3106369, -13.3360528 ], [ -39.310637, -13.3361477 ], [ -39.3107269, -13.3361476 ], [ -39.3107267, -13.3360527 ] ] ] } },
{ "type": "Feature", "properties": { "id_copa": 1605, "talhao": "T6" }, "geometry": { "type": "Polygon", "coordinates": [ [ [ -39.3101518, -13.3356154 ], [ -39.3100896, -13.3356154 ], [ -39.3100897, -13.3356844 ], [ -39.3101519, -13.3356843 ], [ -39.3101518, -13.3356154 ] ] ] } },
{ "type": "Feature", "properties": { "id_copa": 1622, "talhao": "T6" }, "geometry": { "type": "Polygon", "coordinates": [ [ [ -39.3100089, -13.3357209 ], [ -39.3099247, -13.335721 ], [ -39.3099247, -13.3357936 ], [ -39.310009, -13.3357935 ], [ -39.3100089, -13.3357209 ] ] ] } },
{ "type": "Feature", "properties": { "id_copa": 1647, "talhao": "T6" }, "geometry": { "type": "Polygon", "coordinates": [ [ [ -39.3106447, -13.3359176 ], [ -39.310554, -13.3359178 ], [ -39.3105541, -13.335995 ], [ -39.3106448, -13.3359949 ], [ -39.3106447, -13.3359176 ] ] ] } },
{ "type": "Feature", "properties": { "id_copa": 1657, "talhao": "T6" }, "geometry": { "type": "Polygon", "coordinates": [ [ [ -39.3105615, -13.335423 ], [ -39.3105088, -13.3354231 ], [ -39.3105089, -13.3354767 ], [ -39.3105615, -13.3354766 ], [ -39.3105615, -13.335423 ] ] ] } },
{ "type": "Feature", "properties": { "id_copa": 1666, "talhao": "T6" }, "geometry": { "type": "Polygon", "coordinates": [ [ [ -39.3099056, -13.3356749 ], [ -39.3098178, -13.335675 ], [ -39.3098179, -13.3357586 ], [ -39.3099057, -13.3357585 ], [ -39.3099056, -13.3356749 ] ] ] } },
{ "type": "Feature", "properties": { "id_copa": 1673, "talhao": "T6" }, "geometry": { "type": "Polygon", "coordinates": [ [ [ -39.3107771, -13.3357109 ], [ -39.3107081, -13.335711 ], [ -39.3107082, -13.3357839 ], [ -39.3107772, -13.3357839 ], [ -39.3107771, -13.3357109 ] ] ] } },
{ "type": "Feature", "properties": { "id_copa": 1675, "talhao": "T6" }, "geometry": { "type": "Polygon", "coordinates": [ [ [ -39.3105623, -13.335287 ], [ -39.3105069, -13.3352871 ], [ -39.310507, -13.3353386 ], [ -39.3105624, -13.3353386 ], [ -39.3105623, -13.335287 ] ] ] } },
{ "type": "Feature", "properties": { "id_copa": 1682, "talhao": "T6" }, "geometry": { "type": "Polygon", "coordinates": [ [ [ -39.3110944, -13.3357479 ], [ -39.3110166, -13.335748 ], [ -39.3110167, -13.3358425 ], [ -39.3110945, -13.3358424 ], [ -39.3110944, -13.3357479 ] ] ] } },
{ "type": "Feature", "properties": { "id_copa": 1690, "talhao": "T6" }, "geometry": { "type": "Polygon", "coordinates": [ [ [ -39.3096766, -13.3355319 ], [ -39.3096135, -13.335532 ], [ -39.3096136, -13.3355853 ], [ -39.3096767, -13.3355852 ], [ -39.3096766, -13.3355319 ] ] ] } },
{ "type": "Feature", "properties": { "id_copa": 1696, "talhao": "T6" }, "geometry": { "type": "Polygon", "coordinates": [ [ [ -39.3103801, -13.3351628 ], [ -39.3103095, -13.3351629 ], [ -39.3103096, -13.3352413 ], [ -39.3103802, -13.3352412 ], [ -39.3103801, -13.3351628 ] ] ] } },
{ "type": "Feature", "properties": { "id_copa": 1706, "talhao": "T6" }, "geometry": { "type": "Polygon", "coordinates": [ [ [ -39.310178, -13.3352922 ], [ -39.3100955, -13.3352923 ], [ -39.3100956, -13.3353802 ], [ -39.3101781, -13.3353801 ], [ -39.310178, -13.3352922 ] ] ] } },
{ "type": "Feature", "properties": { "id_copa": 1708, "talhao": "T6" }, "geometry": { "type": "Polygon", "coordinates": [ [ [ -39.310569, -13.3355606 ], [ -39.3104782, -13.3355607 ], [ -39.3104783, -13.3356293 ], [ -39.3105691, -13.3356292 ], [ -39.310569, -13.3355606 ] ] ] } },
{ "type": "Feature", "properties": { "id_copa": 1720, "talhao": "T6" }, "geometry": { "type": "Polygon", "coordinates": [ [ [ -39.310526, -13.3351766 ], [ -39.3104624, -13.3351767 ], [ -39.3104625, -13.3352466 ], [ -39.310526, -13.3352465 ], [ -39.310526, -13.3351766 ] ] ] } },
{ "type": "Feature", "properties": { "id_copa": 1721, "talhao": "T6" }, "geometry": { "type": "Polygon", "coordinates": [ [ [ -39.3104516, -13.3348373 ], [ -39.3103946, -13.3348373 ], [ -39.3103947, -13.3349201 ], [ -39.3104517, -13.33492 ], [ -39.3104516, -13.3348373 ] ] ] } },
{ "type": "Feature", "properties": { "id_copa": 1736, "talhao": "T6" }, "geometry": { "type": "Polygon", "coordinates": [ [ [ -39.3099636, -13.3358587 ], [ -39.3098993, -13.3358588 ], [ -39.3098993, -13.3359201 ], [ -39.3099637, -13.33592 ], [ -39.3099636, -13.3358587 ] ] ] } },
{ "type": "Feature", "properties": { "id_copa": 1738, "talhao": "T6" }, "geometry": { "type": "Polygon", "coordinates": [ [ [ -39.3111936, -13.3356436 ], [ -39.3111001, -13.3356437 ], [ -39.3111002, -13.335725 ], [ -39.3111937, -13.3357249 ], [ -39.3111936, -13.3356436 ] ] ] } },
{ "type": "Feature", "properties": { "id_copa": 1745, "talhao": "T6" }, "geometry": { "type": "Polygon", "coordinates": [ [ [ -39.3097682, -13.3356476 ], [ -39.3097273, -13.3356477 ], [ -39.3097273, -13.335693 ], [ -39.3097683, -13.335693 ], [ -39.3097682, -13.3356476 ] ] ] } },
{ "type": "Feature", "properties": { "id_copa": 1763, "talhao": "T6" }, "geometry": { "type": "Polygon", "coordinates": [ [ [ -39.3111287, -13.3352089 ], [ -39.3110304, -13.335209 ], [ -39.3110305, -13.3352803 ], [ -39.3111287, -13.3352801 ], [ -39.3111287, -13.3352089 ] ] ] } },
{ "type": "Feature", "properties": { "id_copa": 1783, "talhao": "T6" }, "geometry": { "type": "Polygon", "coordinates": [ [ [ -39.3105802, -13.3353449 ], [ -39.3104929, -13.335345 ], [ -39.310493, -13.3354203 ], [ -39.3105803, -13.3354201 ], [ -39.3105802, -13.3353449 ] ] ] } },
{ "type": "Feature", "properties": { "id_copa": 1794, "talhao": "T6" }, "geometry": { "type": "Polygon", "coordinates": [ [ [ -39.310275, -13.3356452 ], [ -39.3102, -13.3356453 ], [ -39.3102001, -13.3357198 ], [ -39.3102751, -13.3357197 ], [ -39.310275, -13.3356452 ] ] ] } },
{ "type": "Feature", "properties": { "id_copa": 1795, "talhao": "T6" }, "geometry": { "type": "Polygon", "coordinates": [ [ [ -39.3113922, -13.3356581 ], [ -39.3113152, -13.3356582 ], [ -39.3113153, -13.335726 ], [ -39.3113923, -13.3357259 ], [ -39.3113922, -13.3356581 ] ] ] } },
{ "type": "Feature", "properties": { "id_copa": 1803, "talhao": "T6" }, "geometry": { "type": "Polygon", "coordinates": [ [ [ -39.3101202, -13.335057 ], [ -39.3100201, -13.3350571 ], [ -39.3100202, -13.335148 ], [ -39.3101203, -13.3351479 ], [ -39.3101202, -13.335057 ] ] ] } },
{ "type": "Feature", "properties": { "id_copa": 1832, "talhao": "T6" }, "geometry": { "type": "Polygon", "coordinates": [ [ [ -39.310485, -13.3356741 ], [ -39.3103971, -13.3356742 ], [ -39.3103973, -13.3357569 ], [ -39.3104851, -13.3357568 ], [ -39.310485, -13.3356741 ] ] ] } },
{ "type": "Feature", "properties": { "id_copa": 1855, "talhao": "T6" }, "geometry": { "type": "Polygon", "coordinates": [ [ [ -39.3104137, -13.3347585 ], [ -39.3103084, -13.3347586 ], [ -39.3103085, -13.3348365 ], [ -39.3104138, -13.3348363 ], [ -39.3104137, -13.3347585 ] ] ] } },
{ "type": "Feature", "properties": { "id_copa": 1857, "talhao": "T6" }, "geometry": { "type": "Polygon", "coordinates": [ [ [ -39.3104755, -13.3356159 ], [ -39.3103559, -13.335616 ], [ -39.310356, -13.3357012 ], [ -39.3104756, -13.335701 ], [ -39.3104755, -13.3356159 ] ] ] } },
{ "type": "Feature", "properties": { "id_copa": 1866, "talhao": "T6" }, "geometry": { "type": "Polygon", "coordinates": [ [ [ -39.3096696, -13.3354771 ], [ -39.3096003, -13.3354772 ], [ -39.3096004, -13.3355356 ], [ -39.3096696, -13.3355355 ], [ -39.3096696, -13.3354771 ] ] ] } },
{ "type": "Feature", "properties": { "id_copa": 66, "talhao": "T7A" }, "geometry": { "type": "Polygon", "coordinates": [ [ [ -39.3091855, -13.3353983 ], [ -39.3090914, -13.3353984 ], [ -39.3090916, -13.3354958 ], [ -39.3091856, -13.3354957 ], [ -39.3091855, -13.3353983 ] ] ] } },
{ "type": "Feature", "properties": { "id_copa": 89, "talhao": "T7A" }, "geometry": { "type": "Polygon", "coordinates": [ [ [ -39.3085096, -13.3349813 ], [ -39.3084313, -13.3349814 ], [ -39.3084314, -13.3350582 ], [ -39.3085096, -13.3350581 ], [ -39.3085096, -13.3349813 ] ] ] } },
{ "type": "Feature", "properties": { "id_copa": 114, "talhao": "T7A" }, "geometry": { "type": "Polygon", "coordinates": [ [ [ -39.3103398, -13.3345166 ], [ -39.3102513, -13.3345167 ], [ -39.3102514, -13.3346008 ], [ -39.3103399, -13.3346007 ], [ -39.3103398, -13.3345166 ] ] ] } },
{ "type": "Feature", "properties": { "id_copa": 117, "talhao": "T7A" }, "geometry": { "type": "Polygon", "coordinates": [ [ [ -39.3098038, -13.3350071 ], [ -39.3097085, -13.3350073 ], [ -39.3097086, -13.3350868 ], [ -39.3098039, -13.3350867 ], [ -39.3098038, -13.3350071 ] ] ] } },
{ "type": "Feature", "properties": { "id_copa": 172, "talhao": "T7A" }, "geometry": { "type": "Polygon", "coordinates": [ [ [ -39.3086425, -13.334978 ], [ -39.3085759, -13.3349781 ], [ -39.308576, -13.3350378 ], [ -39.3086426, -13.3350378 ], [ -39.3086425, -13.334978 ] ] ] } },
{ "type": "Feature", "properties": { "id_copa": 202, "talhao": "T7A" }, "geometry": { "type": "Polygon", "coordinates": [ [ [ -39.3082535, -13.3348362 ], [ -39.3081584, -13.3348363 ], [ -39.3081585, -13.3349294 ], [ -39.3082536, -13.3349293 ], [ -39.3082535, -13.3348362 ] ] ] } },
{ "type": "Feature", "properties": { "id_copa": 205, "talhao": "T7A" }, "geometry": { "type": "Polygon", "coordinates": [ [ [ -39.3094929, -13.3352065 ], [ -39.3093683, -13.3352066 ], [ -39.3093685, -13.3353322 ], [ -39.309493, -13.3353321 ], [ -39.3094929, -13.3352065 ] ] ] } },
{ "type": "Feature", "properties": { "id_copa": 221, "talhao": "T7A" }, "geometry": { "type": "Polygon", "coordinates": [ [ [ -39.3083826, -13.3348989 ], [ -39.3082859, -13.334899 ], [ -39.308286, -13.3349855 ], [ -39.3083827, -13.3349854 ], [ -39.3083826, -13.3348989 ] ] ] } },
{ "type": "Feature", "properties": { "id_copa": 253, "talhao": "T7A" }, "geometry": { "type": "Polygon", "coordinates": [ [ [ -39.309257, -13.3354153 ], [ -39.3091863, -13.3354154 ], [ -39.3091864, -13.3354715 ], [ -39.3092571, -13.3354715 ], [ -39.309257, -13.3354153 ] ] ] } },
{ "type": "Feature", "properties": { "id_copa": 278, "talhao": "T7A" }, "geometry": { "type": "Polygon", "coordinates": [ [ [ -39.3094716, -13.334893 ], [ -39.3094165, -13.3348931 ], [ -39.3094166, -13.3349453 ], [ -39.3094716, -13.3349453 ], [ -39.3094716, -13.334893 ] ] ] } },
{ "type": "Feature", "properties": { "id_copa": 296, "talhao": "T7A" }, "geometry": { "type": "Polygon", "coordinates": [ [ [ -39.3091392, -13.3350049 ], [ -39.3090514, -13.335005 ], [ -39.3090515, -13.3350921 ], [ -39.3091393, -13.335092 ], [ -39.3091392, -13.3350049 ] ] ] } },
{ "type": "Feature", "properties": { "id_copa": 305, "talhao": "T7A" }, "geometry": { "type": "Polygon", "coordinates": [ [ [ -39.3088322, -13.334949 ], [ -39.3087555, -13.3349491 ], [ -39.3087556, -13.3350295 ], [ -39.3088323, -13.3350294 ], [ -39.3088322, -13.334949 ] ] ] } },
{ "type": "Feature", "properties": { "id_copa": 306, "talhao": "T7A" }, "geometry": { "type": "Polygon", "coordinates": [ [ [ -39.3081401, -13.334798 ], [ -39.3080824, -13.3347981 ], [ -39.3080825, -13.3348671 ], [ -39.3081402, -13.334867 ], [ -39.3081401, -13.334798 ] ] ] } },
{ "type": "Feature", "properties": { "id_copa": 318, "talhao": "T7A" }, "geometry": { "type": "Polygon", "coordinates": [ [ [ -39.3098322, -13.3348922 ], [ -39.3097076, -13.3348923 ], [ -39.3097077, -13.3350109 ], [ -39.3098324, -13.3350108 ], [ -39.3098322, -13.3348922 ] ] ] } },
{ "type": "Feature", "properties": { "id_copa": 332, "talhao": "T7A" }, "geometry": { "type": "Polygon", "coordinates": [ [ [ -39.3094329, -13.3345653 ], [ -39.3093672, -13.3345654 ], [ -39.3093673, -13.3346287 ], [ -39.3094329, -13.3346286 ], [ -39.3094329, -13.3345653 ] ] ] } },
{ "type": "Feature", "properties": { "id_copa": 343, "talhao": "T7A" }, "geometry": { "type": "Polygon", "coordinates": [ [ [ -39.3091564, -13.3350965 ], [ -39.3090681, -13.3350966 ], [ -39.3090682, -13.3351847 ], [ -39.3091565, -13.3351846 ], [ -39.3091564, -13.3350965 ] ] ] } },
{ "type": "Feature", "properties": { "id_copa": 347, "talhao": "T7A" }, "geometry": { "type": "Polygon", "coordinates": [ [ [ -39.3084653, -13.334905 ], [ -39.3083941, -13.3349051 ], [ -39.3083942, -13.3349808 ], [ -39.3084654, -13.3349807 ], [ -39.3084653, -13.334905 ] ] ] } },
{ "type": "Feature", "properties": { "id_copa": 352, "talhao": "T7A" }, "geometry": { "type": "Polygon", "coordinates": [ [ [ -39.3101048, -13.334556 ], [ -39.3099707, -13.3345561 ], [ -39.3099709, -13.3346961 ], [ -39.310105, -13.334696 ], [ -39.3101048, -13.334556 ] ] ] } },
{ "type": "Feature", "properties": { "id_copa": 389, "talhao": "T7A" }, "geometry": { "type": "Polygon", "coordinates": [ [ [ -39.3096001, -13.335166 ], [ -39.3095111, -13.3351661 ], [ -39.3095112, -13.3352507 ], [ -39.3096002, -13.3352506 ], [ -39.3096001, -13.335166 ] ] ] } },
{ "type": "Feature", "properties": { "id_copa": 403, "talhao": "T7A" }, "geometry": { "type": "Polygon", "coordinates": [ [ [ -39.3095166, -13.3349979 ], [ -39.309424, -13.334998 ], [ -39.3094241, -13.3350804 ], [ -39.3095167, -13.3350802 ], [ -39.3095166, -13.3349979 ] ] ] } },
{ "type": "Feature", "properties": { "id_copa": 419, "talhao": "T7A" }, "geometry": { "type": "Polygon", "coordinates": [ [ [ -39.308243, -13.3347417 ], [ -39.3081546, -13.3347418 ], [ -39.3081547, -13.3348226 ], [ -39.3082431, -13.3348224 ], [ -39.308243, -13.3347417 ] ] ] } },
{ "type": "Feature", "properties": { "id_copa": 422, "talhao": "T7A" }, "geometry": { "type": "Polygon", "coordinates": [ [ [ -39.3084048, -13.3348153 ], [ -39.3083525, -13.3348153 ], [ -39.3083526, -13.3348829 ], [ -39.3084049, -13.3348828 ], [ -39.3084048, -13.3348153 ] ] ] } },
{ "type": "Feature", "properties": { "id_copa": 434, "talhao": "T7A" }, "geometry": { "type": "Polygon", "coordinates": [ [ [ -39.3103574, -13.334583 ], [ -39.3102763, -13.3345831 ], [ -39.3102764, -13.3346597 ], [ -39.3103575, -13.3346596 ], [ -39.3103574, -13.334583 ] ] ] } },
{ "type": "Feature", "properties": { "id_copa": 451, "talhao": "T7A" }, "geometry": { "type": "Polygon", "coordinates": [ [ [ -39.3093272, -13.3350493 ], [ -39.3092033, -13.3350494 ], [ -39.3092034, -13.3351342 ], [ -39.3093273, -13.3351341 ], [ -39.3093272, -13.3350493 ] ] ] } },
{ "type": "Feature", "properties": { "id_copa": 466, "talhao": "T7A" }, "geometry": { "type": "Polygon", "coordinates": [ [ [ -39.3084045, -13.3349781 ], [ -39.3083152, -13.3349782 ], [ -39.3083153, -13.3350452 ], [ -39.3084045, -13.3350451 ], [ -39.3084045, -13.3349781 ] ] ] } },
{ "type": "Feature", "properties": { "id_copa": 491, "talhao": "T7A" }, "geometry": { "type": "Polygon", "coordinates": [ [ [ -39.3100551, -13.3344858 ], [ -39.3099758, -13.3344859 ], [ -39.3099759, -13.3345519 ], [ -39.3100552, -13.3345518 ], [ -39.3100551, -13.3344858 ] ] ] } },
{ "type": "Feature", "properties": { "id_copa": 495, "talhao": "T7A" }, "geometry": { "type": "Polygon", "coordinates": [ [ [ -39.3095364, -13.3351211 ], [ -39.3094373, -13.3351213 ], [ -39.3094375, -13.3352161 ], [ -39.3095366, -13.335216 ], [ -39.3095364, -13.3351211 ] ] ] } },
{ "type": "Feature", "properties": { "id_copa": 510, "talhao": "T7A" }, "geometry": { "type": "Polygon", "coordinates": [ [ [ -39.3099446, -13.3350277 ], [ -39.3098743, -13.3350277 ], [ -39.3098744, -13.3350888 ], [ -39.3099447, -13.3350887 ], [ -39.3099446, -13.3350277 ] ] ] } },
{ "type": "Feature", "properties": { "id_copa": 525, "talhao": "T7A" }, "geometry": { "type": "Polygon", "coordinates": [ [ [ -39.3096145, -13.335237 ], [ -39.3095337, -13.3352371 ], [ -39.3095338, -13.335319 ], [ -39.3096146, -13.335319 ], [ -39.3096145, -13.335237 ] ] ] } },
{ "type": "Feature", "properties": { "id_copa": 526, "talhao": "T7A" }, "geometry": { "type": "Polygon", "coordinates": [ [ [ -39.3098412, -13.3351544 ], [ -39.309731, -13.3351545 ], [ -39.3097311, -13.3352356 ], [ -39.3098413, -13.3352355 ], [ -39.3098412, -13.3351544 ] ] ] } },
{ "type": "Feature", "properties": { "id_copa": 543, "talhao": "T7A" }, "geometry": { "type": "Polygon", "coordinates": [ [ [ -39.3094251, -13.3353602 ], [ -39.3093529, -13.3353603 ], [ -39.309353, -13.335434 ], [ -39.3094252, -13.3354339 ], [ -39.3094251, -13.3353602 ] ] ] } },
{ "type": "Feature", "properties": { "id_copa": 550, "talhao": "T7A" }, "geometry": { "type": "Polygon", "coordinates": [ [ [ -39.3085191, -13.3347992 ], [ -39.3084383, -13.3347993 ], [ -39.3084384, -13.3348949 ], [ -39.3085192, -13.3348948 ], [ -39.3085191, -13.3347992 ] ] ] } },
{ "type": "Feature", "properties": { "id_copa": 558, "talhao": "T7A" }, "geometry": { "type": "Polygon", "coordinates": [ [ [ -39.3102445, -13.3346425 ], [ -39.3101745, -13.3346426 ], [ -39.3101745, -13.334707 ], [ -39.3102446, -13.334707 ], [ -39.3102445, -13.3346425 ] ] ] } },
{ "type": "Feature", "properties": { "id_copa": 567, "talhao": "T7A" }, "geometry": { "type": "Polygon", "coordinates": [ [ [ -39.3090566, -13.335016 ], [ -39.3089925, -13.3350161 ], [ -39.3089925, -13.3350866 ], [ -39.3090566, -13.3350865 ], [ -39.3090566, -13.335016 ] ] ] } },
{ "type": "Feature", "properties": { "id_copa": 595, "talhao": "T7A" }, "geometry": { "type": "Polygon", "coordinates": [ [ [ -39.3095649, -13.3350471 ], [ -39.3094939, -13.3350472 ], [ -39.309494, -13.3351103 ], [ -39.309565, -13.3351103 ], [ -39.3095649, -13.3350471 ] ] ] } },
{ "type": "Feature", "properties": { "id_copa": 601, "talhao": "T7A" }, "geometry": { "type": "Polygon", "coordinates": [ [ [ -39.3099584, -13.3343626 ], [ -39.309876, -13.3343627 ], [ -39.3098761, -13.3344216 ], [ -39.3099585, -13.3344215 ], [ -39.3099584, -13.3343626 ] ] ] } },
{ "type": "Feature", "properties": { "id_copa": 721, "talhao": "T7A" }, "geometry": { "type": "Polygon", "coordinates": [ [ [ -39.308049, -13.334687 ], [ -39.3079937, -13.3346871 ], [ -39.3079938, -13.3347513 ], [ -39.3080491, -13.3347512 ], [ -39.308049, -13.334687 ] ] ] } },
{ "type": "Feature", "properties": { "id_copa": 756, "talhao": "T7A" }, "geometry": { "type": "Polygon", "coordinates": [ [ [ -39.3093588, -13.3352382 ], [ -39.3092602, -13.3352384 ], [ -39.3092604, -13.3353404 ], [ -39.3093589, -13.3353403 ], [ -39.3093588, -13.3352382 ] ] ] } },
{ "type": "Feature", "properties": { "id_copa": 793, "talhao": "T7A" }, "geometry": { "type": "Polygon", "coordinates": [ [ [ -39.3083128, -13.3347473 ], [ -39.3082451, -13.3347473 ], [ -39.3082452, -13.334806 ], [ -39.3083129, -13.3348059 ], [ -39.3083128, -13.3347473 ] ] ] } },
{ "type": "Feature", "properties": { "id_copa": 814, "talhao": "T7A" }, "geometry": { "type": "Polygon", "coordinates": [ [ [ -39.3086047, -13.3350244 ], [ -39.3085098, -13.3350245 ], [ -39.3085099, -13.3350995 ], [ -39.3086048, -13.3350994 ], [ -39.3086047, -13.3350244 ] ] ] } },
{ "type": "Feature", "properties": { "id_copa": 831, "talhao": "T7A" }, "geometry": { "type": "Polygon", "coordinates": [ [ [ -39.3093289, -13.3351606 ], [ -39.3092334, -13.3351607 ], [ -39.3092335, -13.3352782 ], [ -39.309329, -13.335278 ], [ -39.3093289, -13.3351606 ] ] ] } },
{ "type": "Feature", "properties": { "id_copa": 889, "talhao": "T7A" }, "geometry": { "type": "Polygon", "coordinates": [ [ [ -39.3098658, -13.3350886 ], [ -39.3098091, -13.3350887 ], [ -39.3098092, -13.3351368 ], [ -39.3098658, -13.3351367 ], [ -39.3098658, -13.3350886 ] ] ] } },
{ "type": "Feature", "properties": { "id_copa": 890, "talhao": "T7A" }, "geometry": { "type": "Polygon", "coordinates": [ [ [ -39.3090686, -13.3348733 ], [ -39.3089848, -13.3348734 ], [ -39.3089849, -13.3349388 ], [ -39.3090687, -13.3349387 ], [ -39.3090686, -13.3348733 ] ] ] } },
{ "type": "Feature", "properties": { "id_copa": 995, "talhao": "T7A" }, "geometry": { "type": "Polygon", "coordinates": [ [ [ -39.3092231, -13.3353415 ], [ -39.3091453, -13.3353416 ], [ -39.3091454, -13.335399 ], [ -39.3092232, -13.3353989 ], [ -39.3092231, -13.3353415 ] ] ] } },
{ "type": "Feature", "properties": { "id_copa": 1002, "talhao": "T7A" }, "geometry": { "type": "Polygon", "coordinates": [ [ [ -39.3095303, -13.335322 ], [ -39.3094702, -13.3353221 ], [ -39.3094702, -13.3353915 ], [ -39.3095304, -13.3353915 ], [ -39.3095303, -13.335322 ] ] ] } },
{ "type": "Feature", "properties": { "id_copa": 1013, "talhao": "T7A" }, "geometry": { "type": "Polygon", "coordinates": [ [ [ -39.3089252, -13.3352467 ], [ -39.3088305, -13.3352468 ], [ -39.3088306, -13.3353356 ], [ -39.3089254, -13.3353355 ], [ -39.3089252, -13.3352467 ] ] ] } },
{ "type": "Feature", "properties": { "id_copa": 1029, "talhao": "T7A" }, "geometry": { "type": "Polygon", "coordinates": [ [ [ -39.3097308, -13.3351853 ], [ -39.3096181, -13.3351854 ], [ -39.3096182, -13.3353017 ], [ -39.309731, -13.3353016 ], [ -39.3097308, -13.3351853 ] ] ] } },
{ "type": "Feature", "properties": { "id_copa": 1053, "talhao": "T7A" }, "geometry": { "type": "Polygon", "coordinates": [ [ [ -39.3080255, -13.3347981 ], [ -39.3079932, -13.3347981 ], [ -39.3079933, -13.3348313 ], [ -39.3080255, -13.3348312 ], [ -39.3080255, -13.3347981 ] ] ] } },
{ "type": "Feature", "properties": { "id_copa": 1063, "talhao": "T7A" }, "geometry": { "type": "Polygon", "coordinates": [ [ [ -39.3099407, -13.3344804 ], [ -39.3098608, -13.3344805 ], [ -39.309861, -13.3345861 ], [ -39.3099408, -13.334586 ], [ -39.3099407, -13.3344804 ] ] ] } },
{ "type": "Feature", "properties": { "id_copa": 1064, "talhao": "T7A" }, "geometry": { "type": "Polygon", "coordinates": [ [ [ -39.3094395, -13.3350445 ], [ -39.3093552, -13.3350446 ], [ -39.3093553, -13.3351135 ], [ -39.3094396, -13.3351134 ], [ -39.3094395, -13.3350445 ] ] ] } },
{ "type": "Feature", "properties": { "id_copa": 1070, "talhao": "T7A" }, "geometry": { "type": "Polygon", "coordinates": [ [ [ -39.3098083, -13.3350958 ], [ -39.3097602, -13.3350959 ], [ -39.3097603, -13.3351379 ], [ -39.3098083, -13.3351378 ], [ -39.3098083, -13.3350958 ] ] ] } },
{ "type": "Feature", "properties": { "id_copa": 1072, "talhao": "T7A" }, "geometry": { "type": "Polygon", "coordinates": [ [ [ -39.3094811, -13.3346305 ], [ -39.3094123, -13.3346306 ], [ -39.3094124, -13.3346855 ], [ -39.3094811, -13.3346854 ], [ -39.3094811, -13.3346305 ] ] ] } },
{ "type": "Feature", "properties": { "id_copa": 1080, "talhao": "T7A" }, "geometry": { "type": "Polygon", "coordinates": [ [ [ -39.3094074, -13.3346359 ], [ -39.3093403, -13.334636 ], [ -39.3093404, -13.3347087 ], [ -39.3094075, -13.3347086 ], [ -39.3094074, -13.3346359 ] ] ] } },
{ "type": "Feature", "properties": { "id_copa": 1110, "talhao": "T7A" }, "geometry": { "type": "Polygon", "coordinates": [ [ [ -39.3097965, -13.3342843 ], [ -39.3097253, -13.3342843 ], [ -39.3097253, -13.334353 ], [ -39.3097966, -13.3343529 ], [ -39.3097965, -13.3342843 ] ] ] } },
{ "type": "Feature", "properties": { "id_copa": 1124, "talhao": "T7A" }, "geometry": { "type": "Polygon", "coordinates": [ [ [ -39.30904, -13.335086 ], [ -39.3089835, -13.335086 ], [ -39.3089836, -13.3351377 ], [ -39.3090401, -13.3351376 ], [ -39.30904, -13.335086 ] ] ] } },
{ "type": "Feature", "properties": { "id_copa": 1133, "talhao": "T7A" }, "geometry": { "type": "Polygon", "coordinates": [ [ [ -39.3097686, -13.334701 ], [ -39.3096659, -13.3347011 ], [ -39.309666, -13.3347935 ], [ -39.3097688, -13.3347934 ], [ -39.3097686, -13.334701 ] ] ] } },
{ "type": "Feature", "properties": { "id_copa": 1146, "talhao": "T7A" }, "geometry": { "type": "Polygon", "coordinates": [ [ [ -39.3086092, -13.3346829 ], [ -39.3085553, -13.334683 ], [ -39.3085553, -13.3347321 ], [ -39.3086093, -13.334732 ], [ -39.3086092, -13.3346829 ] ] ] } },
{ "type": "Feature", "properties": { "id_copa": 1177, "talhao": "T7A" }, "geometry": { "type": "Polygon", "coordinates": [ [ [ -39.3085501, -13.3349437 ], [ -39.3084957, -13.3349438 ], [ -39.3084957, -13.3350149 ], [ -39.3085502, -13.3350148 ], [ -39.3085501, -13.3349437 ] ] ] } },
{ "type": "Feature", "properties": { "id_copa": 1187, "talhao": "T7A" }, "geometry": { "type": "Polygon", "coordinates": [ [ [ -39.309263, -13.3351378 ], [ -39.3091868, -13.3351379 ], [ -39.3091869, -13.3352128 ], [ -39.3092631, -13.3352127 ], [ -39.309263, -13.3351378 ] ] ] } },
{ "type": "Feature", "properties": { "id_copa": 1189, "talhao": "T7A" }, "geometry": { "type": "Polygon", "coordinates": [ [ [ -39.3095594, -13.3346719 ], [ -39.30945, -13.334672 ], [ -39.3094501, -13.3347909 ], [ -39.3095595, -13.3347908 ], [ -39.3095594, -13.3346719 ] ] ] } },
{ "type": "Feature", "properties": { "id_copa": 1210, "talhao": "T7A" }, "geometry": { "type": "Polygon", "coordinates": [ [ [ -39.3092764, -13.3346029 ], [ -39.3092074, -13.334603 ], [ -39.3092075, -13.3346574 ], [ -39.3092765, -13.3346573 ], [ -39.3092764, -13.3346029 ] ] ] } },
{ "type": "Feature", "properties": { "id_copa": 1252, "talhao": "T7A" }, "geometry": { "type": "Polygon", "coordinates": [ [ [ -39.309913, -13.3350865 ], [ -39.3098678, -13.3350865 ], [ -39.3098679, -13.3351298 ], [ -39.309913, -13.3351298 ], [ -39.309913, -13.3350865 ] ] ] } },
{ "type": "Feature", "properties": { "id_copa": 1254, "talhao": "T7A" }, "geometry": { "type": "Polygon", "coordinates": [ [ [ -39.3100067, -13.3346554 ], [ -39.3098955, -13.3346555 ], [ -39.3098957, -13.3347754 ], [ -39.3100069, -13.3347753 ], [ -39.3100067, -13.3346554 ] ] ] } },
{ "type": "Feature", "properties": { "id_copa": 1333, "talhao": "T7A" }, "geometry": { "type": "Polygon", "coordinates": [ [ [ -39.3084814, -13.3347273 ], [ -39.3083784, -13.3347275 ], [ -39.3083785, -13.3348048 ], [ -39.3084815, -13.3348047 ], [ -39.3084814, -13.3347273 ] ] ] } },
{ "type": "Feature", "properties": { "id_copa": 1346, "talhao": "T7A" }, "geometry": { "type": "Polygon", "coordinates": [ [ [ -39.3098632, -13.3346679 ], [ -39.3097693, -13.334668 ], [ -39.3097695, -13.334763 ], [ -39.3098633, -13.3347629 ], [ -39.3098632, -13.3346679 ] ] ] } },
{ "type": "Feature", "properties": { "id_copa": 1356, "talhao": "T7A" }, "geometry": { "type": "Polygon", "coordinates": [ [ [ -39.3091181, -13.3352682 ], [ -39.3089813, -13.3352683 ], [ -39.3089815, -13.3353932 ], [ -39.3091183, -13.335393 ], [ -39.3091181, -13.3352682 ] ] ] } },
{ "type": "Feature", "properties": { "id_copa": 1383, "talhao": "T7A" }, "geometry": { "type": "Polygon", "coordinates": [ [ [ -39.3091872, -13.335065 ], [ -39.3091309, -13.3350651 ], [ -39.309131, -13.3351125 ], [ -39.3091872, -13.3351125 ], [ -39.3091872, -13.335065 ] ] ] } },
{ "type": "Feature", "properties": { "id_copa": 1415, "talhao": "T7A" }, "geometry": { "type": "Polygon", "coordinates": [ [ [ -39.3102085, -13.334473 ], [ -39.3100743, -13.3344732 ], [ -39.3100744, -13.3345722 ], [ -39.3102086, -13.334572 ], [ -39.3102085, -13.334473 ] ] ] } },
{ "type": "Feature", "properties": { "id_copa": 1452, "talhao": "T7A" }, "geometry": { "type": "Polygon", "coordinates": [ [ [ -39.3097446, -13.3345179 ], [ -39.3096907, -13.334518 ], [ -39.3096908, -13.3345745 ], [ -39.3097447, -13.3345745 ], [ -39.3097446, -13.3345179 ] ] ] } },
{ "type": "Feature", "properties": { "id_copa": 1465, "talhao": "T7A" }, "geometry": { "type": "Polygon", "coordinates": [ [ [ -39.3093309, -13.3349841 ], [ -39.3092199, -13.3349842 ], [ -39.30922, -13.3350649 ], [ -39.309331, -13.3350647 ], [ -39.3093309, -13.3349841 ] ] ] } },
{ "type": "Feature", "properties": { "id_copa": 1500, "talhao": "T7A" }, "geometry": { "type": "Polygon", "coordinates": [ [ [ -39.3097094, -13.3349452 ], [ -39.3096085, -13.3349453 ], [ -39.3096086, -13.3350367 ], [ -39.3097095, -13.3350366 ], [ -39.3097094, -13.3349452 ] ] ] } },
{ "type": "Feature", "properties": { "id_copa": 1508, "talhao": "T7A" }, "geometry": { "type": "Polygon", "coordinates": [ [ [ -39.3094607, -13.3346842 ], [ -39.3093874, -13.3346843 ], [ -39.3093875, -13.3347761 ], [ -39.3094609, -13.334776 ], [ -39.3094607, -13.3346842 ] ] ] } },
{ "type": "Feature", "properties": { "id_copa": 1511, "talhao": "T7A" }, "geometry": { "type": "Polygon", "coordinates": [ [ [ -39.3083596, -13.3346303 ], [ -39.3082573, -13.3346304 ], [ -39.3082574, -13.3347231 ], [ -39.3083597, -13.3347229 ], [ -39.3083596, -13.3346303 ] ] ] } },
{ "type": "Feature", "properties": { "id_copa": 1519, "talhao": "T7A" }, "geometry": { "type": "Polygon", "coordinates": [ [ [ -39.3098174, -13.3344505 ], [ -39.3097146, -13.3344506 ], [ -39.3097148, -13.3345727 ], [ -39.3098176, -13.3345726 ], [ -39.3098174, -13.3344505 ] ] ] } },
{ "type": "Feature", "properties": { "id_copa": 1530, "talhao": "T7A" }, "geometry": { "type": "Polygon", "coordinates": [ [ [ -39.3094837, -13.3348144 ], [ -39.3094372, -13.3348145 ], [ -39.3094373, -13.3348805 ], [ -39.3094838, -13.3348805 ], [ -39.3094837, -13.3348144 ] ] ] } },
{ "type": "Feature", "properties": { "id_copa": 1539, "talhao": "T7A" }, "geometry": { "type": "Polygon", "coordinates": [ [ [ -39.3094952, -13.3350893 ], [ -39.3094453, -13.3350894 ], [ -39.3094454, -13.3351329 ], [ -39.3094952, -13.3351329 ], [ -39.3094952, -13.3350893 ] ] ] } },
{ "type": "Feature", "properties": { "id_copa": 1549, "talhao": "T7A" }, "geometry": { "type": "Polygon", "coordinates": [ [ [ -39.3082931, -13.3347971 ], [ -39.3082396, -13.3347972 ], [ -39.3082397, -13.3348623 ], [ -39.3082932, -13.3348622 ], [ -39.3082931, -13.3347971 ] ] ] } },
{ "type": "Feature", "properties": { "id_copa": 1567, "talhao": "T7A" }, "geometry": { "type": "Polygon", "coordinates": [ [ [ -39.3085588, -13.335078 ], [ -39.3084767, -13.3350781 ], [ -39.3084768, -13.3351469 ], [ -39.3085589, -13.3351468 ], [ -39.3085588, -13.335078 ] ] ] } },
{ "type": "Feature", "properties": { "id_copa": 1592, "talhao": "T7A" }, "geometry": { "type": "Polygon", "coordinates": [ [ [ -39.3099471, -13.3345842 ], [ -39.3098381, -13.3345844 ], [ -39.3098382, -13.3346755 ], [ -39.3099472, -13.3346753 ], [ -39.3099471, -13.3345842 ] ] ] } },
{ "type": "Feature", "properties": { "id_copa": 1593, "talhao": "T7A" }, "geometry": { "type": "Polygon", "coordinates": [ [ [ -39.3095865, -13.3351194 ], [ -39.3095356, -13.3351194 ], [ -39.3095356, -13.3351672 ], [ -39.3095866, -13.3351671 ], [ -39.3095865, -13.3351194 ] ] ] } },
{ "type": "Feature", "properties": { "id_copa": 1630, "talhao": "T7A" }, "geometry": { "type": "Polygon", "coordinates": [ [ [ -39.3097506, -13.3347473 ], [ -39.3095883, -13.3347475 ], [ -39.3095885, -13.3348845 ], [ -39.3097508, -13.3348843 ], [ -39.3097506, -13.3347473 ] ] ] } },
{ "type": "Feature", "properties": { "id_copa": 1643, "talhao": "T7A" }, "geometry": { "type": "Polygon", "coordinates": [ [ [ -39.3097201, -13.3348825 ], [ -39.3096091, -13.3348826 ], [ -39.3096091, -13.3349517 ], [ -39.3097202, -13.3349516 ], [ -39.3097201, -13.3348825 ] ] ] } },
{ "type": "Feature", "properties": { "id_copa": 1644, "talhao": "T7A" }, "geometry": { "type": "Polygon", "coordinates": [ [ [ -39.3093574, -13.3353436 ], [ -39.3092847, -13.3353437 ], [ -39.3092848, -13.3354104 ], [ -39.3093575, -13.3354103 ], [ -39.3093574, -13.3353436 ] ] ] } },
{ "type": "Feature", "properties": { "id_copa": 1663, "talhao": "T7A" }, "geometry": { "type": "Polygon", "coordinates": [ [ [ -39.3095565, -13.3345907 ], [ -39.3094805, -13.3345908 ], [ -39.3094806, -13.3346656 ], [ -39.3095566, -13.3346655 ], [ -39.3095565, -13.3345907 ] ] ] } },
{ "type": "Feature", "properties": { "id_copa": 1670, "talhao": "T7A" }, "geometry": { "type": "Polygon", "coordinates": [ [ [ -39.309823, -13.3347806 ], [ -39.3097553, -13.3347807 ], [ -39.3097554, -13.3348365 ], [ -39.3098231, -13.3348364 ], [ -39.309823, -13.3347806 ] ] ] } },
{ "type": "Feature", "properties": { "id_copa": 1672, "talhao": "T7A" }, "geometry": { "type": "Polygon", "coordinates": [ [ [ -39.3081954, -13.3348052 ], [ -39.3081442, -13.3348052 ], [ -39.3081442, -13.3348456 ], [ -39.3081954, -13.3348455 ], [ -39.3081954, -13.3348052 ] ] ] } },
{ "type": "Feature", "properties": { "id_copa": 1677, "talhao": "T7A" }, "geometry": { "type": "Polygon", "coordinates": [ [ [ -39.3092419, -13.3352098 ], [ -39.3090891, -13.33521 ], [ -39.3090892, -13.3353364 ], [ -39.309242, -13.3353362 ], [ -39.3092419, -13.3352098 ] ] ] } },
{ "type": "Feature", "properties": { "id_copa": 1684, "talhao": "T7A" }, "geometry": { "type": "Polygon", "coordinates": [ [ [ -39.3096703, -13.3345164 ], [ -39.3095991, -13.3345164 ], [ -39.3095992, -13.334583 ], [ -39.3096704, -13.3345829 ], [ -39.3096703, -13.3345164 ] ] ] } },
{ "type": "Feature", "properties": { "id_copa": 1691, "talhao": "T7A" }, "geometry": { "type": "Polygon", "coordinates": [ [ [ -39.3098283, -13.3345895 ], [ -39.3096917, -13.3345897 ], [ -39.3096918, -13.3346789 ], [ -39.3098284, -13.3346787 ], [ -39.3098283, -13.3345895 ] ] ] } },
{ "type": "Feature", "properties": { "id_copa": 1714, "talhao": "T7A" }, "geometry": { "type": "Polygon", "coordinates": [ [ [ -39.3095436, -13.3349631 ], [ -39.3094887, -13.3349631 ], [ -39.3094887, -13.335016 ], [ -39.3095437, -13.335016 ], [ -39.3095436, -13.3349631 ] ] ] } },
{ "type": "Feature", "properties": { "id_copa": 1726, "talhao": "T7A" }, "geometry": { "type": "Polygon", "coordinates": [ [ [ -39.3084321, -13.3346548 ], [ -39.3083698, -13.3346549 ], [ -39.3083699, -13.3347242 ], [ -39.3084322, -13.3347242 ], [ -39.3084321, -13.3346548 ] ] ] } },
{ "type": "Feature", "properties": { "id_copa": 1748, "talhao": "T7A" }, "geometry": { "type": "Polygon", "coordinates": [ [ [ -39.3091816, -13.3351542 ], [ -39.3091216, -13.3351543 ], [ -39.3091217, -13.3352154 ], [ -39.3091817, -13.3352154 ], [ -39.3091816, -13.3351542 ] ] ] } },
{ "type": "Feature", "properties": { "id_copa": 1769, "talhao": "T7A" }, "geometry": { "type": "Polygon", "coordinates": [ [ [ -39.3080888, -13.3348536 ], [ -39.3080432, -13.3348536 ], [ -39.3080432, -13.3349103 ], [ -39.3080889, -13.3349102 ], [ -39.3080888, -13.3348536 ] ] ] } },
{ "type": "Feature", "properties": { "id_copa": 1785, "talhao": "T7A" }, "geometry": { "type": "Polygon", "coordinates": [ [ [ -39.3093641, -13.3345042 ], [ -39.309304, -13.3345043 ], [ -39.3093041, -13.3345721 ], [ -39.3093642, -13.334572 ], [ -39.3093641, -13.3345042 ] ] ] } },
{ "type": "Feature", "properties": { "id_copa": 1792, "talhao": "T7A" }, "geometry": { "type": "Polygon", "coordinates": [ [ [ -39.3085284, -13.3346898 ], [ -39.308443, -13.3346899 ], [ -39.3084431, -13.3347887 ], [ -39.3085285, -13.3347886 ], [ -39.3085284, -13.3346898 ] ] ] } },
{ "type": "Feature", "properties": { "id_copa": 1817, "talhao": "T7A" }, "geometry": { "type": "Polygon", "coordinates": [ [ [ -39.3094468, -13.3348264 ], [ -39.3093934, -13.3348265 ], [ -39.3093935, -13.3348965 ], [ -39.3094468, -13.3348964 ], [ -39.3094468, -13.3348264 ] ] ] } },
{ "type": "Feature", "properties": { "id_copa": 1842, "talhao": "T7A" }, "geometry": { "type": "Polygon", "coordinates": [ [ [ -39.30851, -13.3346507 ], [ -39.3084554, -13.3346508 ], [ -39.3084555, -13.3346966 ], [ -39.3085101, -13.3346965 ], [ -39.30851, -13.3346507 ] ] ] } },
{ "type": "Feature", "properties": { "id_copa": 1846, "talhao": "T7A" }, "geometry": { "type": "Polygon", "coordinates": [ [ [ -39.309244, -13.3345716 ], [ -39.3091872, -13.3345717 ], [ -39.3091873, -13.334624 ], [ -39.3092441, -13.3346239 ], [ -39.309244, -13.3345716 ] ] ] } },
{ "type": "Feature", "properties": { "id_copa": 1881, "talhao": "T7A" }, "geometry": { "type": "Polygon", "coordinates": [ [ [ -39.3082228, -13.3349345 ], [ -39.308187, -13.3349346 ], [ -39.3081871, -13.3349699 ], [ -39.3082229, -13.3349698 ], [ -39.3082228, -13.3349345 ] ] ] } },
{ "type": "Feature", "properties": { "id_copa": 1882, "talhao": "T7A" }, "geometry": { "type": "Polygon", "coordinates": [ [ [ -39.3097057, -13.3350414 ], [ -39.3096699, -13.3350415 ], [ -39.30967, -13.3351022 ], [ -39.3097058, -13.3351021 ], [ -39.3097057, -13.3350414 ] ] ] } },
{ "type": "Feature", "properties": { "id_copa": 317, "talhao": "T7B" }, "geometry": { "type": "Polygon", "coordinates": [ [ [ -39.3091607, -13.3343328 ], [ -39.3090904, -13.3343328 ], [ -39.3090904, -13.3343948 ], [ -39.3091608, -13.3343947 ], [ -39.3091607, -13.3343328 ] ] ] } },
{ "type": "Feature", "properties": { "id_copa": 713, "talhao": "T7B" }, "geometry": { "type": "Polygon", "coordinates": [ [ [ -39.3087299, -13.3339882 ], [ -39.3086763, -13.3339882 ], [ -39.3086764, -13.3340344 ], [ -39.30873, -13.3340343 ], [ -39.3087299, -13.3339882 ] ] ] } },
{ "type": "Feature", "properties": { "id_copa": 839, "talhao": "T7B" }, "geometry": { "type": "Polygon", "coordinates": [ [ [ -39.3090735, -13.3343484 ], [ -39.30899, -13.3343485 ], [ -39.3089901, -13.3344285 ], [ -39.3090736, -13.3344284 ], [ -39.3090735, -13.3343484 ] ] ] } },
{ "type": "Feature", "properties": { "id_copa": 879, "talhao": "T7B" }, "geometry": { "type": "Polygon", "coordinates": [ [ [ -39.3088546, -13.3339575 ], [ -39.3087774, -13.3339576 ], [ -39.3087775, -13.3340183 ], [ -39.3088547, -13.3340182 ], [ -39.3088546, -13.3339575 ] ] ] } },
{ "type": "Feature", "properties": { "id_copa": 1213, "talhao": "T7B" }, "geometry": { "type": "Polygon", "coordinates": [ [ [ -39.309452, -13.334374 ], [ -39.3093413, -13.3343741 ], [ -39.3093415, -13.3345047 ], [ -39.3094522, -13.3345046 ], [ -39.309452, -13.334374 ] ] ] } },
{ "type": "Feature", "properties": { "id_copa": 1234, "talhao": "T7B" }, "geometry": { "type": "Polygon", "coordinates": [ [ [ -39.3090071, -13.3340687 ], [ -39.3089234, -13.3340688 ], [ -39.3089235, -13.3341458 ], [ -39.3090072, -13.3341457 ], [ -39.3090071, -13.3340687 ] ] ] } },
{ "type": "Feature", "properties": { "id_copa": 1328, "talhao": "T7B" }, "geometry": { "type": "Polygon", "coordinates": [ [ [ -39.3088728, -13.3342136 ], [ -39.3088099, -13.3342137 ], [ -39.30881, -13.3342643 ], [ -39.3088729, -13.3342642 ], [ -39.3088728, -13.3342136 ] ] ] } },
{ "type": "Feature", "properties": { "id_copa": 1532, "talhao": "T7B" }, "geometry": { "type": "Polygon", "coordinates": [ [ [ -39.3082662, -13.3344749 ], [ -39.3082146, -13.334475 ], [ -39.3082146, -13.3345126 ], [ -39.3082662, -13.3345125 ], [ -39.3082662, -13.3344749 ] ] ] } },
{ "type": "Feature", "properties": { "id_copa": 1656, "talhao": "T7B" }, "geometry": { "type": "Polygon", "coordinates": [ [ [ -39.3093048, -13.3343548 ], [ -39.3092326, -13.3343549 ], [ -39.3092327, -13.3344148 ], [ -39.3093049, -13.3344147 ], [ -39.3093048, -13.3343548 ] ] ] } },
{ "type": "Feature", "properties": { "id_copa": 1730, "talhao": "T7B" }, "geometry": { "type": "Polygon", "coordinates": [ [ [ -39.3090351, -13.3339645 ], [ -39.3089443, -13.3339646 ], [ -39.3089444, -13.3340623 ], [ -39.3090352, -13.3340622 ], [ -39.3090351, -13.3339645 ] ] ] } },
{ "type": "Feature", "properties": { "id_copa": 1824, "talhao": "T7B" }, "geometry": { "type": "Polygon", "coordinates": [ [ [ -39.3088122, -13.3340947 ], [ -39.3087741, -13.3340947 ], [ -39.3087742, -13.3341335 ], [ -39.3088122, -13.3341334 ], [ -39.3088122, -13.3340947 ] ] ] } },
{ "type": "Feature", "properties": { "id_copa": 1833, "talhao": "T7B" }, "geometry": { "type": "Polygon", "coordinates": [ [ [ -39.3088613, -13.3340907 ], [ -39.3088199, -13.3340907 ], [ -39.30882, -13.3341256 ], [ -39.3088613, -13.3341255 ], [ -39.3088613, -13.3340907 ] ] ] } },
{ "type": "Feature", "properties": { "id_copa": 1840, "talhao": "T7B" }, "geometry": { "type": "Polygon", "coordinates": [ [ [ -39.3082852, -13.3345147 ], [ -39.3082333, -13.3345147 ], [ -39.3082333, -13.3345569 ], [ -39.3082853, -13.3345568 ], [ -39.3082852, -13.3345147 ] ] ] } },
{ "type": "Feature", "properties": { "id_copa": 268, "talhao": "T8" }, "geometry": { "type": "Polygon", "coordinates": [ [ [ -39.3105838, -13.3323688 ], [ -39.310515, -13.3323689 ], [ -39.3105151, -13.3324404 ], [ -39.3105839, -13.3324403 ], [ -39.3105838, -13.3323688 ] ] ] } },
{ "type": "Feature", "properties": { "id_copa": 773, "talhao": "T8" }, "geometry": { "type": "Polygon", "coordinates": [ [ [ -39.3105121, -13.3321942 ], [ -39.3104353, -13.3321943 ], [ -39.3104354, -13.3322751 ], [ -39.3105122, -13.332275 ], [ -39.3105121, -13.3321942 ] ] ] } },
{ "type": "Feature", "properties": { "id_copa": 817, "talhao": "T8" }, "geometry": { "type": "Polygon", "coordinates": [ [ [ -39.3105787, -13.332289 ], [ -39.3104872, -13.3322891 ], [ -39.3104873, -13.3323599 ], [ -39.3105788, -13.3323598 ], [ -39.3105787, -13.332289 ] ] ] } },
{ "type": "Feature", "properties": { "id_copa": 819, "talhao": "T8" }, "geometry": { "type": "Polygon", "coordinates": [ [ [ -39.3106233, -13.3324829 ], [ -39.3105568, -13.332483 ], [ -39.3105568, -13.3325525 ], [ -39.3106234, -13.3325524 ], [ -39.3106233, -13.3324829 ] ] ] } },
{ "type": "Feature", "properties": { "id_copa": 873, "talhao": "T8" }, "geometry": { "type": "Polygon", "coordinates": [ [ [ -39.3106231, -13.3325592 ], [ -39.3105108, -13.3325593 ], [ -39.310511, -13.3327144 ], [ -39.3106233, -13.3327142 ], [ -39.3106231, -13.3325592 ] ] ] } },
{ "type": "Feature", "properties": { "id_copa": 1343, "talhao": "T8" }, "geometry": { "type": "Polygon", "coordinates": [ [ [ -39.3105092, -13.3321144 ], [ -39.3104409, -13.3321145 ], [ -39.310441, -13.3321757 ], [ -39.3105093, -13.3321756 ], [ -39.3105092, -13.3321144 ] ] ] } },
{ "type": "Feature", "properties": { "id_copa": 1564, "talhao": "T8" }, "geometry": { "type": "Polygon", "coordinates": [ [ [ -39.310572, -13.3324782 ], [ -39.31047, -13.3324783 ], [ -39.3104701, -13.3325844 ], [ -39.3105721, -13.3325843 ], [ -39.310572, -13.3324782 ] ] ] } },
{ "type": "Feature", "properties": { "id_copa": 1652, "talhao": "T8" }, "geometry": { "type": "Polygon", "coordinates": [ [ [ -39.3107327, -13.331965 ], [ -39.3106657, -13.3319651 ], [ -39.3106658, -13.3320461 ], [ -39.3107328, -13.332046 ], [ -39.3107327, -13.331965 ] ] ] } },
{ "type": "Feature", "properties": { "id_copa": 1815, "talhao": "T8" }, "geometry": { "type": "Polygon", "coordinates": [ [ [ -39.3105568, -13.3320914 ], [ -39.3104944, -13.3320915 ], [ -39.3104945, -13.3321505 ], [ -39.3105569, -13.3321504 ], [ -39.3105568, -13.3320914 ] ] ] } },
{ "type": "Feature", "properties": { "id_copa": 4, "talhao": "T9" }, "geometry": { "type": "Polygon", "coordinates": [ [ [ -39.3079623, -13.3300873 ], [ -39.3078801, -13.3300874 ], [ -39.3078802, -13.3301637 ], [ -39.3079624, -13.3301636 ], [ -39.3079623, -13.3300873 ] ] ] } },
{ "type": "Feature", "properties": { "id_copa": 11, "talhao": "T9" }, "geometry": { "type": "Polygon", "coordinates": [ [ [ -39.3077009, -13.3307387 ], [ -39.3076507, -13.3307387 ], [ -39.3076508, -13.3307978 ], [ -39.307701, -13.3307977 ], [ -39.3077009, -13.3307387 ] ] ] } },
{ "type": "Feature", "properties": { "id_copa": 25, "talhao": "T9" }, "geometry": { "type": "Polygon", "coordinates": [ [ [ -39.3080101, -13.3289517 ], [ -39.3079064, -13.3289518 ], [ -39.3079065, -13.3290492 ], [ -39.3080103, -13.3290491 ], [ -39.3080101, -13.3289517 ] ] ] } },
{ "type": "Feature", "properties": { "id_copa": 40, "talhao": "T9" }, "geometry": { "type": "Polygon", "coordinates": [ [ [ -39.3077354, -13.3302316 ], [ -39.3076359, -13.3302317 ], [ -39.3076361, -13.3303212 ], [ -39.3077356, -13.3303211 ], [ -39.3077354, -13.3302316 ] ] ] } },
{ "type": "Feature", "properties": { "id_copa": 50, "talhao": "T9" }, "geometry": { "type": "Polygon", "coordinates": [ [ [ -39.3078228, -13.3301938 ], [ -39.3077508, -13.3301939 ], [ -39.3077509, -13.3302703 ], [ -39.3078229, -13.3302703 ], [ -39.3078228, -13.3301938 ] ] ] } },
{ "type": "Feature", "properties": { "id_copa": 54, "talhao": "T9" }, "geometry": { "type": "Polygon", "coordinates": [ [ [ -39.308172, -13.3298187 ], [ -39.308091, -13.3298188 ], [ -39.3080911, -13.3298924 ], [ -39.3081721, -13.3298923 ], [ -39.308172, -13.3298187 ] ] ] } },
{ "type": "Feature", "properties": { "id_copa": 55, "talhao": "T9" }, "geometry": { "type": "Polygon", "coordinates": [ [ [ -39.3068176, -13.3297243 ], [ -39.3067329, -13.3297244 ], [ -39.306733, -13.3298 ], [ -39.3068177, -13.3297999 ], [ -39.3068176, -13.3297243 ] ] ] } },
{ "type": "Feature", "properties": { "id_copa": 62, "talhao": "T9" }, "geometry": { "type": "Polygon", "coordinates": [ [ [ -39.307707, -13.3284337 ], [ -39.307623, -13.3284338 ], [ -39.3076231, -13.328522 ], [ -39.3077071, -13.3285219 ], [ -39.307707, -13.3284337 ] ] ] } },
{ "type": "Feature", "properties": { "id_copa": 69, "talhao": "T9" }, "geometry": { "type": "Polygon", "coordinates": [ [ [ -39.3073851, -13.3291196 ], [ -39.307326, -13.3291197 ], [ -39.3073261, -13.32919 ], [ -39.3073852, -13.3291899 ], [ -39.3073851, -13.3291196 ] ] ] } },
{ "type": "Feature", "properties": { "id_copa": 75, "talhao": "T9" }, "geometry": { "type": "Polygon", "coordinates": [ [ [ -39.3078226, -13.3304201 ], [ -39.307743, -13.3304202 ], [ -39.3077431, -13.3304836 ], [ -39.3078227, -13.3304835 ], [ -39.3078226, -13.3304201 ] ] ] } },
{ "type": "Feature", "properties": { "id_copa": 78, "talhao": "T9" }, "geometry": { "type": "Polygon", "coordinates": [ [ [ -39.3075479, -13.3301392 ], [ -39.3074644, -13.3301393 ], [ -39.3074644, -13.3302018 ], [ -39.307548, -13.3302017 ], [ -39.3075479, -13.3301392 ] ] ] } },
{ "type": "Feature", "properties": { "id_copa": 125, "talhao": "T9" }, "geometry": { "type": "Polygon", "coordinates": [ [ [ -39.3073458, -13.3297472 ], [ -39.3072794, -13.3297473 ], [ -39.3072795, -13.3297938 ], [ -39.3073459, -13.3297937 ], [ -39.3073458, -13.3297472 ] ] ] } },
{ "type": "Feature", "properties": { "id_copa": 126, "talhao": "T9" }, "geometry": { "type": "Polygon", "coordinates": [ [ [ -39.3078744, -13.3299695 ], [ -39.3078045, -13.3299696 ], [ -39.3078046, -13.330042 ], [ -39.3078745, -13.3300419 ], [ -39.3078744, -13.3299695 ] ] ] } },
{ "type": "Feature", "properties": { "id_copa": 136, "talhao": "T9" }, "geometry": { "type": "Polygon", "coordinates": [ [ [ -39.3076159, -13.3284852 ], [ -39.3075138, -13.3284853 ], [ -39.307514, -13.3285853 ], [ -39.3076161, -13.3285852 ], [ -39.3076159, -13.3284852 ] ] ] } },
{ "type": "Feature", "properties": { "id_copa": 146, "talhao": "T9" }, "geometry": { "type": "Polygon", "coordinates": [ [ [ -39.3070741, -13.3300926 ], [ -39.3070019, -13.3300927 ], [ -39.307002, -13.3301686 ], [ -39.3070742, -13.3301685 ], [ -39.3070741, -13.3300926 ] ] ] } },
{ "type": "Feature", "properties": { "id_copa": 152, "talhao": "T9" }, "geometry": { "type": "Polygon", "coordinates": [ [ [ -39.3076973, -13.330668 ], [ -39.3076436, -13.330668 ], [ -39.3076437, -13.3307295 ], [ -39.3076974, -13.3307294 ], [ -39.3076973, -13.330668 ] ] ] } },
{ "type": "Feature", "properties": { "id_copa": 154, "talhao": "T9" }, "geometry": { "type": "Polygon", "coordinates": [ [ [ -39.3076302, -13.3304788 ], [ -39.307568, -13.3304789 ], [ -39.3075681, -13.3305376 ], [ -39.3076303, -13.3305375 ], [ -39.3076302, -13.3304788 ] ] ] } },
{ "type": "Feature", "properties": { "id_copa": 155, "talhao": "T9" }, "geometry": { "type": "Polygon", "coordinates": [ [ [ -39.3073815, -13.3291984 ], [ -39.3073036, -13.3291985 ], [ -39.3073037, -13.3292827 ], [ -39.3073816, -13.3292826 ], [ -39.3073815, -13.3291984 ] ] ] } },
{ "type": "Feature", "properties": { "id_copa": 159, "talhao": "T9" }, "geometry": { "type": "Polygon", "coordinates": [ [ [ -39.3072109, -13.3295769 ], [ -39.307114, -13.329577 ], [ -39.3071142, -13.329675 ], [ -39.307211, -13.3296749 ], [ -39.3072109, -13.3295769 ] ] ] } },
{ "type": "Feature", "properties": { "id_copa": 171, "talhao": "T9" }, "geometry": { "type": "Polygon", "coordinates": [ [ [ -39.3074424, -13.3293161 ], [ -39.3073717, -13.3293162 ], [ -39.3073718, -13.3293813 ], [ -39.3074424, -13.3293812 ], [ -39.3074424, -13.3293161 ] ] ] } },
{ "type": "Feature", "properties": { "id_copa": 176, "talhao": "T9" }, "geometry": { "type": "Polygon", "coordinates": [ [ [ -39.307131, -13.3297973 ], [ -39.3070768, -13.3297974 ], [ -39.3070768, -13.3298477 ], [ -39.3071311, -13.3298476 ], [ -39.307131, -13.3297973 ] ] ] } },
{ "type": "Feature", "properties": { "id_copa": 177, "talhao": "T9" }, "geometry": { "type": "Polygon", "coordinates": [ [ [ -39.3074086, -13.3302423 ], [ -39.3073438, -13.3302424 ], [ -39.3073439, -13.3303187 ], [ -39.3074087, -13.3303186 ], [ -39.3074086, -13.3302423 ] ] ] } },
{ "type": "Feature", "properties": { "id_copa": 178, "talhao": "T9" }, "geometry": { "type": "Polygon", "coordinates": [ [ [ -39.308246, -13.3296539 ], [ -39.3081858, -13.329654 ], [ -39.3081859, -13.3297398 ], [ -39.3082461, -13.3297397 ], [ -39.308246, -13.3296539 ] ] ] } },
{ "type": "Feature", "properties": { "id_copa": 193, "talhao": "T9" }, "geometry": { "type": "Polygon", "coordinates": [ [ [ -39.3081002, -13.3296626 ], [ -39.3080199, -13.3296627 ], [ -39.30802, -13.3297479 ], [ -39.3081003, -13.3297478 ], [ -39.3081002, -13.3296626 ] ] ] } },
{ "type": "Feature", "properties": { "id_copa": 201, "talhao": "T9" }, "geometry": { "type": "Polygon", "coordinates": [ [ [ -39.3069379, -13.3309319 ], [ -39.3068921, -13.330932 ], [ -39.3068922, -13.3309804 ], [ -39.306938, -13.3309803 ], [ -39.3069379, -13.3309319 ] ] ] } },
{ "type": "Feature", "properties": { "id_copa": 203, "talhao": "T9" }, "geometry": { "type": "Polygon", "coordinates": [ [ [ -39.3083936, -13.3298316 ], [ -39.3083308, -13.3298316 ], [ -39.3083309, -13.3298937 ], [ -39.3083937, -13.3298936 ], [ -39.3083936, -13.3298316 ] ] ] } },
{ "type": "Feature", "properties": { "id_copa": 215, "talhao": "T9" }, "geometry": { "type": "Polygon", "coordinates": [ [ [ -39.3079855, -13.3293392 ], [ -39.3078765, -13.3293394 ], [ -39.3078766, -13.3294255 ], [ -39.3079856, -13.3294254 ], [ -39.3079855, -13.3293392 ] ] ] } },
{ "type": "Feature", "properties": { "id_copa": 224, "talhao": "T9" }, "geometry": { "type": "Polygon", "coordinates": [ [ [ -39.3077048, -13.3300512 ], [ -39.3076404, -13.3300513 ], [ -39.3076405, -13.3300953 ], [ -39.3077048, -13.3300952 ], [ -39.3077048, -13.3300512 ] ] ] } },
{ "type": "Feature", "properties": { "id_copa": 236, "talhao": "T9" }, "geometry": { "type": "Polygon", "coordinates": [ [ [ -39.306969, -13.3291072 ], [ -39.306889, -13.3291073 ], [ -39.3068891, -13.3291791 ], [ -39.3069691, -13.329179 ], [ -39.306969, -13.3291072 ] ] ] } },
{ "type": "Feature", "properties": { "id_copa": 242, "talhao": "T9" }, "geometry": { "type": "Polygon", "coordinates": [ [ [ -39.3076071, -13.329711 ], [ -39.3074968, -13.3297112 ], [ -39.3074969, -13.3297991 ], [ -39.3076072, -13.329799 ], [ -39.3076071, -13.329711 ] ] ] } },
{ "type": "Feature", "properties": { "id_copa": 246, "talhao": "T9" }, "geometry": { "type": "Polygon", "coordinates": [ [ [ -39.3079793, -13.3296665 ], [ -39.3079115, -13.3296666 ], [ -39.3079116, -13.329724 ], [ -39.3079794, -13.3297239 ], [ -39.3079793, -13.3296665 ] ] ] } },
{ "type": "Feature", "properties": { "id_copa": 260, "talhao": "T9" }, "geometry": { "type": "Polygon", "coordinates": [ [ [ -39.3069356, -13.3308777 ], [ -39.3068902, -13.3308778 ], [ -39.3068903, -13.3309183 ], [ -39.3069356, -13.3309183 ], [ -39.3069356, -13.3308777 ] ] ] } },
{ "type": "Feature", "properties": { "id_copa": 276, "talhao": "T9" }, "geometry": { "type": "Polygon", "coordinates": [ [ [ -39.3078971, -13.3289784 ], [ -39.30779, -13.3289785 ], [ -39.3077901, -13.3290727 ], [ -39.3078972, -13.3290726 ], [ -39.3078971, -13.3289784 ] ] ] } },
{ "type": "Feature", "properties": { "id_copa": 289, "talhao": "T9" }, "geometry": { "type": "Polygon", "coordinates": [ [ [ -39.3081506, -13.3295338 ], [ -39.3080707, -13.3295339 ], [ -39.3080708, -13.3296055 ], [ -39.3081507, -13.3296054 ], [ -39.3081506, -13.3295338 ] ] ] } },
{ "type": "Feature", "properties": { "id_copa": 293, "talhao": "T9" }, "geometry": { "type": "Polygon", "coordinates": [ [ [ -39.3072552, -13.3302098 ], [ -39.3071989, -13.3302099 ], [ -39.307199, -13.3302777 ], [ -39.3072553, -13.3302776 ], [ -39.3072552, -13.3302098 ] ] ] } },
{ "type": "Feature", "properties": { "id_copa": 303, "talhao": "T9" }, "geometry": { "type": "Polygon", "coordinates": [ [ [ -39.3072375, -13.3290263 ], [ -39.307177, -13.3290264 ], [ -39.3071771, -13.3291048 ], [ -39.3072376, -13.3291047 ], [ -39.3072375, -13.3290263 ] ] ] } },
{ "type": "Feature", "properties": { "id_copa": 307, "talhao": "T9" }, "geometry": { "type": "Polygon", "coordinates": [ [ [ -39.3070651, -13.3309783 ], [ -39.3070015, -13.3309783 ], [ -39.3070016, -13.3310408 ], [ -39.3070652, -13.3310408 ], [ -39.3070651, -13.3309783 ] ] ] } },
{ "type": "Feature", "properties": { "id_copa": 328, "talhao": "T9" }, "geometry": { "type": "Polygon", "coordinates": [ [ [ -39.307674, -13.330091 ], [ -39.3076165, -13.3300911 ], [ -39.3076166, -13.3301541 ], [ -39.3076741, -13.330154 ], [ -39.307674, -13.330091 ] ] ] } },
{ "type": "Feature", "properties": { "id_copa": 337, "talhao": "T9" }, "geometry": { "type": "Polygon", "coordinates": [ [ [ -39.3074874, -13.3306964 ], [ -39.3074157, -13.3306965 ], [ -39.3074157, -13.3307573 ], [ -39.3074875, -13.3307572 ], [ -39.3074874, -13.3306964 ] ] ] } },
{ "type": "Feature", "properties": { "id_copa": 341, "talhao": "T9" }, "geometry": { "type": "Polygon", "coordinates": [ [ [ -39.3080259, -13.3292782 ], [ -39.3079413, -13.3292783 ], [ -39.3079414, -13.3293569 ], [ -39.308026, -13.3293568 ], [ -39.3080259, -13.3292782 ] ] ] } },
{ "type": "Feature", "properties": { "id_copa": 344, "talhao": "T9" }, "geometry": { "type": "Polygon", "coordinates": [ [ [ -39.3081339, -13.3290778 ], [ -39.3080444, -13.3290779 ], [ -39.3080445, -13.3291509 ], [ -39.308134, -13.3291508 ], [ -39.3081339, -13.3290778 ] ] ] } },
{ "type": "Feature", "properties": { "id_copa": 346, "talhao": "T9" }, "geometry": { "type": "Polygon", "coordinates": [ [ [ -39.3075806, -13.3301946 ], [ -39.307529, -13.3301946 ], [ -39.3075291, -13.3302455 ], [ -39.3075807, -13.3302455 ], [ -39.3075806, -13.3301946 ] ] ] } },
{ "type": "Feature", "properties": { "id_copa": 357, "talhao": "T9" }, "geometry": { "type": "Polygon", "coordinates": [ [ [ -39.3073243, -13.3293034 ], [ -39.3072524, -13.3293034 ], [ -39.3072525, -13.3293616 ], [ -39.3073243, -13.3293615 ], [ -39.3073243, -13.3293034 ] ] ] } },
{ "type": "Feature", "properties": { "id_copa": 388, "talhao": "T9" }, "geometry": { "type": "Polygon", "coordinates": [ [ [ -39.3074584, -13.3295912 ], [ -39.307376, -13.3295913 ], [ -39.3073761, -13.3296604 ], [ -39.3074584, -13.3296603 ], [ -39.3074584, -13.3295912 ] ] ] } },
{ "type": "Feature", "properties": { "id_copa": 408, "talhao": "T9" }, "geometry": { "type": "Polygon", "coordinates": [ [ [ -39.3077347, -13.3282633 ], [ -39.3076534, -13.3282634 ], [ -39.3076535, -13.328342 ], [ -39.3077348, -13.3283419 ], [ -39.3077347, -13.3282633 ] ] ] } },
{ "type": "Feature", "properties": { "id_copa": 416, "talhao": "T9" }, "geometry": { "type": "Polygon", "coordinates": [ [ [ -39.3081108, -13.3291651 ], [ -39.30802, -13.3291652 ], [ -39.3080201, -13.3292548 ], [ -39.308111, -13.3292547 ], [ -39.3081108, -13.3291651 ] ] ] } },
{ "type": "Feature", "properties": { "id_copa": 421, "talhao": "T9" }, "geometry": { "type": "Polygon", "coordinates": [ [ [ -39.3071941, -13.329491 ], [ -39.3071192, -13.3294911 ], [ -39.3071193, -13.3295732 ], [ -39.3071942, -13.3295731 ], [ -39.3071941, -13.329491 ] ] ] } },
{ "type": "Feature", "properties": { "id_copa": 433, "talhao": "T9" }, "geometry": { "type": "Polygon", "coordinates": [ [ [ -39.3076765, -13.3301515 ], [ -39.3075983, -13.3301516 ], [ -39.3075984, -13.3302223 ], [ -39.3076766, -13.3302222 ], [ -39.3076765, -13.3301515 ] ] ] } },
{ "type": "Feature", "properties": { "id_copa": 438, "talhao": "T9" }, "geometry": { "type": "Polygon", "coordinates": [ [ [ -39.3075304, -13.3305509 ], [ -39.3074665, -13.330551 ], [ -39.3074665, -13.3306017 ], [ -39.3075304, -13.3306016 ], [ -39.3075304, -13.3305509 ] ] ] } },
{ "type": "Feature", "properties": { "id_copa": 440, "talhao": "T9" }, "geometry": { "type": "Polygon", "coordinates": [ [ [ -39.3078114, -13.3284711 ], [ -39.3077491, -13.3284712 ], [ -39.3077492, -13.3285394 ], [ -39.3078115, -13.3285393 ], [ -39.3078114, -13.3284711 ] ] ] } },
{ "type": "Feature", "properties": { "id_copa": 444, "talhao": "T9" }, "geometry": { "type": "Polygon", "coordinates": [ [ [ -39.3077816, -13.3299416 ], [ -39.3076991, -13.3299417 ], [ -39.3076992, -13.3300277 ], [ -39.3077817, -13.3300276 ], [ -39.3077816, -13.3299416 ] ] ] } },
{ "type": "Feature", "properties": { "id_copa": 471, "talhao": "T9" }, "geometry": { "type": "Polygon", "coordinates": [ [ [ -39.3082457, -13.3298226 ], [ -39.3081924, -13.3298226 ], [ -39.3081925, -13.3298807 ], [ -39.3082458, -13.3298806 ], [ -39.3082457, -13.3298226 ] ] ] } },
{ "type": "Feature", "properties": { "id_copa": 481, "talhao": "T9" }, "geometry": { "type": "Polygon", "coordinates": [ [ [ -39.3074162, -13.330015 ], [ -39.3073383, -13.3300151 ], [ -39.3073384, -13.3300883 ], [ -39.3074163, -13.3300882 ], [ -39.3074162, -13.330015 ] ] ] } },
{ "type": "Feature", "properties": { "id_copa": 541, "talhao": "T9" }, "geometry": { "type": "Polygon", "coordinates": [ [ [ -39.3074444, -13.3300728 ], [ -39.3073519, -13.3300729 ], [ -39.307352, -13.3301589 ], [ -39.3074445, -13.3301588 ], [ -39.3074444, -13.3300728 ] ] ] } },
{ "type": "Feature", "properties": { "id_copa": 545, "talhao": "T9" }, "geometry": { "type": "Polygon", "coordinates": [ [ [ -39.3073522, -13.3297973 ], [ -39.3072961, -13.3297973 ], [ -39.3072962, -13.3298601 ], [ -39.3073523, -13.32986 ], [ -39.3073522, -13.3297973 ] ] ] } },
{ "type": "Feature", "properties": { "id_copa": 560, "talhao": "T9" }, "geometry": { "type": "Polygon", "coordinates": [ [ [ -39.3079016, -13.3284421 ], [ -39.3078155, -13.3284422 ], [ -39.3078157, -13.3285436 ], [ -39.3079018, -13.3285434 ], [ -39.3079016, -13.3284421 ] ] ] } },
{ "type": "Feature", "properties": { "id_copa": 566, "talhao": "T9" }, "geometry": { "type": "Polygon", "coordinates": [ [ [ -39.3069992, -13.3309481 ], [ -39.3069447, -13.3309482 ], [ -39.3069448, -13.3310072 ], [ -39.3069993, -13.3310071 ], [ -39.3069992, -13.3309481 ] ] ] } },
{ "type": "Feature", "properties": { "id_copa": 606, "talhao": "T9" }, "geometry": { "type": "Polygon", "coordinates": [ [ [ -39.307612, -13.3291638 ], [ -39.3075125, -13.3291639 ], [ -39.3075126, -13.3292537 ], [ -39.3076122, -13.3292536 ], [ -39.307612, -13.3291638 ] ] ] } },
{ "type": "Feature", "properties": { "id_copa": 631, "talhao": "T9" }, "geometry": { "type": "Polygon", "coordinates": [ [ [ -39.3078284, -13.3285344 ], [ -39.3077737, -13.3285344 ], [ -39.3077737, -13.3286017 ], [ -39.3078284, -13.3286016 ], [ -39.3078284, -13.3285344 ] ] ] } },
{ "type": "Feature", "properties": { "id_copa": 642, "talhao": "T9" }, "geometry": { "type": "Polygon", "coordinates": [ [ [ -39.3073691, -13.328955 ], [ -39.3072742, -13.3289552 ], [ -39.3072743, -13.3290134 ], [ -39.3073692, -13.3290133 ], [ -39.3073691, -13.328955 ] ] ] } },
{ "type": "Feature", "properties": { "id_copa": 653, "talhao": "T9" }, "geometry": { "type": "Polygon", "coordinates": [ [ [ -39.3077901, -13.3283859 ], [ -39.3077263, -13.3283859 ], [ -39.3077264, -13.3284677 ], [ -39.3077902, -13.3284677 ], [ -39.3077901, -13.3283859 ] ] ] } },
{ "type": "Feature", "properties": { "id_copa": 661, "talhao": "T9" }, "geometry": { "type": "Polygon", "coordinates": [ [ [ -39.3072448, -13.3306979 ], [ -39.3071848, -13.3306979 ], [ -39.3071849, -13.3307791 ], [ -39.3072449, -13.330779 ], [ -39.3072448, -13.3306979 ] ] ] } },
{ "type": "Feature", "properties": { "id_copa": 665, "talhao": "T9" }, "geometry": { "type": "Polygon", "coordinates": [ [ [ -39.3073047, -13.330059 ], [ -39.3072279, -13.3300591 ], [ -39.307228, -13.3301385 ], [ -39.3073048, -13.3301384 ], [ -39.3073047, -13.330059 ] ] ] } },
{ "type": "Feature", "properties": { "id_copa": 666, "talhao": "T9" }, "geometry": { "type": "Polygon", "coordinates": [ [ [ -39.3073601, -13.3307118 ], [ -39.3072796, -13.3307119 ], [ -39.3072797, -13.330794 ], [ -39.3073602, -13.3307939 ], [ -39.3073601, -13.3307118 ] ] ] } },
{ "type": "Feature", "properties": { "id_copa": 669, "talhao": "T9" }, "geometry": { "type": "Polygon", "coordinates": [ [ [ -39.3075655, -13.3298583 ], [ -39.307495, -13.3298584 ], [ -39.3074951, -13.3299307 ], [ -39.3075656, -13.3299306 ], [ -39.3075655, -13.3298583 ] ] ] } },
{ "type": "Feature", "properties": { "id_copa": 694, "talhao": "T9" }, "geometry": { "type": "Polygon", "coordinates": [ [ [ -39.3076107, -13.3300369 ], [ -39.307541, -13.330037 ], [ -39.3075411, -13.3300937 ], [ -39.3076108, -13.3300937 ], [ -39.3076107, -13.3300369 ] ] ] } },
{ "type": "Feature", "properties": { "id_copa": 718, "talhao": "T9" }, "geometry": { "type": "Polygon", "coordinates": [ [ [ -39.307517, -13.3292044 ], [ -39.3074677, -13.3292044 ], [ -39.3074678, -13.3292777 ], [ -39.3075171, -13.3292777 ], [ -39.307517, -13.3292044 ] ] ] } },
{ "type": "Feature", "properties": { "id_copa": 729, "talhao": "T9" }, "geometry": { "type": "Polygon", "coordinates": [ [ [ -39.3078156, -13.3282656 ], [ -39.3077222, -13.3282657 ], [ -39.3077224, -13.3283705 ], [ -39.3078157, -13.3283704 ], [ -39.3078156, -13.3282656 ] ] ] } },
{ "type": "Feature", "properties": { "id_copa": 736, "talhao": "T9" }, "geometry": { "type": "Polygon", "coordinates": [ [ [ -39.3082209, -13.3291816 ], [ -39.3081166, -13.3291817 ], [ -39.3081168, -13.3292925 ], [ -39.3082211, -13.3292924 ], [ -39.3082209, -13.3291816 ] ] ] } },
{ "type": "Feature", "properties": { "id_copa": 741, "talhao": "T9" }, "geometry": { "type": "Polygon", "coordinates": [ [ [ -39.3071791, -13.3299635 ], [ -39.3071049, -13.3299636 ], [ -39.307105, -13.3300307 ], [ -39.3071792, -13.3300306 ], [ -39.3071791, -13.3299635 ] ] ] } },
{ "type": "Feature", "properties": { "id_copa": 742, "talhao": "T9" }, "geometry": { "type": "Polygon", "coordinates": [ [ [ -39.3072438, -13.3303716 ], [ -39.3071558, -13.3303717 ], [ -39.3071559, -13.3304265 ], [ -39.3072439, -13.3304264 ], [ -39.3072438, -13.3303716 ] ] ] } },
{ "type": "Feature", "properties": { "id_copa": 769, "talhao": "T9" }, "geometry": { "type": "Polygon", "coordinates": [ [ [ -39.3075305, -13.3307608 ], [ -39.3074868, -13.3307609 ], [ -39.3074869, -13.3308115 ], [ -39.3075305, -13.3308114 ], [ -39.3075305, -13.3307608 ] ] ] } },
{ "type": "Feature", "properties": { "id_copa": 772, "talhao": "T9" }, "geometry": { "type": "Polygon", "coordinates": [ [ [ -39.3075602, -13.330519 ], [ -39.3074925, -13.3305191 ], [ -39.3074926, -13.3305761 ], [ -39.3075603, -13.330576 ], [ -39.3075602, -13.330519 ] ] ] } },
{ "type": "Feature", "properties": { "id_copa": 780, "talhao": "T9" }, "geometry": { "type": "Polygon", "coordinates": [ [ [ -39.308435, -13.3297437 ], [ -39.3083659, -13.3297438 ], [ -39.308366, -13.3298 ], [ -39.308435, -13.3297999 ], [ -39.308435, -13.3297437 ] ] ] } },
{ "type": "Feature", "properties": { "id_copa": 787, "talhao": "T9" }, "geometry": { "type": "Polygon", "coordinates": [ [ [ -39.3075634, -13.3293385 ], [ -39.3074498, -13.3293387 ], [ -39.30745, -13.3294361 ], [ -39.3075635, -13.329436 ], [ -39.3075634, -13.3293385 ] ] ] } },
{ "type": "Feature", "properties": { "id_copa": 809, "talhao": "T9" }, "geometry": { "type": "Polygon", "coordinates": [ [ [ -39.3071242, -13.3309838 ], [ -39.3070698, -13.3309839 ], [ -39.3070698, -13.3310293 ], [ -39.3071243, -13.3310292 ], [ -39.3071242, -13.3309838 ] ] ] } },
{ "type": "Feature", "properties": { "id_copa": 826, "talhao": "T9" }, "geometry": { "type": "Polygon", "coordinates": [ [ [ -39.307404, -13.3289851 ], [ -39.307339, -13.3289852 ], [ -39.3073391, -13.3290547 ], [ -39.3074041, -13.3290546 ], [ -39.307404, -13.3289851 ] ] ] } },
{ "type": "Feature", "properties": { "id_copa": 832, "talhao": "T9" }, "geometry": { "type": "Polygon", "coordinates": [ [ [ -39.3076038, -13.3286386 ], [ -39.3075153, -13.3286388 ], [ -39.3075154, -13.3287135 ], [ -39.3076039, -13.3287134 ], [ -39.3076038, -13.3286386 ] ] ] } },
{ "type": "Feature", "properties": { "id_copa": 841, "talhao": "T9" }, "geometry": { "type": "Polygon", "coordinates": [ [ [ -39.30744, -13.3298058 ], [ -39.3073745, -13.3298058 ], [ -39.3073745, -13.3298493 ], [ -39.30744, -13.3298492 ], [ -39.30744, -13.3298058 ] ] ] } },
{ "type": "Feature", "properties": { "id_copa": 844, "talhao": "T9" }, "geometry": { "type": "Polygon", "coordinates": [ [ [ -39.3072723, -13.3307977 ], [ -39.3072323, -13.3307977 ], [ -39.3072323, -13.3308397 ], [ -39.3072723, -13.3308397 ], [ -39.3072723, -13.3307977 ] ] ] } },
{ "type": "Feature", "properties": { "id_copa": 846, "talhao": "T9" }, "geometry": { "type": "Polygon", "coordinates": [ [ [ -39.307777, -13.3303657 ], [ -39.3077146, -13.3303658 ], [ -39.3077146, -13.3304179 ], [ -39.3077771, -13.3304178 ], [ -39.307777, -13.3303657 ] ] ] } },
{ "type": "Feature", "properties": { "id_copa": 850, "talhao": "T9" }, "geometry": { "type": "Polygon", "coordinates": [ [ [ -39.3075373, -13.3290603 ], [ -39.3074631, -13.3290603 ], [ -39.3074632, -13.3291314 ], [ -39.3075374, -13.3291313 ], [ -39.3075373, -13.3290603 ] ] ] } },
{ "type": "Feature", "properties": { "id_copa": 853, "talhao": "T9" }, "geometry": { "type": "Polygon", "coordinates": [ [ [ -39.3073956, -13.3301522 ], [ -39.3073504, -13.3301523 ], [ -39.3073504, -13.3301922 ], [ -39.3073957, -13.3301921 ], [ -39.3073956, -13.3301522 ] ] ] } },
{ "type": "Feature", "properties": { "id_copa": 858, "talhao": "T9" }, "geometry": { "type": "Polygon", "coordinates": [ [ [ -39.3071569, -13.3306666 ], [ -39.3071059, -13.3306667 ], [ -39.307106, -13.3307279 ], [ -39.3071569, -13.3307279 ], [ -39.3071569, -13.3306666 ] ] ] } },
{ "type": "Feature", "properties": { "id_copa": 861, "talhao": "T9" }, "geometry": { "type": "Polygon", "coordinates": [ [ [ -39.3075525, -13.3300805 ], [ -39.3074931, -13.3300806 ], [ -39.3074932, -13.3301381 ], [ -39.3075526, -13.330138 ], [ -39.3075525, -13.3300805 ] ] ] } },
{ "type": "Feature", "properties": { "id_copa": 866, "talhao": "T9" }, "geometry": { "type": "Polygon", "coordinates": [ [ [ -39.307722, -13.3301017 ], [ -39.3076624, -13.3301017 ], [ -39.3076625, -13.3301656 ], [ -39.3077221, -13.3301656 ], [ -39.307722, -13.3301017 ] ] ] } },
{ "type": "Feature", "properties": { "id_copa": 876, "talhao": "T9" }, "geometry": { "type": "Polygon", "coordinates": [ [ [ -39.3073387, -13.330122 ], [ -39.3072514, -13.3301221 ], [ -39.3072515, -13.3301976 ], [ -39.3073388, -13.3301975 ], [ -39.3073387, -13.330122 ] ] ] } },
{ "type": "Feature", "properties": { "id_copa": 883, "talhao": "T9" }, "geometry": { "type": "Polygon", "coordinates": [ [ [ -39.3076855, -13.3303177 ], [ -39.3076405, -13.3303178 ], [ -39.3076406, -13.3303712 ], [ -39.3076856, -13.3303711 ], [ -39.3076855, -13.3303177 ] ] ] } },
{ "type": "Feature", "properties": { "id_copa": 884, "talhao": "T9" }, "geometry": { "type": "Polygon", "coordinates": [ [ [ -39.3077052, -13.3285695 ], [ -39.3076111, -13.3285696 ], [ -39.3076112, -13.3286363 ], [ -39.3077053, -13.3286362 ], [ -39.3077052, -13.3285695 ] ] ] } },
{ "type": "Feature", "properties": { "id_copa": 887, "talhao": "T9" }, "geometry": { "type": "Polygon", "coordinates": [ [ [ -39.3079229, -13.3295825 ], [ -39.3078399, -13.3295826 ], [ -39.30784, -13.3296577 ], [ -39.307923, -13.3296576 ], [ -39.3079229, -13.3295825 ] ] ] } },
{ "type": "Feature", "properties": { "id_copa": 892, "talhao": "T9" }, "geometry": { "type": "Polygon", "coordinates": [ [ [ -39.3069347, -13.330992 ], [ -39.3068969, -13.3309921 ], [ -39.306897, -13.3310319 ], [ -39.3069347, -13.3310318 ], [ -39.3069347, -13.330992 ] ] ] } },
{ "type": "Feature", "properties": { "id_copa": 893, "talhao": "T9" }, "geometry": { "type": "Polygon", "coordinates": [ [ [ -39.3072348, -13.3297571 ], [ -39.3071412, -13.3297572 ], [ -39.3071413, -13.3298204 ], [ -39.3072349, -13.3298203 ], [ -39.3072348, -13.3297571 ] ] ] } },
{ "type": "Feature", "properties": { "id_copa": 897, "talhao": "T9" }, "geometry": { "type": "Polygon", "coordinates": [ [ [ -39.307211, -13.3306124 ], [ -39.3071604, -13.3306124 ], [ -39.3071605, -13.3306627 ], [ -39.3072111, -13.3306626 ], [ -39.307211, -13.3306124 ] ] ] } },
{ "type": "Feature", "properties": { "id_copa": 898, "talhao": "T9" }, "geometry": { "type": "Polygon", "coordinates": [ [ [ -39.3077844, -13.3280921 ], [ -39.3077297, -13.3280922 ], [ -39.3077298, -13.3281527 ], [ -39.3077845, -13.3281526 ], [ -39.3077844, -13.3280921 ] ] ] } },
{ "type": "Feature", "properties": { "id_copa": 905, "talhao": "T9" }, "geometry": { "type": "Polygon", "coordinates": [ [ [ -39.3070583, -13.3295324 ], [ -39.3070009, -13.3295325 ], [ -39.3070009, -13.329597 ], [ -39.3070584, -13.3295969 ], [ -39.3070583, -13.3295324 ] ] ] } },
{ "type": "Feature", "properties": { "id_copa": 907, "talhao": "T9" }, "geometry": { "type": "Polygon", "coordinates": [ [ [ -39.3074613, -13.3287753 ], [ -39.3073837, -13.3287754 ], [ -39.3073838, -13.3288455 ], [ -39.3074614, -13.3288454 ], [ -39.3074613, -13.3287753 ] ] ] } },
{ "type": "Feature", "properties": { "id_copa": 912, "talhao": "T9" }, "geometry": { "type": "Polygon", "coordinates": [ [ [ -39.3071585, -13.3301765 ], [ -39.3070679, -13.3301766 ], [ -39.307068, -13.3302596 ], [ -39.3071586, -13.3302595 ], [ -39.3071585, -13.3301765 ] ] ] } },
{ "type": "Feature", "properties": { "id_copa": 916, "talhao": "T9" }, "geometry": { "type": "Polygon", "coordinates": [ [ [ -39.3071263, -13.3308935 ], [ -39.3070533, -13.3308936 ], [ -39.3070534, -13.330965 ], [ -39.3071263, -13.3309649 ], [ -39.3071263, -13.3308935 ] ] ] } },
{ "type": "Feature", "properties": { "id_copa": 926, "talhao": "T9" }, "geometry": { "type": "Polygon", "coordinates": [ [ [ -39.307227, -13.3309511 ], [ -39.3071626, -13.3309511 ], [ -39.3071627, -13.3310115 ], [ -39.3072271, -13.3310114 ], [ -39.307227, -13.3309511 ] ] ] } },
{ "type": "Feature", "properties": { "id_copa": 932, "talhao": "T9" }, "geometry": { "type": "Polygon", "coordinates": [ [ [ -39.3070393, -13.3301614 ], [ -39.3069999, -13.3301614 ], [ -39.307, -13.3301966 ], [ -39.3070394, -13.3301966 ], [ -39.3070393, -13.3301614 ] ] ] } },
{ "type": "Feature", "properties": { "id_copa": 941, "talhao": "T9" }, "geometry": { "type": "Polygon", "coordinates": [ [ [ -39.3076109, -13.3290861 ], [ -39.307522, -13.3290862 ], [ -39.3075221, -13.3291709 ], [ -39.307611, -13.3291708 ], [ -39.3076109, -13.3290861 ] ] ] } },
{ "type": "Feature", "properties": { "id_copa": 968, "talhao": "T9" }, "geometry": { "type": "Polygon", "coordinates": [ [ [ -39.3079006, -13.329822 ], [ -39.3078502, -13.3298221 ], [ -39.3078502, -13.3298695 ], [ -39.3079007, -13.3298694 ], [ -39.3079006, -13.329822 ] ] ] } },
{ "type": "Feature", "properties": { "id_copa": 969, "talhao": "T9" }, "geometry": { "type": "Polygon", "coordinates": [ [ [ -39.3079344, -13.3303204 ], [ -39.3078866, -13.3303204 ], [ -39.3078867, -13.3303608 ], [ -39.3079345, -13.3303607 ], [ -39.3079344, -13.3303204 ] ] ] } },
{ "type": "Feature", "properties": { "id_copa": 983, "talhao": "T9" }, "geometry": { "type": "Polygon", "coordinates": [ [ [ -39.3074871, -13.3305917 ], [ -39.3074398, -13.3305917 ], [ -39.3074399, -13.3306542 ], [ -39.3074872, -13.3306541 ], [ -39.3074871, -13.3305917 ] ] ] } },
{ "type": "Feature", "properties": { "id_copa": 984, "talhao": "T9" }, "geometry": { "type": "Polygon", "coordinates": [ [ [ -39.3076553, -13.3292817 ], [ -39.3075878, -13.3292818 ], [ -39.3075879, -13.3293542 ], [ -39.3076554, -13.3293541 ], [ -39.3076553, -13.3292817 ] ] ] } },
{ "type": "Feature", "properties": { "id_copa": 1004, "talhao": "T9" }, "geometry": { "type": "Polygon", "coordinates": [ [ [ -39.3083651, -13.3292914 ], [ -39.3082912, -13.3292915 ], [ -39.3082912, -13.329351 ], [ -39.3083652, -13.3293509 ], [ -39.3083651, -13.3292914 ] ] ] } },
{ "type": "Feature", "properties": { "id_copa": 1028, "talhao": "T9" }, "geometry": { "type": "Polygon", "coordinates": [ [ [ -39.3078431, -13.3300714 ], [ -39.3077933, -13.3300714 ], [ -39.3077934, -13.3301273 ], [ -39.3078431, -13.3301273 ], [ -39.3078431, -13.3300714 ] ] ] } },
{ "type": "Feature", "properties": { "id_copa": 1037, "talhao": "T9" }, "geometry": { "type": "Polygon", "coordinates": [ [ [ -39.306841, -13.3287407 ], [ -39.3067751, -13.3287407 ], [ -39.3067751, -13.3287931 ], [ -39.3068411, -13.328793 ], [ -39.306841, -13.3287407 ] ] ] } },
{ "type": "Feature", "properties": { "id_copa": 1084, "talhao": "T9" }, "geometry": { "type": "Polygon", "coordinates": [ [ [ -39.3076208, -13.3287109 ], [ -39.3075458, -13.328711 ], [ -39.3075459, -13.3287912 ], [ -39.3076209, -13.3287911 ], [ -39.3076208, -13.3287109 ] ] ] } },
{ "type": "Feature", "properties": { "id_copa": 1089, "talhao": "T9" }, "geometry": { "type": "Polygon", "coordinates": [ [ [ -39.3079316, -13.3292609 ], [ -39.3078612, -13.329261 ], [ -39.3078613, -13.3293244 ], [ -39.3079317, -13.3293244 ], [ -39.3079316, -13.3292609 ] ] ] } },
{ "type": "Feature", "properties": { "id_copa": 1100, "talhao": "T9" }, "geometry": { "type": "Polygon", "coordinates": [ [ [ -39.3071408, -13.3289799 ], [ -39.3070787, -13.32898 ], [ -39.3070788, -13.3290384 ], [ -39.3071409, -13.3290383 ], [ -39.3071408, -13.3289799 ] ] ] } },
{ "type": "Feature", "properties": { "id_copa": 1105, "talhao": "T9" }, "geometry": { "type": "Polygon", "coordinates": [ [ [ -39.3078457, -13.3283095 ], [ -39.3077876, -13.3283096 ], [ -39.3077876, -13.328375 ], [ -39.3078458, -13.3283749 ], [ -39.3078457, -13.3283095 ] ] ] } },
{ "type": "Feature", "properties": { "id_copa": 1116, "talhao": "T9" }, "geometry": { "type": "Polygon", "coordinates": [ [ [ -39.3079255, -13.328374 ], [ -39.3078485, -13.3283741 ], [ -39.3078486, -13.3284361 ], [ -39.3079256, -13.328436 ], [ -39.3079255, -13.328374 ] ] ] } },
{ "type": "Feature", "properties": { "id_copa": 1121, "talhao": "T9" }, "geometry": { "type": "Polygon", "coordinates": [ [ [ -39.307305, -13.3306604 ], [ -39.3072299, -13.3306605 ], [ -39.30723, -13.3307179 ], [ -39.307305, -13.3307178 ], [ -39.307305, -13.3306604 ] ] ] } },
{ "type": "Feature", "properties": { "id_copa": 1157, "talhao": "T9" }, "geometry": { "type": "Polygon", "coordinates": [ [ [ -39.3069787, -13.3299171 ], [ -39.3069364, -13.3299171 ], [ -39.3069364, -13.3299556 ], [ -39.3069788, -13.3299556 ], [ -39.3069787, -13.3299171 ] ] ] } },
{ "type": "Feature", "properties": { "id_copa": 1171, "talhao": "T9" }, "geometry": { "type": "Polygon", "coordinates": [ [ [ -39.3077635, -13.3285714 ], [ -39.3077027, -13.3285715 ], [ -39.3077027, -13.3286171 ], [ -39.3077635, -13.328617 ], [ -39.3077635, -13.3285714 ] ] ] } },
{ "type": "Feature", "properties": { "id_copa": 1174, "talhao": "T9" }, "geometry": { "type": "Polygon", "coordinates": [ [ [ -39.3079984, -13.3298293 ], [ -39.3079513, -13.3298294 ], [ -39.3079514, -13.3298722 ], [ -39.3079985, -13.3298721 ], [ -39.3079984, -13.3298293 ] ] ] } },
{ "type": "Feature", "properties": { "id_copa": 1192, "talhao": "T9" }, "geometry": { "type": "Polygon", "coordinates": [ [ [ -39.3073382, -13.3287465 ], [ -39.3071962, -13.3287467 ], [ -39.3071963, -13.3288692 ], [ -39.3073383, -13.3288691 ], [ -39.3073382, -13.3287465 ] ] ] } },
{ "type": "Feature", "properties": { "id_copa": 1222, "talhao": "T9" }, "geometry": { "type": "Polygon", "coordinates": [ [ [ -39.3072858, -13.3286149 ], [ -39.3072417, -13.328615 ], [ -39.3072417, -13.3286554 ], [ -39.3072859, -13.3286553 ], [ -39.3072858, -13.3286149 ] ] ] } },
{ "type": "Feature", "properties": { "id_copa": 1238, "talhao": "T9" }, "geometry": { "type": "Polygon", "coordinates": [ [ [ -39.3074977, -13.3291247 ], [ -39.3074363, -13.3291247 ], [ -39.3074364, -13.3291818 ], [ -39.3074977, -13.3291817 ], [ -39.3074977, -13.3291247 ] ] ] } },
{ "type": "Feature", "properties": { "id_copa": 1240, "talhao": "T9" }, "geometry": { "type": "Polygon", "coordinates": [ [ [ -39.3075482, -13.3304887 ], [ -39.3075071, -13.3304888 ], [ -39.3075072, -13.3305269 ], [ -39.3075482, -13.3305268 ], [ -39.3075482, -13.3304887 ] ] ] } },
{ "type": "Feature", "properties": { "id_copa": 1246, "talhao": "T9" }, "geometry": { "type": "Polygon", "coordinates": [ [ [ -39.3075414, -13.3306892 ], [ -39.3074912, -13.3306892 ], [ -39.3074913, -13.3307423 ], [ -39.3075415, -13.3307422 ], [ -39.3075414, -13.3306892 ] ] ] } },
{ "type": "Feature", "properties": { "id_copa": 1258, "talhao": "T9" }, "geometry": { "type": "Polygon", "coordinates": [ [ [ -39.3078803, -13.3285715 ], [ -39.3078147, -13.3285716 ], [ -39.3078148, -13.3286554 ], [ -39.3078804, -13.3286553 ], [ -39.3078803, -13.3285715 ] ] ] } },
{ "type": "Feature", "properties": { "id_copa": 1268, "talhao": "T9" }, "geometry": { "type": "Polygon", "coordinates": [ [ [ -39.3081346, -13.3293762 ], [ -39.3080521, -13.3293763 ], [ -39.3080522, -13.3294483 ], [ -39.3081347, -13.3294482 ], [ -39.3081346, -13.3293762 ] ] ] } },
{ "type": "Feature", "properties": { "id_copa": 1275, "talhao": "T9" }, "geometry": { "type": "Polygon", "coordinates": [ [ [ -39.3075387, -13.3298227 ], [ -39.3074811, -13.3298228 ], [ -39.3074811, -13.3298809 ], [ -39.3075388, -13.3298808 ], [ -39.3075387, -13.3298227 ] ] ] } },
{ "type": "Feature", "properties": { "id_copa": 1278, "talhao": "T9" }, "geometry": { "type": "Polygon", "coordinates": [ [ [ -39.3077409, -13.3286622 ], [ -39.3076718, -13.3286623 ], [ -39.3076718, -13.3287335 ], [ -39.307741, -13.3287334 ], [ -39.3077409, -13.3286622 ] ] ] } },
{ "type": "Feature", "properties": { "id_copa": 1283, "talhao": "T9" }, "geometry": { "type": "Polygon", "coordinates": [ [ [ -39.3068115, -13.3299063 ], [ -39.3067387, -13.3299064 ], [ -39.3067388, -13.3299609 ], [ -39.3068115, -13.3299609 ], [ -39.3068115, -13.3299063 ] ] ] } },
{ "type": "Feature", "properties": { "id_copa": 1315, "talhao": "T9" }, "geometry": { "type": "Polygon", "coordinates": [ [ [ -39.306846, -13.3307629 ], [ -39.3067873, -13.330763 ], [ -39.3067874, -13.3308199 ], [ -39.306846, -13.3308198 ], [ -39.306846, -13.3307629 ] ] ] } },
{ "type": "Feature", "properties": { "id_copa": 1317, "talhao": "T9" }, "geometry": { "type": "Polygon", "coordinates": [ [ [ -39.3074734, -13.328996 ], [ -39.3073869, -13.3289961 ], [ -39.307387, -13.3290915 ], [ -39.3074735, -13.3290914 ], [ -39.3074734, -13.328996 ] ] ] } },
{ "type": "Feature", "properties": { "id_copa": 1330, "talhao": "T9" }, "geometry": { "type": "Polygon", "coordinates": [ [ [ -39.3076191, -13.3296042 ], [ -39.3075368, -13.3296043 ], [ -39.3075369, -13.3296914 ], [ -39.3076192, -13.3296913 ], [ -39.3076191, -13.3296042 ] ] ] } },
{ "type": "Feature", "properties": { "id_copa": 1349, "talhao": "T9" }, "geometry": { "type": "Polygon", "coordinates": [ [ [ -39.3076342, -13.330645 ], [ -39.3075456, -13.3306451 ], [ -39.3075458, -13.3307472 ], [ -39.3076343, -13.3307471 ], [ -39.3076342, -13.330645 ] ] ] } },
{ "type": "Feature", "properties": { "id_copa": 1370, "talhao": "T9" }, "geometry": { "type": "Polygon", "coordinates": [ [ [ -39.3081698, -13.3297191 ], [ -39.3081003, -13.3297191 ], [ -39.3081004, -13.3297822 ], [ -39.3081699, -13.3297822 ], [ -39.3081698, -13.3297191 ] ] ] } },
{ "type": "Feature", "properties": { "id_copa": 1384, "talhao": "T9" }, "geometry": { "type": "Polygon", "coordinates": [ [ [ -39.3078369, -13.3302688 ], [ -39.3077676, -13.3302689 ], [ -39.3077677, -13.3303378 ], [ -39.3078369, -13.3303377 ], [ -39.3078369, -13.3302688 ] ] ] } },
{ "type": "Feature", "properties": { "id_copa": 1393, "talhao": "T9" }, "geometry": { "type": "Polygon", "coordinates": [ [ [ -39.3069933, -13.3299695 ], [ -39.3069337, -13.3299695 ], [ -39.3069338, -13.3300358 ], [ -39.3069934, -13.3300357 ], [ -39.3069933, -13.3299695 ] ] ] } },
{ "type": "Feature", "properties": { "id_copa": 1427, "talhao": "T9" }, "geometry": { "type": "Polygon", "coordinates": [ [ [ -39.3068347, -13.3294874 ], [ -39.3067775, -13.3294875 ], [ -39.3067776, -13.3295439 ], [ -39.3068347, -13.3295439 ], [ -39.3068347, -13.3294874 ] ] ] } },
{ "type": "Feature", "properties": { "id_copa": 1431, "talhao": "T9" }, "geometry": { "type": "Polygon", "coordinates": [ [ [ -39.3074827, -13.3299813 ], [ -39.3074287, -13.3299813 ], [ -39.3074287, -13.3300345 ], [ -39.3074828, -13.3300345 ], [ -39.3074827, -13.3299813 ] ] ] } },
{ "type": "Feature", "properties": { "id_copa": 1432, "talhao": "T9" }, "geometry": { "type": "Polygon", "coordinates": [ [ [ -39.3073661, -13.3308517 ], [ -39.3073159, -13.3308517 ], [ -39.3073159, -13.330894 ], [ -39.3073661, -13.3308939 ], [ -39.3073661, -13.3308517 ] ] ] } },
{ "type": "Feature", "properties": { "id_copa": 1443, "talhao": "T9" }, "geometry": { "type": "Polygon", "coordinates": [ [ [ -39.3070419, -13.3299822 ], [ -39.3069849, -13.3299823 ], [ -39.3069849, -13.3300373 ], [ -39.307042, -13.3300372 ], [ -39.3070419, -13.3299822 ] ] ] } },
{ "type": "Feature", "properties": { "id_copa": 1445, "talhao": "T9" }, "geometry": { "type": "Polygon", "coordinates": [ [ [ -39.3068911, -13.3299752 ], [ -39.3068559, -13.3299752 ], [ -39.306856, -13.3300164 ], [ -39.3068912, -13.3300164 ], [ -39.3068911, -13.3299752 ] ] ] } },
{ "type": "Feature", "properties": { "id_copa": 1447, "talhao": "T9" }, "geometry": { "type": "Polygon", "coordinates": [ [ [ -39.3073799, -13.3286054 ], [ -39.3073022, -13.3286055 ], [ -39.3073023, -13.3286602 ], [ -39.30738, -13.3286601 ], [ -39.3073799, -13.3286054 ] ] ] } },
{ "type": "Feature", "properties": { "id_copa": 1449, "talhao": "T9" }, "geometry": { "type": "Polygon", "coordinates": [ [ [ -39.3070334, -13.3292112 ], [ -39.3069557, -13.3292113 ], [ -39.3069557, -13.3292689 ], [ -39.3070335, -13.3292688 ], [ -39.3070334, -13.3292112 ] ] ] } },
{ "type": "Feature", "properties": { "id_copa": 1455, "talhao": "T9" }, "geometry": { "type": "Polygon", "coordinates": [ [ [ -39.3076663, -13.3289901 ], [ -39.3075949, -13.3289902 ], [ -39.3075949, -13.329059 ], [ -39.3076664, -13.3290589 ], [ -39.3076663, -13.3289901 ] ] ] } },
{ "type": "Feature", "properties": { "id_copa": 1461, "talhao": "T9" }, "geometry": { "type": "Polygon", "coordinates": [ [ [ -39.3069094, -13.3294401 ], [ -39.3068345, -13.3294402 ], [ -39.3068346, -13.3295238 ], [ -39.3069095, -13.3295237 ], [ -39.3069094, -13.3294401 ] ] ] } },
{ "type": "Feature", "properties": { "id_copa": 1462, "talhao": "T9" }, "geometry": { "type": "Polygon", "coordinates": [ [ [ -39.3071017, -13.3303755 ], [ -39.3070234, -13.3303755 ], [ -39.3070235, -13.3304525 ], [ -39.3071018, -13.3304524 ], [ -39.3071017, -13.3303755 ] ] ] } },
{ "type": "Feature", "properties": { "id_copa": 1470, "talhao": "T9" }, "geometry": { "type": "Polygon", "coordinates": [ [ [ -39.3072379, -13.3291653 ], [ -39.3071524, -13.3291654 ], [ -39.3071525, -13.3292449 ], [ -39.307238, -13.3292448 ], [ -39.3072379, -13.3291653 ] ] ] } },
{ "type": "Feature", "properties": { "id_copa": 1482, "talhao": "T9" }, "geometry": { "type": "Polygon", "coordinates": [ [ [ -39.3078507, -13.3281957 ], [ -39.3078, -13.3281957 ], [ -39.3078, -13.328255 ], [ -39.3078508, -13.3282549 ], [ -39.3078507, -13.3281957 ] ] ] } },
{ "type": "Feature", "properties": { "id_copa": 1490, "talhao": "T9" }, "geometry": { "type": "Polygon", "coordinates": [ [ [ -39.306962, -13.3300618 ], [ -39.3069174, -13.3300618 ], [ -39.3069175, -13.3301101 ], [ -39.306962, -13.3301101 ], [ -39.306962, -13.3300618 ] ] ] } },
{ "type": "Feature", "properties": { "id_copa": 1497, "talhao": "T9" }, "geometry": { "type": "Polygon", "coordinates": [ [ [ -39.3070013, -13.3301929 ], [ -39.3069569, -13.330193 ], [ -39.3069569, -13.3302367 ], [ -39.3070014, -13.3302366 ], [ -39.3070013, -13.3301929 ] ] ] } },
{ "type": "Feature", "properties": { "id_copa": 1512, "talhao": "T9" }, "geometry": { "type": "Polygon", "coordinates": [ [ [ -39.3077818, -13.3286443 ], [ -39.3077177, -13.3286444 ], [ -39.3077178, -13.3287145 ], [ -39.3077818, -13.3287145 ], [ -39.3077818, -13.3286443 ] ] ] } },
{ "type": "Feature", "properties": { "id_copa": 1513, "talhao": "T9" }, "geometry": { "type": "Polygon", "coordinates": [ [ [ -39.3069285, -13.3299118 ], [ -39.3068887, -13.3299118 ], [ -39.3068888, -13.3299544 ], [ -39.3069286, -13.3299544 ], [ -39.3069285, -13.3299118 ] ] ] } },
{ "type": "Feature", "properties": { "id_copa": 1527, "talhao": "T9" }, "geometry": { "type": "Polygon", "coordinates": [ [ [ -39.3078558, -13.3293875 ], [ -39.3077926, -13.3293876 ], [ -39.3077926, -13.329448 ], [ -39.3078559, -13.3294479 ], [ -39.3078558, -13.3293875 ] ] ] } },
{ "type": "Feature", "properties": { "id_copa": 1528, "talhao": "T9" }, "geometry": { "type": "Polygon", "coordinates": [ [ [ -39.3071786, -13.3309153 ], [ -39.3071082, -13.3309153 ], [ -39.3071083, -13.3309898 ], [ -39.3071787, -13.3309898 ], [ -39.3071786, -13.3309153 ] ] ] } },
{ "type": "Feature", "properties": { "id_copa": 1543, "talhao": "T9" }, "geometry": { "type": "Polygon", "coordinates": [ [ [ -39.3067713, -13.3298109 ], [ -39.3067167, -13.3298109 ], [ -39.3067168, -13.3298603 ], [ -39.3067714, -13.3298603 ], [ -39.3067713, -13.3298109 ] ] ] } },
{ "type": "Feature", "properties": { "id_copa": 1583, "talhao": "T9" }, "geometry": { "type": "Polygon", "coordinates": [ [ [ -39.3068556, -13.3299759 ], [ -39.3068021, -13.3299759 ], [ -39.3068021, -13.3300263 ], [ -39.3068557, -13.3300262 ], [ -39.3068556, -13.3299759 ] ] ] } },
{ "type": "Feature", "properties": { "id_copa": 1588, "talhao": "T9" }, "geometry": { "type": "Polygon", "coordinates": [ [ [ -39.3070869, -13.3296739 ], [ -39.3070147, -13.329674 ], [ -39.3070148, -13.3297542 ], [ -39.307087, -13.3297541 ], [ -39.3070869, -13.3296739 ] ] ] } },
{ "type": "Feature", "properties": { "id_copa": 1594, "talhao": "T9" }, "geometry": { "type": "Polygon", "coordinates": [ [ [ -39.3078449, -13.3281014 ], [ -39.3077898, -13.3281015 ], [ -39.3077899, -13.3281658 ], [ -39.3078449, -13.3281658 ], [ -39.3078449, -13.3281014 ] ] ] } },
{ "type": "Feature", "properties": { "id_copa": 1599, "talhao": "T9" }, "geometry": { "type": "Polygon", "coordinates": [ [ [ -39.3083176, -13.3298336 ], [ -39.308261, -13.3298337 ], [ -39.3082611, -13.3298881 ], [ -39.3083177, -13.329888 ], [ -39.3083176, -13.3298336 ] ] ] } },
{ "type": "Feature", "properties": { "id_copa": 1602, "talhao": "T9" }, "geometry": { "type": "Polygon", "coordinates": [ [ [ -39.3074294, -13.3290739 ], [ -39.3073668, -13.329074 ], [ -39.3073669, -13.3291262 ], [ -39.3074294, -13.3291262 ], [ -39.3074294, -13.3290739 ] ] ] } },
{ "type": "Feature", "properties": { "id_copa": 1611, "talhao": "T9" }, "geometry": { "type": "Polygon", "coordinates": [ [ [ -39.3069317, -13.3297921 ], [ -39.3068205, -13.3297922 ], [ -39.3068206, -13.3298645 ], [ -39.3069317, -13.3298643 ], [ -39.3069317, -13.3297921 ] ] ] } },
{ "type": "Feature", "properties": { "id_copa": 1619, "talhao": "T9" }, "geometry": { "type": "Polygon", "coordinates": [ [ [ -39.3074359, -13.328572 ], [ -39.3073695, -13.328572 ], [ -39.3073696, -13.3286405 ], [ -39.307436, -13.3286404 ], [ -39.3074359, -13.328572 ] ] ] } },
{ "type": "Feature", "properties": { "id_copa": 1628, "talhao": "T9" }, "geometry": { "type": "Polygon", "coordinates": [ [ [ -39.3071051, -13.3302532 ], [ -39.3070598, -13.3302533 ], [ -39.3070599, -13.3303015 ], [ -39.3071052, -13.3303015 ], [ -39.3071051, -13.3302532 ] ] ] } },
{ "type": "Feature", "properties": { "id_copa": 1629, "talhao": "T9" }, "geometry": { "type": "Polygon", "coordinates": [ [ [ -39.3066312, -13.3298273 ], [ -39.3065725, -13.3298274 ], [ -39.3065726, -13.3299091 ], [ -39.3066314, -13.329909 ], [ -39.3066312, -13.3298273 ] ] ] } },
{ "type": "Feature", "properties": { "id_copa": 1632, "talhao": "T9" }, "geometry": { "type": "Polygon", "coordinates": [ [ [ -39.3073052, -13.3299193 ], [ -39.3072361, -13.3299194 ], [ -39.3072362, -13.3299879 ], [ -39.3073053, -13.3299879 ], [ -39.3073052, -13.3299193 ] ] ] } },
{ "type": "Feature", "properties": { "id_copa": 1641, "talhao": "T9" }, "geometry": { "type": "Polygon", "coordinates": [ [ [ -39.3074502, -13.3307685 ], [ -39.3073858, -13.3307686 ], [ -39.3073859, -13.3308142 ], [ -39.3074503, -13.3308141 ], [ -39.3074502, -13.3307685 ] ] ] } },
{ "type": "Feature", "properties": { "id_copa": 1649, "talhao": "T9" }, "geometry": { "type": "Polygon", "coordinates": [ [ [ -39.3076759, -13.3282397 ], [ -39.3075951, -13.3282398 ], [ -39.3075952, -13.3283025 ], [ -39.307676, -13.3283024 ], [ -39.3076759, -13.3282397 ] ] ] } },
{ "type": "Feature", "properties": { "id_copa": 1653, "talhao": "T9" }, "geometry": { "type": "Polygon", "coordinates": [ [ [ -39.3079665, -13.3286697 ], [ -39.3078624, -13.3286698 ], [ -39.3078625, -13.3287655 ], [ -39.3079667, -13.3287653 ], [ -39.3079665, -13.3286697 ] ] ] } },
{ "type": "Feature", "properties": { "id_copa": 1668, "talhao": "T9" }, "geometry": { "type": "Polygon", "coordinates": [ [ [ -39.3072053, -13.3304373 ], [ -39.3071312, -13.3304374 ], [ -39.3071313, -13.3305059 ], [ -39.3072054, -13.3305058 ], [ -39.3072053, -13.3304373 ] ] ] } },
{ "type": "Feature", "properties": { "id_copa": 1674, "talhao": "T9" }, "geometry": { "type": "Polygon", "coordinates": [ [ [ -39.3069467, -13.3298687 ], [ -39.3069094, -13.3298687 ], [ -39.3069095, -13.3299129 ], [ -39.3069468, -13.3299129 ], [ -39.3069467, -13.3298687 ] ] ] } },
{ "type": "Feature", "properties": { "id_copa": 1688, "talhao": "T9" }, "geometry": { "type": "Polygon", "coordinates": [ [ [ -39.3077354, -13.3283424 ], [ -39.3076741, -13.3283424 ], [ -39.3076742, -13.32842 ], [ -39.3077355, -13.3284199 ], [ -39.3077354, -13.3283424 ] ] ] } },
{ "type": "Feature", "properties": { "id_copa": 1699, "talhao": "T9" }, "geometry": { "type": "Polygon", "coordinates": [ [ [ -39.3070936, -13.3306357 ], [ -39.3070469, -13.3306357 ], [ -39.307047, -13.3306714 ], [ -39.3070936, -13.3306714 ], [ -39.3070936, -13.3306357 ] ] ] } },
{ "type": "Feature", "properties": { "id_copa": 1703, "talhao": "T9" }, "geometry": { "type": "Polygon", "coordinates": [ [ [ -39.3075561, -13.3292457 ], [ -39.3075037, -13.3292458 ], [ -39.3075038, -13.3293059 ], [ -39.3075561, -13.3293059 ], [ -39.3075561, -13.3292457 ] ] ] } },
{ "type": "Feature", "properties": { "id_copa": 1711, "talhao": "T9" }, "geometry": { "type": "Polygon", "coordinates": [ [ [ -39.3072833, -13.330831 ], [ -39.3072661, -13.330831 ], [ -39.3072661, -13.3308466 ], [ -39.3072834, -13.3308466 ], [ -39.3072833, -13.330831 ] ] ] } },
{ "type": "Feature", "properties": { "id_copa": 1728, "talhao": "T9" }, "geometry": { "type": "Polygon", "coordinates": [ [ [ -39.3082283, -13.3290619 ], [ -39.3081459, -13.329062 ], [ -39.308146, -13.3291468 ], [ -39.3082284, -13.3291467 ], [ -39.3082283, -13.3290619 ] ] ] } },
{ "type": "Feature", "properties": { "id_copa": 1739, "talhao": "T9" }, "geometry": { "type": "Polygon", "coordinates": [ [ [ -39.3069887, -13.3294896 ], [ -39.3069298, -13.3294897 ], [ -39.3069298, -13.3295479 ], [ -39.3069888, -13.3295478 ], [ -39.3069887, -13.3294896 ] ] ] } },
{ "type": "Feature", "properties": { "id_copa": 1744, "talhao": "T9" }, "geometry": { "type": "Polygon", "coordinates": [ [ [ -39.3077293, -13.3293484 ], [ -39.3076447, -13.3293485 ], [ -39.3076448, -13.3294134 ], [ -39.3077293, -13.3294133 ], [ -39.3077293, -13.3293484 ] ] ] } },
{ "type": "Feature", "properties": { "id_copa": 1747, "talhao": "T9" }, "geometry": { "type": "Polygon", "coordinates": [ [ [ -39.3077946, -13.3287501 ], [ -39.3077016, -13.3287502 ], [ -39.3077017, -13.3288661 ], [ -39.3077947, -13.328866 ], [ -39.3077946, -13.3287501 ] ] ] } },
{ "type": "Feature", "properties": { "id_copa": 1750, "talhao": "T9" }, "geometry": { "type": "Polygon", "coordinates": [ [ [ -39.3077282, -13.3281729 ], [ -39.3076818, -13.328173 ], [ -39.3076819, -13.3282168 ], [ -39.3077283, -13.3282168 ], [ -39.3077282, -13.3281729 ] ] ] } },
{ "type": "Feature", "properties": { "id_copa": 1764, "talhao": "T9" }, "geometry": { "type": "Polygon", "coordinates": [ [ [ -39.3072323, -13.3299766 ], [ -39.3071782, -13.3299767 ], [ -39.3071783, -13.3300333 ], [ -39.3072324, -13.3300332 ], [ -39.3072323, -13.3299766 ] ] ] } },
{ "type": "Feature", "properties": { "id_copa": 1800, "talhao": "T9" }, "geometry": { "type": "Polygon", "coordinates": [ [ [ -39.3070503, -13.3292792 ], [ -39.3069805, -13.3292793 ], [ -39.3069806, -13.3293701 ], [ -39.3070505, -13.32937 ], [ -39.3070503, -13.3292792 ] ] ] } },
{ "type": "Feature", "properties": { "id_copa": 1806, "talhao": "T9" }, "geometry": { "type": "Polygon", "coordinates": [ [ [ -39.3076448, -13.3294311 ], [ -39.3075793, -13.3294311 ], [ -39.3075794, -13.3295048 ], [ -39.3076449, -13.3295047 ], [ -39.3076448, -13.3294311 ] ] ] } },
{ "type": "Feature", "properties": { "id_copa": 1818, "talhao": "T9" }, "geometry": { "type": "Polygon", "coordinates": [ [ [ -39.3076306, -13.3307517 ], [ -39.3075721, -13.3307517 ], [ -39.3075721, -13.3308034 ], [ -39.3076306, -13.3308033 ], [ -39.3076306, -13.3307517 ] ] ] } },
{ "type": "Feature", "properties": { "id_copa": 1821, "talhao": "T9" }, "geometry": { "type": "Polygon", "coordinates": [ [ [ -39.3069838, -13.3308143 ], [ -39.3069409, -13.3308143 ], [ -39.306941, -13.3308617 ], [ -39.3069839, -13.3308616 ], [ -39.3069838, -13.3308143 ] ] ] } },
{ "type": "Feature", "properties": { "id_copa": 1828, "talhao": "T9" }, "geometry": { "type": "Polygon", "coordinates": [ [ [ -39.3079618, -13.3287611 ], [ -39.3078324, -13.3287613 ], [ -39.3078326, -13.3288633 ], [ -39.307962, -13.3288632 ], [ -39.3079618, -13.3287611 ] ] ] } },
{ "type": "Feature", "properties": { "id_copa": 1838, "talhao": "T9" }, "geometry": { "type": "Polygon", "coordinates": [ [ [ -39.3074999, -13.3300407 ], [ -39.307442, -13.3300407 ], [ -39.3074421, -13.3301004 ], [ -39.3075, -13.3301004 ], [ -39.3074999, -13.3300407 ] ] ] } },
{ "type": "Feature", "properties": { "id_copa": 1850, "talhao": "T9" }, "geometry": { "type": "Polygon", "coordinates": [ [ [ -39.3071871, -13.3300256 ], [ -39.3071254, -13.3300257 ], [ -39.3071254, -13.3300841 ], [ -39.3071872, -13.330084 ], [ -39.3071871, -13.3300256 ] ] ] } },
{ "type": "Feature", "properties": { "id_copa": 1877, "talhao": "T9" }, "geometry": { "type": "Polygon", "coordinates": [ [ [ -39.307573, -13.330774 ], [ -39.3075288, -13.330774 ], [ -39.3075289, -13.3308289 ], [ -39.3075731, -13.3308289 ], [ -39.307573, -13.330774 ] ] ] } },
{ "type": "Feature", "properties": { "id_copa": 1886, "talhao": "T9" }, "geometry": { "type": "Polygon", "coordinates": [ [ [ -39.3069085, -13.3289771 ], [ -39.3068496, -13.3289772 ], [ -39.3068496, -13.3290472 ], [ -39.3069085, -13.3290471 ], [ -39.3069085, -13.3289771 ] ] ] } }
]
}
