{
"type": "FeatureCollection",
"name": "copas_centroides",
"crs": { "type": "name", "properties": { "name": "urn:ogc:def:crs:OGC:1.3:CRS84" } },
"xy_coordinate_resolution": 1e-07,
"features": [
{ "type": "Feature", "properties": { "id_copa": 33, "talhao": "AP3" }, "geometry": { "type": "Point", "coordinates": [ -39.308075, -13.3300203 ] } },
{ "type": "Feature", "properties": { "id_copa": 384, "talhao": "AP3" }, "geometry": { "type": "Point", "coordinates": [ -39.3079902, -13.3299871 ] } },
{ "type": "Feature", "properties": { "id_copa": 456, "talhao": "AP3" }, "geometry": { "type": "Point", "coordinates": [ -39.3079878, -13.33019 ] } },
{ "type": "Feature", "properties": { "id_copa": 485, "talhao": "AP3" }, "geometry": { "type": "Point", "coordinates": [ -39.3076541, -13.330832 ] } },
{ "type": "Feature", "properties": { "id_copa": 717, "talhao": "AP3" }, "geometry": { "type": "Point", "coordinates": [ -39.3080064, -13.330124 ] } },
{ "type": "Feature", "properties": { "id_copa": 1729, "talhao": "AP3" }, "geometry": { "type": "Point", "coordinates": [ -39.3077172, -13.3308204 ] } },
{ "type": "Feature", "properties": { "id_copa": 31, "talhao": "C1" }, "geometry": { "type": "Point", "coordinates": [ -39.3117272, -13.3337443 ] } },
{ "type": "Feature", "properties": { "id_copa": 704, "talhao": "C1" }, "geometry": { "type": "Point", "coordinates": [ -39.3120959, -13.3329546 ] } },
{ "type": "Feature", "properties": { "id_copa": 1164, "talhao": "C1" }, "geometry": { "type": "Point", "coordinates": [ -39.3114537, -13.3337435 ] } },
{ "type": "Feature", "properties": { "id_copa": 570, "talhao": "C2a" }, "geometry": { "type": "Point", "coordinates": [ -39.3128914, -13.332001 ] } },
{ "type": "Feature", "properties": { "id_copa": 12, "talhao": "C2b" }, "geometry": { "type": "Point", "coordinates": [ -39.3125845, -13.3318744 ] } },
{ "type": "Feature", "properties": { "id_copa": 754, "talhao": "C2b" }, "geometry": { "type": "Point", "coordinates": [ -39.3124735, -13.3318017 ] } },
{ "type": "Feature", "properties": { "id_copa": 1312, "talhao": "C2b" }, "geometry": { "type": "Point", "coordinates": [ -39.3126749, -13.3319812 ] } },
{ "type": "Feature", "properties": { "id_copa": 1331, "talhao": "C2b" }, "geometry": { "type": "Point", "coordinates": [ -39.3125101, -13.3314413 ] } },
{ "type": "Feature", "properties": { "id_copa": 1471, "talhao": "C2b" }, "geometry": { "type": "Point", "coordinates": [ -39.3124276, -13.3315847 ] } },
{ "type": "Feature", "properties": { "id_copa": 1503, "talhao": "C2b" }, "geometry": { "type": "Point", "coordinates": [ -39.3127483, -13.3319701 ] } },
{ "type": "Feature", "properties": { "id_copa": 1575, "talhao": "C2b" }, "geometry": { "type": "Point", "coordinates": [ -39.3123882, -13.3318071 ] } },
{ "type": "Feature", "properties": { "id_copa": 1718, "talhao": "C2b" }, "geometry": { "type": "Point", "coordinates": [ -39.3125901, -13.3314756 ] } },
{ "type": "Feature", "properties": { "id_copa": 1811, "talhao": "C4" }, "geometry": { "type": "Point", "coordinates": [ -39.3051818, -13.3250221 ] } },
{ "type": "Feature", "properties": { "id_copa": 431, "talhao": "C5" }, "geometry": { "type": "Point", "coordinates": [ -39.3082198, -13.3273896 ] } },
{ "type": "Feature", "properties": { "id_copa": 546, "talhao": "C5" }, "geometry": { "type": "Point", "coordinates": [ -39.3082582, -13.3278755 ] } },
{ "type": "Feature", "properties": { "id_copa": 578, "talhao": "C5" }, "geometry": { "type": "Point", "coordinates": [ -39.3082354, -13.3284925 ] } },
{ "type": "Feature", "properties": { "id_copa": 810, "talhao": "C5" }, "geometry": { "type": "Point", "coordinates": [ -39.3082967, -13.3287056 ] } },
{ "type": "Feature", "properties": { "id_copa": 818, "talhao": "C5" }, "geometry": { "type": "Point", "coordinates": [ -39.3082061, -13.3275734 ] } },
{ "type": "Feature", "properties": { "id_copa": 1092, "talhao": "C5" }, "geometry": { "type": "Point", "coordinates": [ -39.3081037, -13.3270251 ] } },
{ "type": "Feature", "properties": { "id_copa": 1722, "talhao": "C5" }, "geometry": { "type": "Point", "coordinates": [ -39.3083253, -13.3285923 ] } },
{ "type": "Feature", "properties": { "id_copa": 1797, "talhao": "C5" }, "geometry": { "type": "Point", "coordinates": [ -39.3084062, -13.3281999 ] } },
{ "type": "Feature", "properties": { "id_copa": 145, "talhao": "Laranjal" }, "geometry": { "type": "Point", "coordinates": [ -39.3109948, -13.332366 ] } },
{ "type": "Feature", "properties": { "id_copa": 170, "talhao": "Laranjal" }, "geometry": { "type": "Point", "coordinates": [ -39.3107235, -13.3326396 ] } },
{ "type": "Feature", "properties": { "id_copa": 182, "talhao": "Laranjal" }, "geometry": { "type": "Point", "coordinates": [ -39.3108406, -13.3327564 ] } },
{ "type": "Feature", "properties": { "id_copa": 319, "talhao": "Laranjal" }, "geometry": { "type": "Point", "coordinates": [ -39.3106712, -13.3325063 ] } },
{ "type": "Feature", "properties": { "id_copa": 363, "talhao": "Laranjal" }, "geometry": { "type": "Point", "coordinates": [ -39.3108346, -13.3325524 ] } },
{ "type": "Feature", "properties": { "id_copa": 613, "talhao": "Laranjal" }, "geometry": { "type": "Point", "coordinates": [ -39.310843, -13.3324529 ] } },
{ "type": "Feature", "properties": { "id_copa": 845, "talhao": "Laranjal" }, "geometry": { "type": "Point", "coordinates": [ -39.3112126, -13.332463 ] } },
{ "type": "Feature", "properties": { "id_copa": 865, "talhao": "Laranjal" }, "geometry": { "type": "Point", "coordinates": [ -39.3109604, -13.3325229 ] } },
{ "type": "Feature", "properties": { "id_copa": 885, "talhao": "Laranjal" }, "geometry": { "type": "Point", "coordinates": [ -39.3107476, -13.3327427 ] } },
{ "type": "Feature", "properties": { "id_copa": 894, "talhao": "Laranjal" }, "geometry": { "type": "Point", "coordinates": [ -39.3111387, -13.3323412 ] } },
{ "type": "Feature", "properties": { "id_copa": 899, "talhao": "Laranjal" }, "geometry": { "type": "Point", "coordinates": [ -39.3109395, -13.3327146 ] } },
{ "type": "Feature", "properties": { "id_copa": 957, "talhao": "Laranjal" }, "geometry": { "type": "Point", "coordinates": [ -39.3108937, -13.3323232 ] } },
{ "type": "Feature", "properties": { "id_copa": 998, "talhao": "Laranjal" }, "geometry": { "type": "Point", "coordinates": [ -39.3110408, -13.3326502 ] } },
{ "type": "Feature", "properties": { "id_copa": 1107, "talhao": "Laranjal" }, "geometry": { "type": "Point", "coordinates": [ -39.3111961, -13.3321783 ] } },
{ "type": "Feature", "properties": { "id_copa": 1145, "talhao": "Laranjal" }, "geometry": { "type": "Point", "coordinates": [ -39.3110763, -13.3320424 ] } },
{ "type": "Feature", "properties": { "id_copa": 1182, "talhao": "Laranjal" }, "geometry": { "type": "Point", "coordinates": [ -39.3111553, -13.3326526 ] } },
{ "type": "Feature", "properties": { "id_copa": 1206, "talhao": "Laranjal" }, "geometry": { "type": "Point", "coordinates": [ -39.3110847, -13.3324316 ] } },
{ "type": "Feature", "properties": { "id_copa": 1216, "talhao": "Laranjal" }, "geometry": { "type": "Point", "coordinates": [ -39.3110943, -13.332193 ] } },
{ "type": "Feature", "properties": { "id_copa": 1266, "talhao": "Laranjal" }, "geometry": { "type": "Point", "coordinates": [ -39.3111957, -13.3325531 ] } },
{ "type": "Feature", "properties": { "id_copa": 1277, "talhao": "Laranjal" }, "geometry": { "type": "Point", "coordinates": [ -39.3111261, -13.3322675 ] } },
{ "type": "Feature", "properties": { "id_copa": 1280, "talhao": "Laranjal" }, "geometry": { "type": "Point", "coordinates": [ -39.3111394, -13.3325931 ] } },
{ "type": "Feature", "properties": { "id_copa": 1281, "talhao": "Laranjal" }, "geometry": { "type": "Point", "coordinates": [ -39.3110611, -13.3324878 ] } },
{ "type": "Feature", "properties": { "id_copa": 1301, "talhao": "Laranjal" }, "geometry": { "type": "Point", "coordinates": [ -39.3111328, -13.3321488 ] } },
{ "type": "Feature", "properties": { "id_copa": 1307, "talhao": "Laranjal" }, "geometry": { "type": "Point", "coordinates": [ -39.3112098, -13.332319 ] } },
{ "type": "Feature", "properties": { "id_copa": 1358, "talhao": "Laranjal" }, "geometry": { "type": "Point", "coordinates": [ -39.3109371, -13.3322654 ] } },
{ "type": "Feature", "properties": { "id_copa": 1361, "talhao": "Laranjal" }, "geometry": { "type": "Point", "coordinates": [ -39.3110101, -13.3324404 ] } },
{ "type": "Feature", "properties": { "id_copa": 1410, "talhao": "Laranjal" }, "geometry": { "type": "Point", "coordinates": [ -39.3113348, -13.3324275 ] } },
{ "type": "Feature", "properties": { "id_copa": 1469, "talhao": "Laranjal" }, "geometry": { "type": "Point", "coordinates": [ -39.3110546, -13.3322806 ] } },
{ "type": "Feature", "properties": { "id_copa": 1552, "talhao": "Laranjal" }, "geometry": { "type": "Point", "coordinates": [ -39.3111748, -13.3320695 ] } },
{ "type": "Feature", "properties": { "id_copa": 1555, "talhao": "Laranjal" }, "geometry": { "type": "Point", "coordinates": [ -39.3112268, -13.3323866 ] } },
{ "type": "Feature", "properties": { "id_copa": 1589, "talhao": "Laranjal" }, "geometry": { "type": "Point", "coordinates": [ -39.3112612, -13.3322422 ] } },
{ "type": "Feature", "properties": { "id_copa": 1680, "talhao": "Laranjal" }, "geometry": { "type": "Point", "coordinates": [ -39.3108013, -13.3326387 ] } },
{ "type": "Feature", "properties": { "id_copa": 1681, "talhao": "Laranjal" }, "geometry": { "type": "Point", "coordinates": [ -39.3106871, -13.3327006 ] } },
{ "type": "Feature", "properties": { "id_copa": 1692, "talhao": "Laranjal" }, "geometry": { "type": "Point", "coordinates": [ -39.3114268, -13.3324254 ] } },
{ "type": "Feature", "properties": { "id_copa": 1767, "talhao": "Laranjal" }, "geometry": { "type": "Point", "coordinates": [ -39.3106008, -13.3327875 ] } },
{ "type": "Feature", "properties": { "id_copa": 1808, "talhao": "Laranjal" }, "geometry": { "type": "Point", "coordinates": [ -39.3111445, -13.3324109 ] } },
{ "type": "Feature", "properties": { "id_copa": 1813, "talhao": "Laranjal" }, "geometry": { "type": "Point", "coordinates": [ -39.3115173, -13.3322679 ] } },
{ "type": "Feature", "properties": { "id_copa": 1864, "talhao": "Laranjal" }, "geometry": { "type": "Point", "coordinates": [ -39.31101, -13.3319852 ] } },
{ "type": "Feature", "properties": { "id_copa": 395, "talhao": "Lieta" }, "geometry": { "type": "Point", "coordinates": [ -39.3088836, -13.3254675 ] } },
{ "type": "Feature", "properties": { "id_copa": 1323, "talhao": "Lieta" }, "geometry": { "type": "Point", "coordinates": [ -39.3089532, -13.324884 ] } },
{ "type": "Feature", "properties": { "id_copa": 690, "talhao": "Pasto" }, "geometry": { "type": "Point", "coordinates": [ -39.3108148, -13.3318573 ] } },
{ "type": "Feature", "properties": { "id_copa": 738, "talhao": "Pasto" }, "geometry": { "type": "Point", "coordinates": [ -39.3108964, -13.3315805 ] } },
{ "type": "Feature", "properties": { "id_copa": 840, "talhao": "Pasto" }, "geometry": { "type": "Point", "coordinates": [ -39.3109059, -13.3317091 ] } },
{ "type": "Feature", "properties": { "id_copa": 863, "talhao": "Pasto" }, "geometry": { "type": "Point", "coordinates": [ -39.3107231, -13.3317151 ] } },
{ "type": "Feature", "properties": { "id_copa": 940, "talhao": "Pasto" }, "geometry": { "type": "Point", "coordinates": [ -39.3107421, -13.3314427 ] } },
{ "type": "Feature", "properties": { "id_copa": 1001, "talhao": "Pasto" }, "geometry": { "type": "Point", "coordinates": [ -39.3107391, -13.331567 ] } },
{ "type": "Feature", "properties": { "id_copa": 1052, "talhao": "Pasto" }, "geometry": { "type": "Point", "coordinates": [ -39.3108194, -13.3315797 ] } },
{ "type": "Feature", "properties": { "id_copa": 1075, "talhao": "Pasto" }, "geometry": { "type": "Point", "coordinates": [ -39.3108027, -13.3317461 ] } },
{ "type": "Feature", "properties": { "id_copa": 1076, "talhao": "Pasto" }, "geometry": { "type": "Point", "coordinates": [ -39.3109755, -13.3316536 ] } },
{ "type": "Feature", "properties": { "id_copa": 1306, "talhao": "Pasto" }, "geometry": { "type": "Point", "coordinates": [ -39.3106317, -13.3317062 ] } },
{ "type": "Feature", "properties": { "id_copa": 1341, "talhao": "Pasto" }, "geometry": { "type": "Point", "coordinates": [ -39.3108264, -13.3316847 ] } },
{ "type": "Feature", "properties": { "id_copa": 1355, "talhao": "Pasto" }, "geometry": { "type": "Point", "coordinates": [ -39.3109819, -13.3317617 ] } },
{ "type": "Feature", "properties": { "id_copa": 1554, "talhao": "Pasto" }, "geometry": { "type": "Point", "coordinates": [ -39.3108414, -13.3319297 ] } },
{ "type": "Feature", "properties": { "id_copa": 1679, "talhao": "Pasto" }, "geometry": { "type": "Point", "coordinates": [ -39.3110756, -13.3316193 ] } },
{ "type": "Feature", "properties": { "id_copa": 1756, "talhao": "Pasto" }, "geometry": { "type": "Point", "coordinates": [ -39.3110256, -13.3317108 ] } },
{ "type": "Feature", "properties": { "id_copa": 1759, "talhao": "Pasto" }, "geometry": { "type": "Point", "coordinates": [ -39.3108016, -13.3315164 ] } },
{ "type": "Feature", "properties": { "id_copa": 1860, "talhao": "Pasto" }, "geometry": { "type": "Point", "coordinates": [ -39.3108478, -13.3316233 ] } },
{ "type": "Feature", "properties": { "id_copa": 1, "talhao": "T10" }, "geometry": { "type": "Point", "coordinates": [ -39.3067851, -13.3277719 ] } },
{ "type": "Feature", "properties": { "id_copa": 6, "talhao": "T10" }, "geometry": { "type": "Point", "coordinates": [ -39.3066386, -13.3271908 ] } },
{ "type": "Feature", "properties": { "id_copa": 42, "talhao": "T10" }, "geometry": { "type": "Point", "coordinates": [ -39.3072008, -13.3272985 ] } },
{ "type": "Feature", "properties": { "id_copa": 65, "talhao": "T10" }, "geometry": { "type": "Point", "coordinates": [ -39.306807, -13.3280589 ] } },
{ "type": "Feature", "properties": { "id_copa": 68, "talhao": "T10" }, "geometry": { "type": "Point", "coordinates": [ -39.3076364, -13.3278979 ] } },
{ "type": "Feature", "properties": { "id_copa": 76, "talhao": "T10" }, "geometry": { "type": "Point", "coordinates": [ -39.307371, -13.3283644 ] } },
{ "type": "Feature", "properties": { "id_copa": 83, "talhao": "T10" }, "geometry": { "type": "Point", "coordinates": [ -39.3073793, -13.3284379 ] } },
{ "type": "Feature", "properties": { "id_copa": 102, "talhao": "T10" }, "geometry": { "type": "Point", "coordinates": [ -39.3067155, -13.3281851 ] } },
{ "type": "Feature", "properties": { "id_copa": 107, "talhao": "T10" }, "geometry": { "type": "Point", "coordinates": [ -39.3071272, -13.3280041 ] } },
{ "type": "Feature", "properties": { "id_copa": 121, "talhao": "T10" }, "geometry": { "type": "Point", "coordinates": [ -39.3066439, -13.3273267 ] } },
{ "type": "Feature", "properties": { "id_copa": 180, "talhao": "T10" }, "geometry": { "type": "Point", "coordinates": [ -39.3072634, -13.3278618 ] } },
{ "type": "Feature", "properties": { "id_copa": 184, "talhao": "T10" }, "geometry": { "type": "Point", "coordinates": [ -39.3066119, -13.3273768 ] } },
{ "type": "Feature", "properties": { "id_copa": 214, "talhao": "T10" }, "geometry": { "type": "Point", "coordinates": [ -39.3066387, -13.3271226 ] } },
{ "type": "Feature", "properties": { "id_copa": 233, "talhao": "T10" }, "geometry": { "type": "Point", "coordinates": [ -39.3072802, -13.3275988 ] } },
{ "type": "Feature", "properties": { "id_copa": 243, "talhao": "T10" }, "geometry": { "type": "Point", "coordinates": [ -39.3070703, -13.3282705 ] } },
{ "type": "Feature", "properties": { "id_copa": 263, "talhao": "T10" }, "geometry": { "type": "Point", "coordinates": [ -39.3072849, -13.328347 ] } },
{ "type": "Feature", "properties": { "id_copa": 309, "talhao": "T10" }, "geometry": { "type": "Point", "coordinates": [ -39.3065817, -13.3276427 ] } },
{ "type": "Feature", "properties": { "id_copa": 359, "talhao": "T10" }, "geometry": { "type": "Point", "coordinates": [ -39.3071385, -13.3284257 ] } },
{ "type": "Feature", "properties": { "id_copa": 362, "talhao": "T10" }, "geometry": { "type": "Point", "coordinates": [ -39.3068106, -13.3272404 ] } },
{ "type": "Feature", "properties": { "id_copa": 376, "talhao": "T10" }, "geometry": { "type": "Point", "coordinates": [ -39.3067209, -13.3276197 ] } },
{ "type": "Feature", "properties": { "id_copa": 482, "talhao": "T10" }, "geometry": { "type": "Point", "coordinates": [ -39.3067429, -13.3270762 ] } },
{ "type": "Feature", "properties": { "id_copa": 506, "talhao": "T10" }, "geometry": { "type": "Point", "coordinates": [ -39.3073409, -13.3275198 ] } },
{ "type": "Feature", "properties": { "id_copa": 521, "talhao": "T10" }, "geometry": { "type": "Point", "coordinates": [ -39.3071102, -13.3270574 ] } },
{ "type": "Feature", "properties": { "id_copa": 538, "talhao": "T10" }, "geometry": { "type": "Point", "coordinates": [ -39.3069757, -13.3284974 ] } },
{ "type": "Feature", "properties": { "id_copa": 548, "talhao": "T10" }, "geometry": { "type": "Point", "coordinates": [ -39.3064944, -13.3274756 ] } },
{ "type": "Feature", "properties": { "id_copa": 554, "talhao": "T10" }, "geometry": { "type": "Point", "coordinates": [ -39.3068425, -13.3284633 ] } },
{ "type": "Feature", "properties": { "id_copa": 619, "talhao": "T10" }, "geometry": { "type": "Point", "coordinates": [ -39.306882, -13.3279425 ] } },
{ "type": "Feature", "properties": { "id_copa": 626, "talhao": "T10" }, "geometry": { "type": "Point", "coordinates": [ -39.3065927, -13.3272467 ] } },
{ "type": "Feature", "properties": { "id_copa": 635, "talhao": "T10" }, "geometry": { "type": "Point", "coordinates": [ -39.3072073, -13.3283231 ] } },
{ "type": "Feature", "properties": { "id_copa": 654, "talhao": "T10" }, "geometry": { "type": "Point", "coordinates": [ -39.3072748, -13.3280571 ] } },
{ "type": "Feature", "properties": { "id_copa": 674, "talhao": "T10" }, "geometry": { "type": "Point", "coordinates": [ -39.3072546, -13.3272228 ] } },
{ "type": "Feature", "properties": { "id_copa": 677, "talhao": "T10" }, "geometry": { "type": "Point", "coordinates": [ -39.3066932, -13.3271405 ] } },
{ "type": "Feature", "properties": { "id_copa": 679, "talhao": "T10" }, "geometry": { "type": "Point", "coordinates": [ -39.30742, -13.3278988 ] } },
{ "type": "Feature", "properties": { "id_copa": 685, "talhao": "T10" }, "geometry": { "type": "Point", "coordinates": [ -39.3066681, -13.327948 ] } },
{ "type": "Feature", "properties": { "id_copa": 697, "talhao": "T10" }, "geometry": { "type": "Point", "coordinates": [ -39.3070143, -13.3283819 ] } },
{ "type": "Feature", "properties": { "id_copa": 701, "talhao": "T10" }, "geometry": { "type": "Point", "coordinates": [ -39.3068373, -13.3270392 ] } },
{ "type": "Feature", "properties": { "id_copa": 706, "talhao": "T10" }, "geometry": { "type": "Point", "coordinates": [ -39.3072611, -13.3275087 ] } },
{ "type": "Feature", "properties": { "id_copa": 712, "talhao": "T10" }, "geometry": { "type": "Point", "coordinates": [ -39.3071294, -13.328307 ] } },
{ "type": "Feature", "properties": { "id_copa": 728, "talhao": "T10" }, "geometry": { "type": "Point", "coordinates": [ -39.3075004, -13.3279107 ] } },
{ "type": "Feature", "properties": { "id_copa": 777, "talhao": "T10" }, "geometry": { "type": "Point", "coordinates": [ -39.3069838, -13.3285589 ] } },
{ "type": "Feature", "properties": { "id_copa": 816, "talhao": "T10" }, "geometry": { "type": "Point", "coordinates": [ -39.3075721, -13.3279449 ] } },
{ "type": "Feature", "properties": { "id_copa": 835, "talhao": "T10" }, "geometry": { "type": "Point", "coordinates": [ -39.3072026, -13.3274189 ] } },
{ "type": "Feature", "properties": { "id_copa": 838, "talhao": "T10" }, "geometry": { "type": "Point", "coordinates": [ -39.3065506, -13.3276989 ] } },
{ "type": "Feature", "properties": { "id_copa": 901, "talhao": "T10" }, "geometry": { "type": "Point", "coordinates": [ -39.3069189, -13.3283531 ] } },
{ "type": "Feature", "properties": { "id_copa": 929, "talhao": "T10" }, "geometry": { "type": "Point", "coordinates": [ -39.3068636, -13.3283391 ] } },
{ "type": "Feature", "properties": { "id_copa": 992, "talhao": "T10" }, "geometry": { "type": "Point", "coordinates": [ -39.3075452, -13.3280133 ] } },
{ "type": "Feature", "properties": { "id_copa": 1018, "talhao": "T10" }, "geometry": { "type": "Point", "coordinates": [ -39.3068877, -13.3282329 ] } },
{ "type": "Feature", "properties": { "id_copa": 1027, "talhao": "T10" }, "geometry": { "type": "Point", "coordinates": [ -39.3070497, -13.3270352 ] } },
{ "type": "Feature", "properties": { "id_copa": 1031, "talhao": "T10" }, "geometry": { "type": "Point", "coordinates": [ -39.3068532, -13.328155 ] } },
{ "type": "Feature", "properties": { "id_copa": 1040, "talhao": "T10" }, "geometry": { "type": "Point", "coordinates": [ -39.3074169, -13.327978 ] } },
{ "type": "Feature", "properties": { "id_copa": 1109, "talhao": "T10" }, "geometry": { "type": "Point", "coordinates": [ -39.3072968, -13.3273324 ] } },
{ "type": "Feature", "properties": { "id_copa": 1126, "talhao": "T10" }, "geometry": { "type": "Point", "coordinates": [ -39.3066486, -13.3275281 ] } },
{ "type": "Feature", "properties": { "id_copa": 1129, "talhao": "T10" }, "geometry": { "type": "Point", "coordinates": [ -39.3073158, -13.3282802 ] } },
{ "type": "Feature", "properties": { "id_copa": 1135, "talhao": "T10" }, "geometry": { "type": "Point", "coordinates": [ -39.3074534, -13.3282582 ] } },
{ "type": "Feature", "properties": { "id_copa": 1170, "talhao": "T10" }, "geometry": { "type": "Point", "coordinates": [ -39.3065798, -13.3277785 ] } },
{ "type": "Feature", "properties": { "id_copa": 1181, "talhao": "T10" }, "geometry": { "type": "Point", "coordinates": [ -39.3066155, -13.3277236 ] } },
{ "type": "Feature", "properties": { "id_copa": 1208, "talhao": "T10" }, "geometry": { "type": "Point", "coordinates": [ -39.3073164, -13.3279395 ] } },
{ "type": "Feature", "properties": { "id_copa": 1256, "talhao": "T10" }, "geometry": { "type": "Point", "coordinates": [ -39.3066631, -13.3280205 ] } },
{ "type": "Feature", "properties": { "id_copa": 1285, "talhao": "T10" }, "geometry": { "type": "Point", "coordinates": [ -39.3069839, -13.3270154 ] } },
{ "type": "Feature", "properties": { "id_copa": 1298, "talhao": "T10" }, "geometry": { "type": "Point", "coordinates": [ -39.3073673, -13.3282366 ] } },
{ "type": "Feature", "properties": { "id_copa": 1303, "talhao": "T10" }, "geometry": { "type": "Point", "coordinates": [ -39.3071364, -13.3281691 ] } },
{ "type": "Feature", "properties": { "id_copa": 1340, "talhao": "T10" }, "geometry": { "type": "Point", "coordinates": [ -39.3074412, -13.3275475 ] } },
{ "type": "Feature", "properties": { "id_copa": 1342, "talhao": "T10" }, "geometry": { "type": "Point", "coordinates": [ -39.3072983, -13.3282058 ] } },
{ "type": "Feature", "properties": { "id_copa": 1367, "talhao": "T10" }, "geometry": { "type": "Point", "coordinates": [ -39.3074799, -13.327845 ] } },
{ "type": "Feature", "properties": { "id_copa": 1417, "talhao": "T10" }, "geometry": { "type": "Point", "coordinates": [ -39.3067534, -13.3283705 ] } },
{ "type": "Feature", "properties": { "id_copa": 1424, "talhao": "T10" }, "geometry": { "type": "Point", "coordinates": [ -39.3072878, -13.3274011 ] } },
{ "type": "Feature", "properties": { "id_copa": 1453, "talhao": "T10" }, "geometry": { "type": "Point", "coordinates": [ -39.3066081, -13.3279883 ] } },
{ "type": "Feature", "properties": { "id_copa": 1457, "talhao": "T10" }, "geometry": { "type": "Point", "coordinates": [ -39.3076212, -13.3280899 ] } },
{ "type": "Feature", "properties": { "id_copa": 1459, "talhao": "T10" }, "geometry": { "type": "Point", "coordinates": [ -39.3069613, -13.3279625 ] } },
{ "type": "Feature", "properties": { "id_copa": 1495, "talhao": "T10" }, "geometry": { "type": "Point", "coordinates": [ -39.306687, -13.3272748 ] } },
{ "type": "Feature", "properties": { "id_copa": 1498, "talhao": "T10" }, "geometry": { "type": "Point", "coordinates": [ -39.3066566, -13.3276874 ] } },
{ "type": "Feature", "properties": { "id_copa": 1499, "talhao": "T10" }, "geometry": { "type": "Point", "coordinates": [ -39.3071742, -13.3275395 ] } },
{ "type": "Feature", "properties": { "id_copa": 1540, "talhao": "T10" }, "geometry": { "type": "Point", "coordinates": [ -39.3069762, -13.3278309 ] } },
{ "type": "Feature", "properties": { "id_copa": 1544, "talhao": "T10" }, "geometry": { "type": "Point", "coordinates": [ -39.3071454, -13.3279002 ] } },
{ "type": "Feature", "properties": { "id_copa": 1586, "talhao": "T10" }, "geometry": { "type": "Point", "coordinates": [ -39.3072175, -13.3284565 ] } },
{ "type": "Feature", "properties": { "id_copa": 1587, "talhao": "T10" }, "geometry": { "type": "Point", "coordinates": [ -39.3074939, -13.3279992 ] } },
{ "type": "Feature", "properties": { "id_copa": 1612, "talhao": "T10" }, "geometry": { "type": "Point", "coordinates": [ -39.3076402, -13.3279644 ] } },
{ "type": "Feature", "properties": { "id_copa": 1614, "talhao": "T10" }, "geometry": { "type": "Point", "coordinates": [ -39.3069386, -13.3283112 ] } },
{ "type": "Feature", "properties": { "id_copa": 1618, "talhao": "T10" }, "geometry": { "type": "Point", "coordinates": [ -39.306773, -13.3274909 ] } },
{ "type": "Feature", "properties": { "id_copa": 1664, "talhao": "T10" }, "geometry": { "type": "Point", "coordinates": [ -39.3067572, -13.3282891 ] } },
{ "type": "Feature", "properties": { "id_copa": 1665, "talhao": "T10" }, "geometry": { "type": "Point", "coordinates": [ -39.3067791, -13.3281259 ] } },
{ "type": "Feature", "properties": { "id_copa": 1702, "talhao": "T10" }, "geometry": { "type": "Point", "coordinates": [ -39.3072482, -13.3281987 ] } },
{ "type": "Feature", "properties": { "id_copa": 1724, "talhao": "T10" }, "geometry": { "type": "Point", "coordinates": [ -39.3070283, -13.328448 ] } },
{ "type": "Feature", "properties": { "id_copa": 1765, "talhao": "T10" }, "geometry": { "type": "Point", "coordinates": [ -39.3070613, -13.3281324 ] } },
{ "type": "Feature", "properties": { "id_copa": 1793, "talhao": "T10" }, "geometry": { "type": "Point", "coordinates": [ -39.307461, -13.3280621 ] } },
{ "type": "Feature", "properties": { "id_copa": 1836, "talhao": "T10" }, "geometry": { "type": "Point", "coordinates": [ -39.3073688, -13.3279582 ] } },
{ "type": "Feature", "properties": { "id_copa": 1841, "talhao": "T10" }, "geometry": { "type": "Point", "coordinates": [ -39.3074227, -13.3274927 ] } },
{ "type": "Feature", "properties": { "id_copa": 1843, "talhao": "T10" }, "geometry": { "type": "Point", "coordinates": [ -39.3065528, -13.3275784 ] } },
{ "type": "Feature", "properties": { "id_copa": 1861, "talhao": "T10" }, "geometry": { "type": "Point", "coordinates": [ -39.3074381, -13.3283946 ] } },
{ "type": "Feature", "properties": { "id_copa": 2, "talhao": "T11" }, "geometry": { "type": "Point", "coordinates": [ -39.3080965, -13.3279773 ] } },
{ "type": "Feature", "properties": { "id_copa": 30, "talhao": "T11" }, "geometry": { "type": "Point", "coordinates": [ -39.3081054, -13.3278008 ] } },
{ "type": "Feature", "properties": { "id_copa": 48, "talhao": "T11" }, "geometry": { "type": "Point", "coordinates": [ -39.307507, -13.3271559 ] } },
{ "type": "Feature", "properties": { "id_copa": 82, "talhao": "T11" }, "geometry": { "type": "Point", "coordinates": [ -39.307904, -13.3278796 ] } },
{ "type": "Feature", "properties": { "id_copa": 111, "talhao": "T11" }, "geometry": { "type": "Point", "coordinates": [ -39.3077915, -13.3273663 ] } },
{ "type": "Feature", "properties": { "id_copa": 113, "talhao": "T11" }, "geometry": { "type": "Point", "coordinates": [ -39.307816, -13.3277118 ] } },
{ "type": "Feature", "properties": { "id_copa": 173, "talhao": "T11" }, "geometry": { "type": "Point", "coordinates": [ -39.3080717, -13.327352 ] } },
{ "type": "Feature", "properties": { "id_copa": 222, "talhao": "T11" }, "geometry": { "type": "Point", "coordinates": [ -39.3080977, -13.3281813 ] } },
{ "type": "Feature", "properties": { "id_copa": 249, "talhao": "T11" }, "geometry": { "type": "Point", "coordinates": [ -39.3076931, -13.3271846 ] } },
{ "type": "Feature", "properties": { "id_copa": 262, "talhao": "T11" }, "geometry": { "type": "Point", "coordinates": [ -39.3077834, -13.327311 ] } },
{ "type": "Feature", "properties": { "id_copa": 271, "talhao": "T11" }, "geometry": { "type": "Point", "coordinates": [ -39.3079582, -13.32758 ] } },
{ "type": "Feature", "properties": { "id_copa": 292, "talhao": "T11" }, "geometry": { "type": "Point", "coordinates": [ -39.3072818, -13.3269139 ] } },
{ "type": "Feature", "properties": { "id_copa": 300, "talhao": "T11" }, "geometry": { "type": "Point", "coordinates": [ -39.307976, -13.3273591 ] } },
{ "type": "Feature", "properties": { "id_copa": 311, "talhao": "T11" }, "geometry": { "type": "Point", "coordinates": [ -39.308059, -13.3278593 ] } },
{ "type": "Feature", "properties": { "id_copa": 338, "talhao": "T11" }, "geometry": { "type": "Point", "coordinates": [ -39.3076791, -13.3270851 ] } },
{ "type": "Feature", "properties": { "id_copa": 351, "talhao": "T11" }, "geometry": { "type": "Point", "coordinates": [ -39.307243, -13.3270849 ] } },
{ "type": "Feature", "properties": { "id_copa": 386, "talhao": "T11" }, "geometry": { "type": "Point", "coordinates": [ -39.3081021, -13.327302 ] } },
{ "type": "Feature", "properties": { "id_copa": 390, "talhao": "T11" }, "geometry": { "type": "Point", "coordinates": [ -39.3081227, -13.328066 ] } },
{ "type": "Feature", "properties": { "id_copa": 420, "talhao": "T11" }, "geometry": { "type": "Point", "coordinates": [ -39.3080129, -13.3278328 ] } },
{ "type": "Feature", "properties": { "id_copa": 441, "talhao": "T11" }, "geometry": { "type": "Point", "coordinates": [ -39.3078021, -13.3274349 ] } },
{ "type": "Feature", "properties": { "id_copa": 483, "talhao": "T11" }, "geometry": { "type": "Point", "coordinates": [ -39.3079882, -13.3277661 ] } },
{ "type": "Feature", "properties": { "id_copa": 502, "talhao": "T11" }, "geometry": { "type": "Point", "coordinates": [ -39.3079219, -13.3277626 ] } },
{ "type": "Feature", "properties": { "id_copa": 536, "talhao": "T11" }, "geometry": { "type": "Point", "coordinates": [ -39.3080832, -13.3274247 ] } },
{ "type": "Feature", "properties": { "id_copa": 537, "talhao": "T11" }, "geometry": { "type": "Point", "coordinates": [ -39.3081138, -13.3276895 ] } },
{ "type": "Feature", "properties": { "id_copa": 539, "talhao": "T11" }, "geometry": { "type": "Point", "coordinates": [ -39.3078396, -13.326982 ] } },
{ "type": "Feature", "properties": { "id_copa": 581, "talhao": "T11" }, "geometry": { "type": "Point", "coordinates": [ -39.3080988, -13.3276229 ] } },
{ "type": "Feature", "properties": { "id_copa": 588, "talhao": "T11" }, "geometry": { "type": "Point", "coordinates": [ -39.3080122, -13.3276578 ] } },
{ "type": "Feature", "properties": { "id_copa": 600, "talhao": "T11" }, "geometry": { "type": "Point", "coordinates": [ -39.3080848, -13.3272062 ] } },
{ "type": "Feature", "properties": { "id_copa": 609, "talhao": "T11" }, "geometry": { "type": "Point", "coordinates": [ -39.3079968, -13.3285826 ] } },
{ "type": "Feature", "properties": { "id_copa": 644, "talhao": "T11" }, "geometry": { "type": "Point", "coordinates": [ -39.3077581, -13.3264488 ] } },
{ "type": "Feature", "properties": { "id_copa": 646, "talhao": "T11" }, "geometry": { "type": "Point", "coordinates": [ -39.3078857, -13.3277056 ] } },
{ "type": "Feature", "properties": { "id_copa": 687, "talhao": "T11" }, "geometry": { "type": "Point", "coordinates": [ -39.3079938, -13.3280342 ] } },
{ "type": "Feature", "properties": { "id_copa": 722, "talhao": "T11" }, "geometry": { "type": "Point", "coordinates": [ -39.3074402, -13.3274313 ] } },
{ "type": "Feature", "properties": { "id_copa": 726, "talhao": "T11" }, "geometry": { "type": "Point", "coordinates": [ -39.307852, -13.3279075 ] } },
{ "type": "Feature", "properties": { "id_copa": 734, "talhao": "T11" }, "geometry": { "type": "Point", "coordinates": [ -39.3079939, -13.3274873 ] } },
{ "type": "Feature", "properties": { "id_copa": 735, "talhao": "T11" }, "geometry": { "type": "Point", "coordinates": [ -39.307486, -13.3270568 ] } },
{ "type": "Feature", "properties": { "id_copa": 759, "talhao": "T11" }, "geometry": { "type": "Point", "coordinates": [ -39.3078951, -13.3276411 ] } },
{ "type": "Feature", "properties": { "id_copa": 812, "talhao": "T11" }, "geometry": { "type": "Point", "coordinates": [ -39.3077618, -13.327258 ] } },
{ "type": "Feature", "properties": { "id_copa": 824, "talhao": "T11" }, "geometry": { "type": "Point", "coordinates": [ -39.3077981, -13.3261894 ] } },
{ "type": "Feature", "properties": { "id_copa": 833, "talhao": "T11" }, "geometry": { "type": "Point", "coordinates": [ -39.3076993, -13.3265167 ] } },
{ "type": "Feature", "properties": { "id_copa": 904, "talhao": "T11" }, "geometry": { "type": "Point", "coordinates": [ -39.3078829, -13.3278139 ] } },
{ "type": "Feature", "properties": { "id_copa": 938, "talhao": "T11" }, "geometry": { "type": "Point", "coordinates": [ -39.30723, -13.3268402 ] } },
{ "type": "Feature", "properties": { "id_copa": 966, "talhao": "T11" }, "geometry": { "type": "Point", "coordinates": [ -39.3076065, -13.3272943 ] } },
{ "type": "Feature", "properties": { "id_copa": 1015, "talhao": "T11" }, "geometry": { "type": "Point", "coordinates": [ -39.3078951, -13.3279674 ] } },
{ "type": "Feature", "properties": { "id_copa": 1061, "talhao": "T11" }, "geometry": { "type": "Point", "coordinates": [ -39.3078865, -13.3273655 ] } },
{ "type": "Feature", "properties": { "id_copa": 1091, "talhao": "T11" }, "geometry": { "type": "Point", "coordinates": [ -39.3079037, -13.3275032 ] } },
{ "type": "Feature", "properties": { "id_copa": 1134, "talhao": "T11" }, "geometry": { "type": "Point", "coordinates": [ -39.3075128, -13.3275592 ] } },
{ "type": "Feature", "properties": { "id_copa": 1286, "talhao": "T11" }, "geometry": { "type": "Point", "coordinates": [ -39.3075564, -13.3272194 ] } },
{ "type": "Feature", "properties": { "id_copa": 1292, "talhao": "T11" }, "geometry": { "type": "Point", "coordinates": [ -39.3078664, -13.3277664 ] } },
{ "type": "Feature", "properties": { "id_copa": 1293, "talhao": "T11" }, "geometry": { "type": "Point", "coordinates": [ -39.3081736, -13.3272461 ] } },
{ "type": "Feature", "properties": { "id_copa": 1297, "talhao": "T11" }, "geometry": { "type": "Point", "coordinates": [ -39.3072804, -13.3269907 ] } },
{ "type": "Feature", "properties": { "id_copa": 1366, "talhao": "T11" }, "geometry": { "type": "Point", "coordinates": [ -39.3075568, -13.3268952 ] } },
{ "type": "Feature", "properties": { "id_copa": 1369, "talhao": "T11" }, "geometry": { "type": "Point", "coordinates": [ -39.3074438, -13.3270934 ] } },
{ "type": "Feature", "properties": { "id_copa": 1380, "talhao": "T11" }, "geometry": { "type": "Point", "coordinates": [ -39.3077107, -13.3268876 ] } },
{ "type": "Feature", "properties": { "id_copa": 1394, "talhao": "T11" }, "geometry": { "type": "Point", "coordinates": [ -39.3079174, -13.3270635 ] } },
{ "type": "Feature", "properties": { "id_copa": 1402, "talhao": "T11" }, "geometry": { "type": "Point", "coordinates": [ -39.3076605, -13.3264633 ] } },
{ "type": "Feature", "properties": { "id_copa": 1436, "talhao": "T11" }, "geometry": { "type": "Point", "coordinates": [ -39.3075665, -13.3273634 ] } },
{ "type": "Feature", "properties": { "id_copa": 1437, "talhao": "T11" }, "geometry": { "type": "Point", "coordinates": [ -39.3076844, -13.327004 ] } },
{ "type": "Feature", "properties": { "id_copa": 1464, "talhao": "T11" }, "geometry": { "type": "Point", "coordinates": [ -39.307248, -13.3267666 ] } },
{ "type": "Feature", "properties": { "id_copa": 1505, "talhao": "T11" }, "geometry": { "type": "Point", "coordinates": [ -39.3076851, -13.3272449 ] } },
{ "type": "Feature", "properties": { "id_copa": 1521, "talhao": "T11" }, "geometry": { "type": "Point", "coordinates": [ -39.3074965, -13.3272995 ] } },
{ "type": "Feature", "properties": { "id_copa": 1534, "talhao": "T11" }, "geometry": { "type": "Point", "coordinates": [ -39.3077069, -13.3273108 ] } },
{ "type": "Feature", "properties": { "id_copa": 1572, "talhao": "T11" }, "geometry": { "type": "Point", "coordinates": [ -39.3076909, -13.3264198 ] } },
{ "type": "Feature", "properties": { "id_copa": 1585, "talhao": "T11" }, "geometry": { "type": "Point", "coordinates": [ -39.3075579, -13.3269531 ] } },
{ "type": "Feature", "properties": { "id_copa": 1606, "talhao": "T11" }, "geometry": { "type": "Point", "coordinates": [ -39.3080067, -13.3273126 ] } },
{ "type": "Feature", "properties": { "id_copa": 1609, "talhao": "T11" }, "geometry": { "type": "Point", "coordinates": [ -39.3080777, -13.3284445 ] } },
{ "type": "Feature", "properties": { "id_copa": 1615, "talhao": "T11" }, "geometry": { "type": "Point", "coordinates": [ -39.3076384, -13.3268954 ] } },
{ "type": "Feature", "properties": { "id_copa": 1640, "talhao": "T11" }, "geometry": { "type": "Point", "coordinates": [ -39.3076483, -13.3269482 ] } },
{ "type": "Feature", "properties": { "id_copa": 1725, "talhao": "T11" }, "geometry": { "type": "Point", "coordinates": [ -39.3074251, -13.3273318 ] } },
{ "type": "Feature", "properties": { "id_copa": 1746, "talhao": "T11" }, "geometry": { "type": "Point", "coordinates": [ -39.3075041, -13.3270901 ] } },
{ "type": "Feature", "properties": { "id_copa": 1749, "talhao": "T11" }, "geometry": { "type": "Point", "coordinates": [ -39.3076786, -13.3274286 ] } },
{ "type": "Feature", "properties": { "id_copa": 1751, "talhao": "T11" }, "geometry": { "type": "Point", "coordinates": [ -39.3077818, -13.3263775 ] } },
{ "type": "Feature", "properties": { "id_copa": 1819, "talhao": "T11" }, "geometry": { "type": "Point", "coordinates": [ -39.3076578, -13.3273083 ] } },
{ "type": "Feature", "properties": { "id_copa": 1834, "talhao": "T11" }, "geometry": { "type": "Point", "coordinates": [ -39.30798, -13.3271263 ] } },
{ "type": "Feature", "properties": { "id_copa": 1849, "talhao": "T11" }, "geometry": { "type": "Point", "coordinates": [ -39.3078285, -13.327263 ] } },
{ "type": "Feature", "properties": { "id_copa": 1853, "talhao": "T11" }, "geometry": { "type": "Point", "coordinates": [ -39.3079111, -13.3273023 ] } },
{ "type": "Feature", "properties": { "id_copa": 1871, "talhao": "T11" }, "geometry": { "type": "Point", "coordinates": [ -39.3074999, -13.3272265 ] } },
{ "type": "Feature", "properties": { "id_copa": 1874, "talhao": "T11" }, "geometry": { "type": "Point", "coordinates": [ -39.3080327, -13.327935 ] } },
{ "type": "Feature", "properties": { "id_copa": 504, "talhao": "T12A" }, "geometry": { "type": "Point", "coordinates": [ -39.3073676, -13.3259062 ] } },
{ "type": "Feature", "properties": { "id_copa": 1514, "talhao": "T12A" }, "geometry": { "type": "Point", "coordinates": [ -39.3075628, -13.3260159 ] } },
{ "type": "Feature", "properties": { "id_copa": 140, "talhao": "T13" }, "geometry": { "type": "Point", "coordinates": [ -39.3070887, -13.3251248 ] } },
{ "type": "Feature", "properties": { "id_copa": 277, "talhao": "T13" }, "geometry": { "type": "Point", "coordinates": [ -39.3072139, -13.3252574 ] } },
{ "type": "Feature", "properties": { "id_copa": 294, "talhao": "T13" }, "geometry": { "type": "Point", "coordinates": [ -39.3071483, -13.3251938 ] } },
{ "type": "Feature", "properties": { "id_copa": 428, "talhao": "T13" }, "geometry": { "type": "Point", "coordinates": [ -39.3070544, -13.3252112 ] } },
{ "type": "Feature", "properties": { "id_copa": 475, "talhao": "T13" }, "geometry": { "type": "Point", "coordinates": [ -39.3066385, -13.326534 ] } },
{ "type": "Feature", "properties": { "id_copa": 540, "talhao": "T13" }, "geometry": { "type": "Point", "coordinates": [ -39.3069066, -13.3263016 ] } },
{ "type": "Feature", "properties": { "id_copa": 562, "talhao": "T13" }, "geometry": { "type": "Point", "coordinates": [ -39.3065083, -13.3260809 ] } },
{ "type": "Feature", "properties": { "id_copa": 668, "talhao": "T13" }, "geometry": { "type": "Point", "coordinates": [ -39.3068469, -13.3264339 ] } },
{ "type": "Feature", "properties": { "id_copa": 785, "talhao": "T13" }, "geometry": { "type": "Point", "coordinates": [ -39.3064101, -13.3261565 ] } },
{ "type": "Feature", "properties": { "id_copa": 910, "talhao": "T13" }, "geometry": { "type": "Point", "coordinates": [ -39.3064754, -13.3256687 ] } },
{ "type": "Feature", "properties": { "id_copa": 924, "talhao": "T13" }, "geometry": { "type": "Point", "coordinates": [ -39.3069632, -13.3261491 ] } },
{ "type": "Feature", "properties": { "id_copa": 942, "talhao": "T13" }, "geometry": { "type": "Point", "coordinates": [ -39.3063538, -13.3255575 ] } },
{ "type": "Feature", "properties": { "id_copa": 1032, "talhao": "T13" }, "geometry": { "type": "Point", "coordinates": [ -39.3067353, -13.3264115 ] } },
{ "type": "Feature", "properties": { "id_copa": 1144, "talhao": "T13" }, "geometry": { "type": "Point", "coordinates": [ -39.3067438, -13.3261226 ] } },
{ "type": "Feature", "properties": { "id_copa": 1178, "talhao": "T13" }, "geometry": { "type": "Point", "coordinates": [ -39.3069622, -13.3264627 ] } },
{ "type": "Feature", "properties": { "id_copa": 1276, "talhao": "T13" }, "geometry": { "type": "Point", "coordinates": [ -39.3072544, -13.3260759 ] } },
{ "type": "Feature", "properties": { "id_copa": 1368, "talhao": "T13" }, "geometry": { "type": "Point", "coordinates": [ -39.3066805, -13.3263873 ] } },
{ "type": "Feature", "properties": { "id_copa": 1421, "talhao": "T13" }, "geometry": { "type": "Point", "coordinates": [ -39.3067584, -13.3265645 ] } },
{ "type": "Feature", "properties": { "id_copa": 1616, "talhao": "T13" }, "geometry": { "type": "Point", "coordinates": [ -39.3067207, -13.3260896 ] } },
{ "type": "Feature", "properties": { "id_copa": 1654, "talhao": "T13" }, "geometry": { "type": "Point", "coordinates": [ -39.3066803, -13.3261042 ] } },
{ "type": "Feature", "properties": { "id_copa": 1717, "talhao": "T13" }, "geometry": { "type": "Point", "coordinates": [ -39.3062308, -13.3257266 ] } },
{ "type": "Feature", "properties": { "id_copa": 1752, "talhao": "T13" }, "geometry": { "type": "Point", "coordinates": [ -39.3071304, -13.3263589 ] } },
{ "type": "Feature", "properties": { "id_copa": 1802, "talhao": "T13" }, "geometry": { "type": "Point", "coordinates": [ -39.3067898, -13.3264154 ] } },
{ "type": "Feature", "properties": { "id_copa": 484, "talhao": "T14B" }, "geometry": { "type": "Point", "coordinates": [ -39.3060603, -13.325123 ] } },
{ "type": "Feature", "properties": { "id_copa": 547, "talhao": "T14B" }, "geometry": { "type": "Point", "coordinates": [ -39.3065228, -13.3251631 ] } },
{ "type": "Feature", "properties": { "id_copa": 555, "talhao": "T14B" }, "geometry": { "type": "Point", "coordinates": [ -39.3061162, -13.3252499 ] } },
{ "type": "Feature", "properties": { "id_copa": 612, "talhao": "T14B" }, "geometry": { "type": "Point", "coordinates": [ -39.3065839, -13.3250849 ] } },
{ "type": "Feature", "properties": { "id_copa": 1374, "talhao": "T14B" }, "geometry": { "type": "Point", "coordinates": [ -39.3065172, -13.3251004 ] } },
{ "type": "Feature", "properties": { "id_copa": 1430, "talhao": "T14B" }, "geometry": { "type": "Point", "coordinates": [ -39.3066579, -13.3252182 ] } },
{ "type": "Feature", "properties": { "id_copa": 1634, "talhao": "T14B" }, "geometry": { "type": "Point", "coordinates": [ -39.3068118, -13.3250788 ] } },
{ "type": "Feature", "properties": { "id_copa": 1661, "talhao": "T14B" }, "geometry": { "type": "Point", "coordinates": [ -39.3060831, -13.3248547 ] } },
{ "type": "Feature", "properties": { "id_copa": 1804, "talhao": "T14B" }, "geometry": { "type": "Point", "coordinates": [ -39.3065714, -13.3252218 ] } },
{ "type": "Feature", "properties": { "id_copa": 1831, "talhao": "T14B" }, "geometry": { "type": "Point", "coordinates": [ -39.3063491, -13.3252297 ] } },
{ "type": "Feature", "properties": { "id_copa": 1839, "talhao": "T14B" }, "geometry": { "type": "Point", "coordinates": [ -39.306137, -13.3248466 ] } },
{ "type": "Feature", "properties": { "id_copa": 21, "talhao": "T15" }, "geometry": { "type": "Point", "coordinates": [ -39.3082246, -13.3329267 ] } },
{ "type": "Feature", "properties": { "id_copa": 23, "talhao": "T15" }, "geometry": { "type": "Point", "coordinates": [ -39.3082608, -13.3331522 ] } },
{ "type": "Feature", "properties": { "id_copa": 36, "talhao": "T15" }, "geometry": { "type": "Point", "coordinates": [ -39.3084076, -13.3329881 ] } },
{ "type": "Feature", "properties": { "id_copa": 39, "talhao": "T15" }, "geometry": { "type": "Point", "coordinates": [ -39.3076448, -13.3335774 ] } },
{ "type": "Feature", "properties": { "id_copa": 79, "talhao": "T15" }, "geometry": { "type": "Point", "coordinates": [ -39.308117, -13.3327877 ] } },
{ "type": "Feature", "properties": { "id_copa": 94, "talhao": "T15" }, "geometry": { "type": "Point", "coordinates": [ -39.3077033, -13.3334978 ] } },
{ "type": "Feature", "properties": { "id_copa": 100, "talhao": "T15" }, "geometry": { "type": "Point", "coordinates": [ -39.3075545, -13.3337241 ] } },
{ "type": "Feature", "properties": { "id_copa": 105, "talhao": "T15" }, "geometry": { "type": "Point", "coordinates": [ -39.3081863, -13.3328064 ] } },
{ "type": "Feature", "properties": { "id_copa": 137, "talhao": "T15" }, "geometry": { "type": "Point", "coordinates": [ -39.308537, -13.3331444 ] } },
{ "type": "Feature", "properties": { "id_copa": 139, "talhao": "T15" }, "geometry": { "type": "Point", "coordinates": [ -39.3080296, -13.3327546 ] } },
{ "type": "Feature", "properties": { "id_copa": 168, "talhao": "T15" }, "geometry": { "type": "Point", "coordinates": [ -39.3078404, -13.3330749 ] } },
{ "type": "Feature", "properties": { "id_copa": 190, "talhao": "T15" }, "geometry": { "type": "Point", "coordinates": [ -39.3079469, -13.3327469 ] } },
{ "type": "Feature", "properties": { "id_copa": 191, "talhao": "T15" }, "geometry": { "type": "Point", "coordinates": [ -39.308148, -13.3332902 ] } },
{ "type": "Feature", "properties": { "id_copa": 194, "talhao": "T15" }, "geometry": { "type": "Point", "coordinates": [ -39.3082837, -13.3328383 ] } },
{ "type": "Feature", "properties": { "id_copa": 210, "talhao": "T15" }, "geometry": { "type": "Point", "coordinates": [ -39.3079567, -13.3331241 ] } },
{ "type": "Feature", "properties": { "id_copa": 244, "talhao": "T15" }, "geometry": { "type": "Point", "coordinates": [ -39.3082459, -13.3332288 ] } },
{ "type": "Feature", "properties": { "id_copa": 245, "talhao": "T15" }, "geometry": { "type": "Point", "coordinates": [ -39.3084177, -13.3332127 ] } },
{ "type": "Feature", "properties": { "id_copa": 261, "talhao": "T15" }, "geometry": { "type": "Point", "coordinates": [ -39.3083304, -13.3329549 ] } },
{ "type": "Feature", "properties": { "id_copa": 354, "talhao": "T15" }, "geometry": { "type": "Point", "coordinates": [ -39.3080461, -13.332939 ] } },
{ "type": "Feature", "properties": { "id_copa": 364, "talhao": "T15" }, "geometry": { "type": "Point", "coordinates": [ -39.3084781, -13.3330187 ] } },
{ "type": "Feature", "properties": { "id_copa": 366, "talhao": "T15" }, "geometry": { "type": "Point", "coordinates": [ -39.3080533, -13.3332523 ] } },
{ "type": "Feature", "properties": { "id_copa": 368, "talhao": "T15" }, "geometry": { "type": "Point", "coordinates": [ -39.3080775, -13.3331684 ] } },
{ "type": "Feature", "properties": { "id_copa": 372, "talhao": "T15" }, "geometry": { "type": "Point", "coordinates": [ -39.3083437, -13.3331799 ] } },
{ "type": "Feature", "properties": { "id_copa": 399, "talhao": "T15" }, "geometry": { "type": "Point", "coordinates": [ -39.3081256, -13.3328644 ] } },
{ "type": "Feature", "properties": { "id_copa": 414, "talhao": "T15" }, "geometry": { "type": "Point", "coordinates": [ -39.3085226, -13.333048 ] } },
{ "type": "Feature", "properties": { "id_copa": 493, "talhao": "T15" }, "geometry": { "type": "Point", "coordinates": [ -39.3077543, -13.3332158 ] } },
{ "type": "Feature", "properties": { "id_copa": 533, "talhao": "T15" }, "geometry": { "type": "Point", "coordinates": [ -39.308139, -13.3331899 ] } },
{ "type": "Feature", "properties": { "id_copa": 559, "talhao": "T15" }, "geometry": { "type": "Point", "coordinates": [ -39.307572, -13.3339322 ] } },
{ "type": "Feature", "properties": { "id_copa": 592, "talhao": "T15" }, "geometry": { "type": "Point", "coordinates": [ -39.3082788, -13.3330598 ] } },
{ "type": "Feature", "properties": { "id_copa": 670, "talhao": "T15" }, "geometry": { "type": "Point", "coordinates": [ -39.3078544, -13.3333757 ] } },
{ "type": "Feature", "properties": { "id_copa": 681, "talhao": "T15" }, "geometry": { "type": "Point", "coordinates": [ -39.3081768, -13.333007 ] } },
{ "type": "Feature", "properties": { "id_copa": 691, "talhao": "T15" }, "geometry": { "type": "Point", "coordinates": [ -39.3074536, -13.3336946 ] } },
{ "type": "Feature", "properties": { "id_copa": 716, "talhao": "T15" }, "geometry": { "type": "Point", "coordinates": [ -39.3079307, -13.3333916 ] } },
{ "type": "Feature", "properties": { "id_copa": 805, "talhao": "T15" }, "geometry": { "type": "Point", "coordinates": [ -39.3083867, -13.3331002 ] } },
{ "type": "Feature", "properties": { "id_copa": 807, "talhao": "T15" }, "geometry": { "type": "Point", "coordinates": [ -39.3076062, -13.3334626 ] } },
{ "type": "Feature", "properties": { "id_copa": 825, "talhao": "T15" }, "geometry": { "type": "Point", "coordinates": [ -39.3075939, -13.3333561 ] } },
{ "type": "Feature", "properties": { "id_copa": 902, "talhao": "T15" }, "geometry": { "type": "Point", "coordinates": [ -39.3078305, -13.3334652 ] } },
{ "type": "Feature", "properties": { "id_copa": 903, "talhao": "T15" }, "geometry": { "type": "Point", "coordinates": [ -39.3077824, -13.3334499 ] } },
{ "type": "Feature", "properties": { "id_copa": 927, "talhao": "T15" }, "geometry": { "type": "Point", "coordinates": [ -39.3075311, -13.3334334 ] } },
{ "type": "Feature", "properties": { "id_copa": 937, "talhao": "T15" }, "geometry": { "type": "Point", "coordinates": [ -39.3081204, -13.3330909 ] } },
{ "type": "Feature", "properties": { "id_copa": 967, "talhao": "T15" }, "geometry": { "type": "Point", "coordinates": [ -39.3079155, -13.3329155 ] } },
{ "type": "Feature", "properties": { "id_copa": 1021, "talhao": "T15" }, "geometry": { "type": "Point", "coordinates": [ -39.30747, -13.3333977 ] } },
{ "type": "Feature", "properties": { "id_copa": 1033, "talhao": "T15" }, "geometry": { "type": "Point", "coordinates": [ -39.3076846, -13.333683 ] } },
{ "type": "Feature", "properties": { "id_copa": 1050, "talhao": "T15" }, "geometry": { "type": "Point", "coordinates": [ -39.3076633, -13.3333962 ] } },
{ "type": "Feature", "properties": { "id_copa": 1127, "talhao": "T15" }, "geometry": { "type": "Point", "coordinates": [ -39.3075055, -13.3333133 ] } },
{ "type": "Feature", "properties": { "id_copa": 1158, "talhao": "T15" }, "geometry": { "type": "Point", "coordinates": [ -39.3080175, -13.3326691 ] } },
{ "type": "Feature", "properties": { "id_copa": 1190, "talhao": "T15" }, "geometry": { "type": "Point", "coordinates": [ -39.3074171, -13.3334953 ] } },
{ "type": "Feature", "properties": { "id_copa": 1207, "talhao": "T15" }, "geometry": { "type": "Point", "coordinates": [ -39.3080374, -13.3331441 ] } },
{ "type": "Feature", "properties": { "id_copa": 1209, "talhao": "T15" }, "geometry": { "type": "Point", "coordinates": [ -39.3075507, -13.3336352 ] } },
{ "type": "Feature", "properties": { "id_copa": 1294, "talhao": "T15" }, "geometry": { "type": "Point", "coordinates": [ -39.307812, -13.3329446 ] } },
{ "type": "Feature", "properties": { "id_copa": 1435, "talhao": "T15" }, "geometry": { "type": "Point", "coordinates": [ -39.3074621, -13.3335906 ] } },
{ "type": "Feature", "properties": { "id_copa": 1480, "talhao": "T15" }, "geometry": { "type": "Point", "coordinates": [ -39.3077239, -13.3330018 ] } },
{ "type": "Feature", "properties": { "id_copa": 1526, "talhao": "T15" }, "geometry": { "type": "Point", "coordinates": [ -39.3078001, -13.3333476 ] } },
{ "type": "Feature", "properties": { "id_copa": 1566, "talhao": "T15" }, "geometry": { "type": "Point", "coordinates": [ -39.3081017, -13.3326917 ] } },
{ "type": "Feature", "properties": { "id_copa": 1608, "talhao": "T15" }, "geometry": { "type": "Point", "coordinates": [ -39.3084524, -13.3332071 ] } },
{ "type": "Feature", "properties": { "id_copa": 1687, "talhao": "T15" }, "geometry": { "type": "Point", "coordinates": [ -39.3077608, -13.3333967 ] } },
{ "type": "Feature", "properties": { "id_copa": 1875, "talhao": "T15" }, "geometry": { "type": "Point", "coordinates": [ -39.3076643, -13.3331735 ] } },
{ "type": "Feature", "properties": { "id_copa": 67, "talhao": "T16" }, "geometry": { "type": "Point", "coordinates": [ -39.3070802, -13.3327458 ] } },
{ "type": "Feature", "properties": { "id_copa": 80, "talhao": "T16" }, "geometry": { "type": "Point", "coordinates": [ -39.3073473, -13.3328316 ] } },
{ "type": "Feature", "properties": { "id_copa": 104, "talhao": "T16" }, "geometry": { "type": "Point", "coordinates": [ -39.307096, -13.3330358 ] } },
{ "type": "Feature", "properties": { "id_copa": 123, "talhao": "T16" }, "geometry": { "type": "Point", "coordinates": [ -39.3060488, -13.3325719 ] } },
{ "type": "Feature", "properties": { "id_copa": 131, "talhao": "T16" }, "geometry": { "type": "Point", "coordinates": [ -39.3073862, -13.3331902 ] } },
{ "type": "Feature", "properties": { "id_copa": 134, "talhao": "T16" }, "geometry": { "type": "Point", "coordinates": [ -39.3072422, -13.3330659 ] } },
{ "type": "Feature", "properties": { "id_copa": 135, "talhao": "T16" }, "geometry": { "type": "Point", "coordinates": [ -39.306261, -13.3329064 ] } },
{ "type": "Feature", "properties": { "id_copa": 144, "talhao": "T16" }, "geometry": { "type": "Point", "coordinates": [ -39.3061643, -13.3325745 ] } },
{ "type": "Feature", "properties": { "id_copa": 148, "talhao": "T16" }, "geometry": { "type": "Point", "coordinates": [ -39.3061112, -13.3327955 ] } },
{ "type": "Feature", "properties": { "id_copa": 150, "talhao": "T16" }, "geometry": { "type": "Point", "coordinates": [ -39.307063, -13.3332402 ] } },
{ "type": "Feature", "properties": { "id_copa": 163, "talhao": "T16" }, "geometry": { "type": "Point", "coordinates": [ -39.3074627, -13.3330963 ] } },
{ "type": "Feature", "properties": { "id_copa": 192, "talhao": "T16" }, "geometry": { "type": "Point", "coordinates": [ -39.3059207, -13.3328655 ] } },
{ "type": "Feature", "properties": { "id_copa": 207, "talhao": "T16" }, "geometry": { "type": "Point", "coordinates": [ -39.3062085, -13.3328238 ] } },
{ "type": "Feature", "properties": { "id_copa": 257, "talhao": "T16" }, "geometry": { "type": "Point", "coordinates": [ -39.3060905, -13.332483 ] } },
{ "type": "Feature", "properties": { "id_copa": 304, "talhao": "T16" }, "geometry": { "type": "Point", "coordinates": [ -39.3070695, -13.3324403 ] } },
{ "type": "Feature", "properties": { "id_copa": 310, "talhao": "T16" }, "geometry": { "type": "Point", "coordinates": [ -39.3065941, -13.3329404 ] } },
{ "type": "Feature", "properties": { "id_copa": 313, "talhao": "T16" }, "geometry": { "type": "Point", "coordinates": [ -39.3063823, -13.3328715 ] } },
{ "type": "Feature", "properties": { "id_copa": 315, "talhao": "T16" }, "geometry": { "type": "Point", "coordinates": [ -39.3067388, -13.3329704 ] } },
{ "type": "Feature", "properties": { "id_copa": 323, "talhao": "T16" }, "geometry": { "type": "Point", "coordinates": [ -39.3071117, -13.3325356 ] } },
{ "type": "Feature", "properties": { "id_copa": 329, "talhao": "T16" }, "geometry": { "type": "Point", "coordinates": [ -39.3073447, -13.3329815 ] } },
{ "type": "Feature", "properties": { "id_copa": 335, "talhao": "T16" }, "geometry": { "type": "Point", "coordinates": [ -39.3072994, -13.3329063 ] } },
{ "type": "Feature", "properties": { "id_copa": 371, "talhao": "T16" }, "geometry": { "type": "Point", "coordinates": [ -39.3073287, -13.3332981 ] } },
{ "type": "Feature", "properties": { "id_copa": 374, "talhao": "T16" }, "geometry": { "type": "Point", "coordinates": [ -39.3062593, -13.332773 ] } },
{ "type": "Feature", "properties": { "id_copa": 377, "talhao": "T16" }, "geometry": { "type": "Point", "coordinates": [ -39.3071783, -13.3324809 ] } },
{ "type": "Feature", "properties": { "id_copa": 392, "talhao": "T16" }, "geometry": { "type": "Point", "coordinates": [ -39.3073514, -13.3330589 ] } },
{ "type": "Feature", "properties": { "id_copa": 418, "talhao": "T16" }, "geometry": { "type": "Point", "coordinates": [ -39.3069985, -13.3329897 ] } },
{ "type": "Feature", "properties": { "id_copa": 432, "talhao": "T16" }, "geometry": { "type": "Point", "coordinates": [ -39.3063714, -13.3325572 ] } },
{ "type": "Feature", "properties": { "id_copa": 437, "talhao": "T16" }, "geometry": { "type": "Point", "coordinates": [ -39.3073675, -13.3324503 ] } },
{ "type": "Feature", "properties": { "id_copa": 445, "talhao": "T16" }, "geometry": { "type": "Point", "coordinates": [ -39.3070825, -13.3329672 ] } },
{ "type": "Feature", "properties": { "id_copa": 446, "talhao": "T16" }, "geometry": { "type": "Point", "coordinates": [ -39.3061958, -13.3324905 ] } },
{ "type": "Feature", "properties": { "id_copa": 447, "talhao": "T16" }, "geometry": { "type": "Point", "coordinates": [ -39.3069811, -13.3323543 ] } },
{ "type": "Feature", "properties": { "id_copa": 448, "talhao": "T16" }, "geometry": { "type": "Point", "coordinates": [ -39.3066481, -13.3330183 ] } },
{ "type": "Feature", "properties": { "id_copa": 450, "talhao": "T16" }, "geometry": { "type": "Point", "coordinates": [ -39.3068279, -13.3330816 ] } },
{ "type": "Feature", "properties": { "id_copa": 458, "talhao": "T16" }, "geometry": { "type": "Point", "coordinates": [ -39.3068972, -13.3328241 ] } },
{ "type": "Feature", "properties": { "id_copa": 462, "talhao": "T16" }, "geometry": { "type": "Point", "coordinates": [ -39.3076846, -13.3327121 ] } },
{ "type": "Feature", "properties": { "id_copa": 474, "talhao": "T16" }, "geometry": { "type": "Point", "coordinates": [ -39.3072232, -13.3331982 ] } },
{ "type": "Feature", "properties": { "id_copa": 477, "talhao": "T16" }, "geometry": { "type": "Point", "coordinates": [ -39.3070404, -13.3331396 ] } },
{ "type": "Feature", "properties": { "id_copa": 512, "talhao": "T16" }, "geometry": { "type": "Point", "coordinates": [ -39.3077157, -13.3327831 ] } },
{ "type": "Feature", "properties": { "id_copa": 531, "talhao": "T16" }, "geometry": { "type": "Point", "coordinates": [ -39.307687, -13.3325976 ] } },
{ "type": "Feature", "properties": { "id_copa": 557, "talhao": "T16" }, "geometry": { "type": "Point", "coordinates": [ -39.3069746, -13.3332397 ] } },
{ "type": "Feature", "properties": { "id_copa": 564, "talhao": "T16" }, "geometry": { "type": "Point", "coordinates": [ -39.307352, -13.3325011 ] } },
{ "type": "Feature", "properties": { "id_copa": 568, "talhao": "T16" }, "geometry": { "type": "Point", "coordinates": [ -39.3069846, -13.3329199 ] } },
{ "type": "Feature", "properties": { "id_copa": 590, "talhao": "T16" }, "geometry": { "type": "Point", "coordinates": [ -39.3061186, -13.3327029 ] } },
{ "type": "Feature", "properties": { "id_copa": 591, "talhao": "T16" }, "geometry": { "type": "Point", "coordinates": [ -39.3074488, -13.3329102 ] } },
{ "type": "Feature", "properties": { "id_copa": 594, "talhao": "T16" }, "geometry": { "type": "Point", "coordinates": [ -39.3069661, -13.3331106 ] } },
{ "type": "Feature", "properties": { "id_copa": 607, "talhao": "T16" }, "geometry": { "type": "Point", "coordinates": [ -39.3069575, -13.3331679 ] } },
{ "type": "Feature", "properties": { "id_copa": 617, "talhao": "T16" }, "geometry": { "type": "Point", "coordinates": [ -39.3073125, -13.3331718 ] } },
{ "type": "Feature", "properties": { "id_copa": 643, "talhao": "T16" }, "geometry": { "type": "Point", "coordinates": [ -39.3075712, -13.3327296 ] } },
{ "type": "Feature", "properties": { "id_copa": 648, "talhao": "T16" }, "geometry": { "type": "Point", "coordinates": [ -39.3068192, -13.3326251 ] } },
{ "type": "Feature", "properties": { "id_copa": 652, "talhao": "T16" }, "geometry": { "type": "Point", "coordinates": [ -39.3075254, -13.3328298 ] } },
{ "type": "Feature", "properties": { "id_copa": 688, "talhao": "T16" }, "geometry": { "type": "Point", "coordinates": [ -39.3071927, -13.3329547 ] } },
{ "type": "Feature", "properties": { "id_copa": 692, "talhao": "T16" }, "geometry": { "type": "Point", "coordinates": [ -39.3063588, -13.3328099 ] } },
{ "type": "Feature", "properties": { "id_copa": 693, "talhao": "T16" }, "geometry": { "type": "Point", "coordinates": [ -39.3075867, -13.332911 ] } },
{ "type": "Feature", "properties": { "id_copa": 724, "talhao": "T16" }, "geometry": { "type": "Point", "coordinates": [ -39.3072245, -13.3325807 ] } },
{ "type": "Feature", "properties": { "id_copa": 740, "talhao": "T16" }, "geometry": { "type": "Point", "coordinates": [ -39.3069321, -13.3330298 ] } },
{ "type": "Feature", "properties": { "id_copa": 749, "talhao": "T16" }, "geometry": { "type": "Point", "coordinates": [ -39.3068617, -13.3331687 ] } },
{ "type": "Feature", "properties": { "id_copa": 771, "talhao": "T16" }, "geometry": { "type": "Point", "coordinates": [ -39.3077134, -13.3326572 ] } },
{ "type": "Feature", "properties": { "id_copa": 775, "talhao": "T16" }, "geometry": { "type": "Point", "coordinates": [ -39.3064682, -13.3328541 ] } },
{ "type": "Feature", "properties": { "id_copa": 786, "talhao": "T16" }, "geometry": { "type": "Point", "coordinates": [ -39.3073856, -13.3331328 ] } },
{ "type": "Feature", "properties": { "id_copa": 798, "talhao": "T16" }, "geometry": { "type": "Point", "coordinates": [ -39.3070701, -13.3328762 ] } },
{ "type": "Feature", "properties": { "id_copa": 806, "talhao": "T16" }, "geometry": { "type": "Point", "coordinates": [ -39.3063127, -13.3325033 ] } },
{ "type": "Feature", "properties": { "id_copa": 808, "talhao": "T16" }, "geometry": { "type": "Point", "coordinates": [ -39.3061744, -13.3329609 ] } },
{ "type": "Feature", "properties": { "id_copa": 836, "talhao": "T16" }, "geometry": { "type": "Point", "coordinates": [ -39.3071519, -13.3330519 ] } },
{ "type": "Feature", "properties": { "id_copa": 872, "talhao": "T16" }, "geometry": { "type": "Point", "coordinates": [ -39.3070211, -13.3330361 ] } },
{ "type": "Feature", "properties": { "id_copa": 906, "talhao": "T16" }, "geometry": { "type": "Point", "coordinates": [ -39.3074991, -13.3325837 ] } },
{ "type": "Feature", "properties": { "id_copa": 911, "talhao": "T16" }, "geometry": { "type": "Point", "coordinates": [ -39.3067634, -13.3327763 ] } },
{ "type": "Feature", "properties": { "id_copa": 914, "talhao": "T16" }, "geometry": { "type": "Point", "coordinates": [ -39.3069312, -13.3326512 ] } },
{ "type": "Feature", "properties": { "id_copa": 954, "talhao": "T16" }, "geometry": { "type": "Point", "coordinates": [ -39.3071944, -13.3331183 ] } },
{ "type": "Feature", "properties": { "id_copa": 956, "talhao": "T16" }, "geometry": { "type": "Point", "coordinates": [ -39.3068206, -13.3323649 ] } },
{ "type": "Feature", "properties": { "id_copa": 961, "talhao": "T16" }, "geometry": { "type": "Point", "coordinates": [ -39.3072248, -13.3326924 ] } },
{ "type": "Feature", "properties": { "id_copa": 963, "talhao": "T16" }, "geometry": { "type": "Point", "coordinates": [ -39.3068825, -13.3324688 ] } },
{ "type": "Feature", "properties": { "id_copa": 973, "talhao": "T16" }, "geometry": { "type": "Point", "coordinates": [ -39.3071527, -13.3326708 ] } },
{ "type": "Feature", "properties": { "id_copa": 978, "talhao": "T16" }, "geometry": { "type": "Point", "coordinates": [ -39.3071387, -13.3329262 ] } },
{ "type": "Feature", "properties": { "id_copa": 979, "talhao": "T16" }, "geometry": { "type": "Point", "coordinates": [ -39.3071324, -13.3331613 ] } },
{ "type": "Feature", "properties": { "id_copa": 1005, "talhao": "T16" }, "geometry": { "type": "Point", "coordinates": [ -39.3064482, -13.3329608 ] } },
{ "type": "Feature", "properties": { "id_copa": 1009, "talhao": "T16" }, "geometry": { "type": "Point", "coordinates": [ -39.3067455, -13.3330837 ] } },
{ "type": "Feature", "properties": { "id_copa": 1016, "talhao": "T16" }, "geometry": { "type": "Point", "coordinates": [ -39.307093, -13.3326403 ] } },
{ "type": "Feature", "properties": { "id_copa": 1039, "talhao": "T16" }, "geometry": { "type": "Point", "coordinates": [ -39.3066543, -13.3326114 ] } },
{ "type": "Feature", "properties": { "id_copa": 1051, "talhao": "T16" }, "geometry": { "type": "Point", "coordinates": [ -39.3075464, -13.3326465 ] } },
{ "type": "Feature", "properties": { "id_copa": 1055, "talhao": "T16" }, "geometry": { "type": "Point", "coordinates": [ -39.3072728, -13.3327532 ] } },
{ "type": "Feature", "properties": { "id_copa": 1062, "talhao": "T16" }, "geometry": { "type": "Point", "coordinates": [ -39.306938, -13.3324534 ] } },
{ "type": "Feature", "properties": { "id_copa": 1074, "talhao": "T16" }, "geometry": { "type": "Point", "coordinates": [ -39.3072424, -13.3325354 ] } },
{ "type": "Feature", "properties": { "id_copa": 1088, "talhao": "T16" }, "geometry": { "type": "Point", "coordinates": [ -39.3069813, -13.3325475 ] } },
{ "type": "Feature", "properties": { "id_copa": 1094, "talhao": "T16" }, "geometry": { "type": "Point", "coordinates": [ -39.3071212, -13.3325863 ] } },
{ "type": "Feature", "properties": { "id_copa": 1166, "talhao": "T16" }, "geometry": { "type": "Point", "coordinates": [ -39.3065482, -13.3325998 ] } },
{ "type": "Feature", "properties": { "id_copa": 1179, "talhao": "T16" }, "geometry": { "type": "Point", "coordinates": [ -39.3068475, -13.3325074 ] } },
{ "type": "Feature", "properties": { "id_copa": 1180, "talhao": "T16" }, "geometry": { "type": "Point", "coordinates": [ -39.3076245, -13.3328542 ] } },
{ "type": "Feature", "properties": { "id_copa": 1205, "talhao": "T16" }, "geometry": { "type": "Point", "coordinates": [ -39.3066851, -13.3325184 ] } },
{ "type": "Feature", "properties": { "id_copa": 1250, "talhao": "T16" }, "geometry": { "type": "Point", "coordinates": [ -39.3069982, -13.3330764 ] } },
{ "type": "Feature", "properties": { "id_copa": 1267, "talhao": "T16" }, "geometry": { "type": "Point", "coordinates": [ -39.3064577, -13.3327592 ] } },
{ "type": "Feature", "properties": { "id_copa": 1270, "talhao": "T16" }, "geometry": { "type": "Point", "coordinates": [ -39.3068905, -13.3330729 ] } },
{ "type": "Feature", "properties": { "id_copa": 1282, "talhao": "T16" }, "geometry": { "type": "Point", "coordinates": [ -39.3070168, -13.3324457 ] } },
{ "type": "Feature", "properties": { "id_copa": 1299, "talhao": "T16" }, "geometry": { "type": "Point", "coordinates": [ -39.3068665, -13.3329012 ] } },
{ "type": "Feature", "properties": { "id_copa": 1375, "talhao": "T16" }, "geometry": { "type": "Point", "coordinates": [ -39.3066239, -13.3327299 ] } },
{ "type": "Feature", "properties": { "id_copa": 1381, "talhao": "T16" }, "geometry": { "type": "Point", "coordinates": [ -39.3063533, -13.3327433 ] } },
{ "type": "Feature", "properties": { "id_copa": 1399, "talhao": "T16" }, "geometry": { "type": "Point", "coordinates": [ -39.3066531, -13.3328367 ] } },
{ "type": "Feature", "properties": { "id_copa": 1405, "talhao": "T16" }, "geometry": { "type": "Point", "coordinates": [ -39.3071148, -13.3330972 ] } },
{ "type": "Feature", "properties": { "id_copa": 1423, "talhao": "T16" }, "geometry": { "type": "Point", "coordinates": [ -39.3074275, -13.3325044 ] } },
{ "type": "Feature", "properties": { "id_copa": 1467, "talhao": "T16" }, "geometry": { "type": "Point", "coordinates": [ -39.3073724, -13.3327117 ] } },
{ "type": "Feature", "properties": { "id_copa": 1488, "talhao": "T16" }, "geometry": { "type": "Point", "coordinates": [ -39.3067895, -13.3331434 ] } },
{ "type": "Feature", "properties": { "id_copa": 1504, "talhao": "T16" }, "geometry": { "type": "Point", "coordinates": [ -39.3065075, -13.3327093 ] } },
{ "type": "Feature", "properties": { "id_copa": 1516, "talhao": "T16" }, "geometry": { "type": "Point", "coordinates": [ -39.3076029, -13.3325656 ] } },
{ "type": "Feature", "properties": { "id_copa": 1524, "talhao": "T16" }, "geometry": { "type": "Point", "coordinates": [ -39.3068915, -13.3323953 ] } },
{ "type": "Feature", "properties": { "id_copa": 1537, "talhao": "T16" }, "geometry": { "type": "Point", "coordinates": [ -39.3065111, -13.3329216 ] } },
{ "type": "Feature", "properties": { "id_copa": 1565, "talhao": "T16" }, "geometry": { "type": "Point", "coordinates": [ -39.3073645, -13.3325905 ] } },
{ "type": "Feature", "properties": { "id_copa": 1573, "talhao": "T16" }, "geometry": { "type": "Point", "coordinates": [ -39.3072364, -13.3326245 ] } },
{ "type": "Feature", "properties": { "id_copa": 1581, "talhao": "T16" }, "geometry": { "type": "Point", "coordinates": [ -39.3071195, -13.3324041 ] } },
{ "type": "Feature", "properties": { "id_copa": 1596, "talhao": "T16" }, "geometry": { "type": "Point", "coordinates": [ -39.3064368, -13.3326851 ] } },
{ "type": "Feature", "properties": { "id_copa": 1604, "talhao": "T16" }, "geometry": { "type": "Point", "coordinates": [ -39.3074458, -13.3325521 ] } },
{ "type": "Feature", "properties": { "id_copa": 1613, "talhao": "T16" }, "geometry": { "type": "Point", "coordinates": [ -39.3072877, -13.3325891 ] } },
{ "type": "Feature", "properties": { "id_copa": 1620, "talhao": "T16" }, "geometry": { "type": "Point", "coordinates": [ -39.307042, -13.3324998 ] } },
{ "type": "Feature", "properties": { "id_copa": 1625, "talhao": "T16" }, "geometry": { "type": "Point", "coordinates": [ -39.3068332, -13.3328618 ] } },
{ "type": "Feature", "properties": { "id_copa": 1636, "talhao": "T16" }, "geometry": { "type": "Point", "coordinates": [ -39.3069044, -13.3325318 ] } },
{ "type": "Feature", "properties": { "id_copa": 1658, "talhao": "T16" }, "geometry": { "type": "Point", "coordinates": [ -39.3071996, -13.3324302 ] } },
{ "type": "Feature", "properties": { "id_copa": 1694, "talhao": "T16" }, "geometry": { "type": "Point", "coordinates": [ -39.3069541, -13.3324817 ] } },
{ "type": "Feature", "properties": { "id_copa": 1700, "talhao": "T16" }, "geometry": { "type": "Point", "coordinates": [ -39.3065378, -13.3327852 ] } },
{ "type": "Feature", "properties": { "id_copa": 1737, "talhao": "T16" }, "geometry": { "type": "Point", "coordinates": [ -39.3073085, -13.3327902 ] } },
{ "type": "Feature", "properties": { "id_copa": 1757, "talhao": "T16" }, "geometry": { "type": "Point", "coordinates": [ -39.3062917, -13.3325638 ] } },
{ "type": "Feature", "properties": { "id_copa": 1777, "talhao": "T16" }, "geometry": { "type": "Point", "coordinates": [ -39.3065428, -13.3328644 ] } },
{ "type": "Feature", "properties": { "id_copa": 1784, "talhao": "T16" }, "geometry": { "type": "Point", "coordinates": [ -39.3074754, -13.332637 ] } },
{ "type": "Feature", "properties": { "id_copa": 1789, "talhao": "T16" }, "geometry": { "type": "Point", "coordinates": [ -39.3067392, -13.332475 ] } },
{ "type": "Feature", "properties": { "id_copa": 1796, "talhao": "T16" }, "geometry": { "type": "Point", "coordinates": [ -39.3067192, -13.3326003 ] } },
{ "type": "Feature", "properties": { "id_copa": 1807, "talhao": "T16" }, "geometry": { "type": "Point", "coordinates": [ -39.3072555, -13.3328088 ] } },
{ "type": "Feature", "properties": { "id_copa": 1822, "talhao": "T16" }, "geometry": { "type": "Point", "coordinates": [ -39.3067443, -13.3328565 ] } },
{ "type": "Feature", "properties": { "id_copa": 1878, "talhao": "T16" }, "geometry": { "type": "Point", "coordinates": [ -39.3068323, -13.3325737 ] } },
{ "type": "Feature", "properties": { "id_copa": 7, "talhao": "T17A" }, "geometry": { "type": "Point", "coordinates": [ -39.3065009, -13.3334248 ] } },
{ "type": "Feature", "properties": { "id_copa": 149, "talhao": "T17A" }, "geometry": { "type": "Point", "coordinates": [ -39.3069403, -13.3333492 ] } },
{ "type": "Feature", "properties": { "id_copa": 219, "talhao": "T17A" }, "geometry": { "type": "Point", "coordinates": [ -39.3063842, -13.3332275 ] } },
{ "type": "Feature", "properties": { "id_copa": 220, "talhao": "T17A" }, "geometry": { "type": "Point", "coordinates": [ -39.3070535, -13.3334893 ] } },
{ "type": "Feature", "properties": { "id_copa": 251, "talhao": "T17A" }, "geometry": { "type": "Point", "coordinates": [ -39.3061444, -13.3335907 ] } },
{ "type": "Feature", "properties": { "id_copa": 379, "talhao": "T17A" }, "geometry": { "type": "Point", "coordinates": [ -39.3064609, -13.3333348 ] } },
{ "type": "Feature", "properties": { "id_copa": 569, "talhao": "T17A" }, "geometry": { "type": "Point", "coordinates": [ -39.3070975, -13.3333886 ] } },
{ "type": "Feature", "properties": { "id_copa": 1329, "talhao": "T17A" }, "geometry": { "type": "Point", "coordinates": [ -39.3063195, -13.3334489 ] } },
{ "type": "Feature", "properties": { "id_copa": 1351, "talhao": "T17A" }, "geometry": { "type": "Point", "coordinates": [ -39.3071787, -13.3337417 ] } },
{ "type": "Feature", "properties": { "id_copa": 1502, "talhao": "T17A" }, "geometry": { "type": "Point", "coordinates": [ -39.3059246, -13.3335321 ] } },
{ "type": "Feature", "properties": { "id_copa": 10, "talhao": "T17B" }, "geometry": { "type": "Point", "coordinates": [ -39.3054996, -13.3331321 ] } },
{ "type": "Feature", "properties": { "id_copa": 14, "talhao": "T17B" }, "geometry": { "type": "Point", "coordinates": [ -39.3053411, -13.3326427 ] } },
{ "type": "Feature", "properties": { "id_copa": 27, "talhao": "T17B" }, "geometry": { "type": "Point", "coordinates": [ -39.305888, -13.3320435 ] } },
{ "type": "Feature", "properties": { "id_copa": 28, "talhao": "T17B" }, "geometry": { "type": "Point", "coordinates": [ -39.3054436, -13.332662 ] } },
{ "type": "Feature", "properties": { "id_copa": 44, "talhao": "T17B" }, "geometry": { "type": "Point", "coordinates": [ -39.3057635, -13.3322483 ] } },
{ "type": "Feature", "properties": { "id_copa": 46, "talhao": "T17B" }, "geometry": { "type": "Point", "coordinates": [ -39.3056092, -13.3334431 ] } },
{ "type": "Feature", "properties": { "id_copa": 47, "talhao": "T17B" }, "geometry": { "type": "Point", "coordinates": [ -39.3056238, -13.3320686 ] } },
{ "type": "Feature", "properties": { "id_copa": 49, "talhao": "T17B" }, "geometry": { "type": "Point", "coordinates": [ -39.3057522, -13.3319901 ] } },
{ "type": "Feature", "properties": { "id_copa": 60, "talhao": "T17B" }, "geometry": { "type": "Point", "coordinates": [ -39.3059113, -13.3321659 ] } },
{ "type": "Feature", "properties": { "id_copa": 96, "talhao": "T17B" }, "geometry": { "type": "Point", "coordinates": [ -39.3056356, -13.3334945 ] } },
{ "type": "Feature", "properties": { "id_copa": 116, "talhao": "T17B" }, "geometry": { "type": "Point", "coordinates": [ -39.3053567, -13.3325421 ] } },
{ "type": "Feature", "properties": { "id_copa": 143, "talhao": "T17B" }, "geometry": { "type": "Point", "coordinates": [ -39.305772, -13.3321831 ] } },
{ "type": "Feature", "properties": { "id_copa": 185, "talhao": "T17B" }, "geometry": { "type": "Point", "coordinates": [ -39.3057358, -13.3320499 ] } },
{ "type": "Feature", "properties": { "id_copa": 197, "talhao": "T17B" }, "geometry": { "type": "Point", "coordinates": [ -39.3057887, -13.3323575 ] } },
{ "type": "Feature", "properties": { "id_copa": 226, "talhao": "T17B" }, "geometry": { "type": "Point", "coordinates": [ -39.3056632, -13.3326766 ] } },
{ "type": "Feature", "properties": { "id_copa": 227, "talhao": "T17B" }, "geometry": { "type": "Point", "coordinates": [ -39.3054661, -13.3325505 ] } },
{ "type": "Feature", "properties": { "id_copa": 254, "talhao": "T17B" }, "geometry": { "type": "Point", "coordinates": [ -39.3053236, -13.332356 ] } },
{ "type": "Feature", "properties": { "id_copa": 266, "talhao": "T17B" }, "geometry": { "type": "Point", "coordinates": [ -39.3060055, -13.3316996 ] } },
{ "type": "Feature", "properties": { "id_copa": 284, "talhao": "T17B" }, "geometry": { "type": "Point", "coordinates": [ -39.3054509, -13.3323296 ] } },
{ "type": "Feature", "properties": { "id_copa": 312, "talhao": "T17B" }, "geometry": { "type": "Point", "coordinates": [ -39.3054332, -13.3324456 ] } },
{ "type": "Feature", "properties": { "id_copa": 342, "talhao": "T17B" }, "geometry": { "type": "Point", "coordinates": [ -39.3056239, -13.3321607 ] } },
{ "type": "Feature", "properties": { "id_copa": 370, "talhao": "T17B" }, "geometry": { "type": "Point", "coordinates": [ -39.3056667, -13.3323484 ] } },
{ "type": "Feature", "properties": { "id_copa": 381, "talhao": "T17B" }, "geometry": { "type": "Point", "coordinates": [ -39.3053108, -13.3324857 ] } },
{ "type": "Feature", "properties": { "id_copa": 427, "talhao": "T17B" }, "geometry": { "type": "Point", "coordinates": [ -39.3056383, -13.331998 ] } },
{ "type": "Feature", "properties": { "id_copa": 517, "talhao": "T17B" }, "geometry": { "type": "Point", "coordinates": [ -39.3058756, -13.3326356 ] } },
{ "type": "Feature", "properties": { "id_copa": 522, "talhao": "T17B" }, "geometry": { "type": "Point", "coordinates": [ -39.3056728, -13.3319587 ] } },
{ "type": "Feature", "properties": { "id_copa": 593, "talhao": "T17B" }, "geometry": { "type": "Point", "coordinates": [ -39.3055513, -13.3320863 ] } },
{ "type": "Feature", "properties": { "id_copa": 616, "talhao": "T17B" }, "geometry": { "type": "Point", "coordinates": [ -39.3054254, -13.3321838 ] } },
{ "type": "Feature", "properties": { "id_copa": 651, "talhao": "T17B" }, "geometry": { "type": "Point", "coordinates": [ -39.3059176, -13.3318448 ] } },
{ "type": "Feature", "properties": { "id_copa": 660, "talhao": "T17B" }, "geometry": { "type": "Point", "coordinates": [ -39.3056564, -13.3326098 ] } },
{ "type": "Feature", "properties": { "id_copa": 672, "talhao": "T17B" }, "geometry": { "type": "Point", "coordinates": [ -39.3055478, -13.3322339 ] } },
{ "type": "Feature", "properties": { "id_copa": 802, "talhao": "T17B" }, "geometry": { "type": "Point", "coordinates": [ -39.3057647, -13.3320982 ] } },
{ "type": "Feature", "properties": { "id_copa": 827, "talhao": "T17B" }, "geometry": { "type": "Point", "coordinates": [ -39.3057974, -13.331846 ] } },
{ "type": "Feature", "properties": { "id_copa": 842, "talhao": "T17B" }, "geometry": { "type": "Point", "coordinates": [ -39.3054894, -13.3320954 ] } },
{ "type": "Feature", "properties": { "id_copa": 859, "talhao": "T17B" }, "geometry": { "type": "Point", "coordinates": [ -39.3053318, -13.3324334 ] } },
{ "type": "Feature", "properties": { "id_copa": 864, "talhao": "T17B" }, "geometry": { "type": "Point", "coordinates": [ -39.305702, -13.3320841 ] } },
{ "type": "Feature", "properties": { "id_copa": 895, "talhao": "T17B" }, "geometry": { "type": "Point", "coordinates": [ -39.3058842, -13.332234 ] } },
{ "type": "Feature", "properties": { "id_copa": 947, "talhao": "T17B" }, "geometry": { "type": "Point", "coordinates": [ -39.3061066, -13.3316059 ] } },
{ "type": "Feature", "properties": { "id_copa": 989, "talhao": "T17B" }, "geometry": { "type": "Point", "coordinates": [ -39.3054944, -13.3322744 ] } },
{ "type": "Feature", "properties": { "id_copa": 991, "talhao": "T17B" }, "geometry": { "type": "Point", "coordinates": [ -39.3057502, -13.3324568 ] } },
{ "type": "Feature", "properties": { "id_copa": 1025, "talhao": "T17B" }, "geometry": { "type": "Point", "coordinates": [ -39.3056786, -13.3321506 ] } },
{ "type": "Feature", "properties": { "id_copa": 1082, "talhao": "T17B" }, "geometry": { "type": "Point", "coordinates": [ -39.3058108, -13.3319478 ] } },
{ "type": "Feature", "properties": { "id_copa": 1106, "talhao": "T17B" }, "geometry": { "type": "Point", "coordinates": [ -39.3060035, -13.3317636 ] } },
{ "type": "Feature", "properties": { "id_copa": 1114, "talhao": "T17B" }, "geometry": { "type": "Point", "coordinates": [ -39.3054459, -13.3323975 ] } },
{ "type": "Feature", "properties": { "id_copa": 1242, "talhao": "T17B" }, "geometry": { "type": "Point", "coordinates": [ -39.3058143, -13.3321392 ] } },
{ "type": "Feature", "properties": { "id_copa": 1352, "talhao": "T17B" }, "geometry": { "type": "Point", "coordinates": [ -39.3059808, -13.3319486 ] } },
{ "type": "Feature", "properties": { "id_copa": 1387, "talhao": "T17B" }, "geometry": { "type": "Point", "coordinates": [ -39.3058129, -13.3317769 ] } },
{ "type": "Feature", "properties": { "id_copa": 1408, "talhao": "T17B" }, "geometry": { "type": "Point", "coordinates": [ -39.3058263, -13.3331657 ] } },
{ "type": "Feature", "properties": { "id_copa": 1411, "talhao": "T17B" }, "geometry": { "type": "Point", "coordinates": [ -39.3059473, -13.3314311 ] } },
{ "type": "Feature", "properties": { "id_copa": 1413, "talhao": "T17B" }, "geometry": { "type": "Point", "coordinates": [ -39.3056238, -13.3322769 ] } },
{ "type": "Feature", "properties": { "id_copa": 1496, "talhao": "T17B" }, "geometry": { "type": "Point", "coordinates": [ -39.3059729, -13.3318075 ] } },
{ "type": "Feature", "properties": { "id_copa": 1559, "talhao": "T17B" }, "geometry": { "type": "Point", "coordinates": [ -39.3057775, -13.3324167 ] } },
{ "type": "Feature", "properties": { "id_copa": 1731, "talhao": "T17B" }, "geometry": { "type": "Point", "coordinates": [ -39.3056905, -13.3322604 ] } },
{ "type": "Feature", "properties": { "id_copa": 1743, "talhao": "T17B" }, "geometry": { "type": "Point", "coordinates": [ -39.3056947, -13.3324151 ] } },
{ "type": "Feature", "properties": { "id_copa": 1862, "talhao": "T17B" }, "geometry": { "type": "Point", "coordinates": [ -39.3058454, -13.3321897 ] } },
{ "type": "Feature", "properties": { "id_copa": 1870, "talhao": "T17B" }, "geometry": { "type": "Point", "coordinates": [ -39.3054373, -13.332112 ] } },
{ "type": "Feature", "properties": { "id_copa": 1872, "talhao": "T17B" }, "geometry": { "type": "Point", "coordinates": [ -39.3057038, -13.3318897 ] } },
{ "type": "Feature", "properties": { "id_copa": 71, "talhao": "T17C" }, "geometry": { "type": "Point", "coordinates": [ -39.3073441, -13.3316015 ] } },
{ "type": "Feature", "properties": { "id_copa": 97, "talhao": "T17C" }, "geometry": { "type": "Point", "coordinates": [ -39.3065516, -13.3315917 ] } },
{ "type": "Feature", "properties": { "id_copa": 157, "talhao": "T17C" }, "geometry": { "type": "Point", "coordinates": [ -39.3068239, -13.331654 ] } },
{ "type": "Feature", "properties": { "id_copa": 206, "talhao": "T17C" }, "geometry": { "type": "Point", "coordinates": [ -39.3060931, -13.3315139 ] } },
{ "type": "Feature", "properties": { "id_copa": 287, "talhao": "T17C" }, "geometry": { "type": "Point", "coordinates": [ -39.3068925, -13.3313718 ] } },
{ "type": "Feature", "properties": { "id_copa": 449, "talhao": "T17C" }, "geometry": { "type": "Point", "coordinates": [ -39.3067129, -13.3315463 ] } },
{ "type": "Feature", "properties": { "id_copa": 505, "talhao": "T17C" }, "geometry": { "type": "Point", "coordinates": [ -39.3074448, -13.3313517 ] } },
{ "type": "Feature", "properties": { "id_copa": 611, "talhao": "T17C" }, "geometry": { "type": "Point", "coordinates": [ -39.3073397, -13.3313269 ] } },
{ "type": "Feature", "properties": { "id_copa": 732, "talhao": "T17C" }, "geometry": { "type": "Point", "coordinates": [ -39.3073882, -13.3315198 ] } },
{ "type": "Feature", "properties": { "id_copa": 1069, "talhao": "T17C" }, "geometry": { "type": "Point", "coordinates": [ -39.3070372, -13.3312475 ] } },
{ "type": "Feature", "properties": { "id_copa": 1101, "talhao": "T17C" }, "geometry": { "type": "Point", "coordinates": [ -39.3069669, -13.3316137 ] } },
{ "type": "Feature", "properties": { "id_copa": 1112, "talhao": "T17C" }, "geometry": { "type": "Point", "coordinates": [ -39.3072619, -13.3312925 ] } },
{ "type": "Feature", "properties": { "id_copa": 1253, "talhao": "T17C" }, "geometry": { "type": "Point", "coordinates": [ -39.3072569, -13.3315835 ] } },
{ "type": "Feature", "properties": { "id_copa": 1296, "talhao": "T17C" }, "geometry": { "type": "Point", "coordinates": [ -39.3068209, -13.3315657 ] } },
{ "type": "Feature", "properties": { "id_copa": 1318, "talhao": "T17C" }, "geometry": { "type": "Point", "coordinates": [ -39.3071994, -13.3315645 ] } },
{ "type": "Feature", "properties": { "id_copa": 1334, "talhao": "T17C" }, "geometry": { "type": "Point", "coordinates": [ -39.3072631, -13.3314896 ] } },
{ "type": "Feature", "properties": { "id_copa": 1357, "talhao": "T17C" }, "geometry": { "type": "Point", "coordinates": [ -39.3072967, -13.3316865 ] } },
{ "type": "Feature", "properties": { "id_copa": 1439, "talhao": "T17C" }, "geometry": { "type": "Point", "coordinates": [ -39.3069168, -13.3315802 ] } },
{ "type": "Feature", "properties": { "id_copa": 1491, "talhao": "T17C" }, "geometry": { "type": "Point", "coordinates": [ -39.3071783, -13.3312798 ] } },
{ "type": "Feature", "properties": { "id_copa": 1509, "talhao": "T17C" }, "geometry": { "type": "Point", "coordinates": [ -39.3068817, -13.3314867 ] } },
{ "type": "Feature", "properties": { "id_copa": 1542, "talhao": "T17C" }, "geometry": { "type": "Point", "coordinates": [ -39.3070739, -13.3314457 ] } },
{ "type": "Feature", "properties": { "id_copa": 1580, "talhao": "T17C" }, "geometry": { "type": "Point", "coordinates": [ -39.3070043, -13.3314195 ] } },
{ "type": "Feature", "properties": { "id_copa": 1621, "talhao": "T17C" }, "geometry": { "type": "Point", "coordinates": [ -39.3064104, -13.3312541 ] } },
{ "type": "Feature", "properties": { "id_copa": 1709, "talhao": "T17C" }, "geometry": { "type": "Point", "coordinates": [ -39.3073315, -13.3314969 ] } },
{ "type": "Feature", "properties": { "id_copa": 1788, "talhao": "T17C" }, "geometry": { "type": "Point", "coordinates": [ -39.3070657, -13.3316258 ] } },
{ "type": "Feature", "properties": { "id_copa": 1858, "talhao": "T17C" }, "geometry": { "type": "Point", "coordinates": [ -39.3069748, -13.3312248 ] } },
{ "type": "Feature", "properties": { "id_copa": 35, "talhao": "T17D" }, "geometry": { "type": "Point", "coordinates": [ -39.3079405, -13.3323115 ] } },
{ "type": "Feature", "properties": { "id_copa": 37, "talhao": "T17D" }, "geometry": { "type": "Point", "coordinates": [ -39.3074999, -13.3320132 ] } },
{ "type": "Feature", "properties": { "id_copa": 41, "talhao": "T17D" }, "geometry": { "type": "Point", "coordinates": [ -39.3073774, -13.3317034 ] } },
{ "type": "Feature", "properties": { "id_copa": 217, "talhao": "T17D" }, "geometry": { "type": "Point", "coordinates": [ -39.3074433, -13.3317278 ] } },
{ "type": "Feature", "properties": { "id_copa": 223, "talhao": "T17D" }, "geometry": { "type": "Point", "coordinates": [ -39.3075787, -13.332305 ] } },
{ "type": "Feature", "properties": { "id_copa": 698, "talhao": "T17D" }, "geometry": { "type": "Point", "coordinates": [ -39.3078957, -13.3324614 ] } },
{ "type": "Feature", "properties": { "id_copa": 709, "talhao": "T17D" }, "geometry": { "type": "Point", "coordinates": [ -39.307839, -13.3323138 ] } },
{ "type": "Feature", "properties": { "id_copa": 1048, "talhao": "T17D" }, "geometry": { "type": "Point", "coordinates": [ -39.3076842, -13.3324104 ] } },
{ "type": "Feature", "properties": { "id_copa": 1161, "talhao": "T17D" }, "geometry": { "type": "Point", "coordinates": [ -39.3077725, -13.3323514 ] } },
{ "type": "Feature", "properties": { "id_copa": 52, "talhao": "T17E" }, "geometry": { "type": "Point", "coordinates": [ -39.3060316, -13.3319008 ] } },
{ "type": "Feature", "properties": { "id_copa": 788, "talhao": "T17E" }, "geometry": { "type": "Point", "coordinates": [ -39.3061109, -13.3317559 ] } },
{ "type": "Feature", "properties": { "id_copa": 789, "talhao": "T17E" }, "geometry": { "type": "Point", "coordinates": [ -39.3060229, -13.3320903 ] } },
{ "type": "Feature", "properties": { "id_copa": 1407, "talhao": "T17E" }, "geometry": { "type": "Point", "coordinates": [ -39.3061706, -13.3316724 ] } },
{ "type": "Feature", "properties": { "id_copa": 156, "talhao": "T17F" }, "geometry": { "type": "Point", "coordinates": [ -39.3068753, -13.3323082 ] } },
{ "type": "Feature", "properties": { "id_copa": 5, "talhao": "T18" }, "geometry": { "type": "Point", "coordinates": [ -39.3086426, -13.3298011 ] } },
{ "type": "Feature", "properties": { "id_copa": 9, "talhao": "T18" }, "geometry": { "type": "Point", "coordinates": [ -39.3089597, -13.3297081 ] } },
{ "type": "Feature", "properties": { "id_copa": 13, "talhao": "T18" }, "geometry": { "type": "Point", "coordinates": [ -39.3085173, -13.3302807 ] } },
{ "type": "Feature", "properties": { "id_copa": 17, "talhao": "T18" }, "geometry": { "type": "Point", "coordinates": [ -39.3089884, -13.3300502 ] } },
{ "type": "Feature", "properties": { "id_copa": 32, "talhao": "T18" }, "geometry": { "type": "Point", "coordinates": [ -39.3089522, -13.3297867 ] } },
{ "type": "Feature", "properties": { "id_copa": 34, "talhao": "T18" }, "geometry": { "type": "Point", "coordinates": [ -39.308654, -13.3301261 ] } },
{ "type": "Feature", "properties": { "id_copa": 43, "talhao": "T18" }, "geometry": { "type": "Point", "coordinates": [ -39.3088832, -13.3301848 ] } },
{ "type": "Feature", "properties": { "id_copa": 53, "talhao": "T18" }, "geometry": { "type": "Point", "coordinates": [ -39.3085583, -13.330193 ] } },
{ "type": "Feature", "properties": { "id_copa": 86, "talhao": "T18" }, "geometry": { "type": "Point", "coordinates": [ -39.3089833, -13.3299026 ] } },
{ "type": "Feature", "properties": { "id_copa": 112, "talhao": "T18" }, "geometry": { "type": "Point", "coordinates": [ -39.3086402, -13.3298972 ] } },
{ "type": "Feature", "properties": { "id_copa": 142, "talhao": "T18" }, "geometry": { "type": "Point", "coordinates": [ -39.3086674, -13.3295464 ] } },
{ "type": "Feature", "properties": { "id_copa": 175, "talhao": "T18" }, "geometry": { "type": "Point", "coordinates": [ -39.3089742, -13.3301299 ] } },
{ "type": "Feature", "properties": { "id_copa": 181, "talhao": "T18" }, "geometry": { "type": "Point", "coordinates": [ -39.3087651, -13.329832 ] } },
{ "type": "Feature", "properties": { "id_copa": 208, "talhao": "T18" }, "geometry": { "type": "Point", "coordinates": [ -39.3090837, -13.3301636 ] } },
{ "type": "Feature", "properties": { "id_copa": 218, "talhao": "T18" }, "geometry": { "type": "Point", "coordinates": [ -39.3091732, -13.3297626 ] } },
{ "type": "Feature", "properties": { "id_copa": 241, "talhao": "T18" }, "geometry": { "type": "Point", "coordinates": [ -39.3087382, -13.3296293 ] } },
{ "type": "Feature", "properties": { "id_copa": 583, "talhao": "T18" }, "geometry": { "type": "Point", "coordinates": [ -39.3087758, -13.3301623 ] } },
{ "type": "Feature", "properties": { "id_copa": 715, "talhao": "T18" }, "geometry": { "type": "Point", "coordinates": [ -39.3087445, -13.3297364 ] } },
{ "type": "Feature", "properties": { "id_copa": 815, "talhao": "T18" }, "geometry": { "type": "Point", "coordinates": [ -39.3091595, -13.3298609 ] } },
{ "type": "Feature", "properties": { "id_copa": 822, "talhao": "T18" }, "geometry": { "type": "Point", "coordinates": [ -39.3090711, -13.3299327 ] } },
{ "type": "Feature", "properties": { "id_copa": 959, "talhao": "T18" }, "geometry": { "type": "Point", "coordinates": [ -39.3088085, -13.3302514 ] } },
{ "type": "Feature", "properties": { "id_copa": 960, "talhao": "T18" }, "geometry": { "type": "Point", "coordinates": [ -39.3082647, -13.3291189 ] } },
{ "type": "Feature", "properties": { "id_copa": 1019, "talhao": "T18" }, "geometry": { "type": "Point", "coordinates": [ -39.309125, -13.3295741 ] } },
{ "type": "Feature", "properties": { "id_copa": 1054, "talhao": "T18" }, "geometry": { "type": "Point", "coordinates": [ -39.3087663, -13.3299262 ] } },
{ "type": "Feature", "properties": { "id_copa": 1388, "talhao": "T18" }, "geometry": { "type": "Point", "coordinates": [ -39.3088621, -13.3298568 ] } },
{ "type": "Feature", "properties": { "id_copa": 1637, "talhao": "T18" }, "geometry": { "type": "Point", "coordinates": [ -39.3090701, -13.3301188 ] } },
{ "type": "Feature", "properties": { "id_copa": 1648, "talhao": "T18" }, "geometry": { "type": "Point", "coordinates": [ -39.3084678, -13.329762 ] } },
{ "type": "Feature", "properties": { "id_copa": 8, "talhao": "T1" }, "geometry": { "type": "Point", "coordinates": [ -39.3112006, -13.3337347 ] } },
{ "type": "Feature", "properties": { "id_copa": 15, "talhao": "T1" }, "geometry": { "type": "Point", "coordinates": [ -39.3122955, -13.3324468 ] } },
{ "type": "Feature", "properties": { "id_copa": 22, "talhao": "T1" }, "geometry": { "type": "Point", "coordinates": [ -39.3110123, -13.3329309 ] } },
{ "type": "Feature", "properties": { "id_copa": 56, "talhao": "T1" }, "geometry": { "type": "Point", "coordinates": [ -39.3108609, -13.3337259 ] } },
{ "type": "Feature", "properties": { "id_copa": 73, "talhao": "T1" }, "geometry": { "type": "Point", "coordinates": [ -39.3112438, -13.3334545 ] } },
{ "type": "Feature", "properties": { "id_copa": 74, "talhao": "T1" }, "geometry": { "type": "Point", "coordinates": [ -39.3109955, -13.3330811 ] } },
{ "type": "Feature", "properties": { "id_copa": 84, "talhao": "T1" }, "geometry": { "type": "Point", "coordinates": [ -39.3105663, -13.3340315 ] } },
{ "type": "Feature", "properties": { "id_copa": 88, "talhao": "T1" }, "geometry": { "type": "Point", "coordinates": [ -39.3107417, -13.3337534 ] } },
{ "type": "Feature", "properties": { "id_copa": 90, "talhao": "T1" }, "geometry": { "type": "Point", "coordinates": [ -39.3112045, -13.3336177 ] } },
{ "type": "Feature", "properties": { "id_copa": 93, "talhao": "T1" }, "geometry": { "type": "Point", "coordinates": [ -39.3110042, -13.3332268 ] } },
{ "type": "Feature", "properties": { "id_copa": 95, "talhao": "T1" }, "geometry": { "type": "Point", "coordinates": [ -39.3113362, -13.3326598 ] } },
{ "type": "Feature", "properties": { "id_copa": 98, "talhao": "T1" }, "geometry": { "type": "Point", "coordinates": [ -39.3105728, -13.3341707 ] } },
{ "type": "Feature", "properties": { "id_copa": 133, "talhao": "T1" }, "geometry": { "type": "Point", "coordinates": [ -39.3115813, -13.3326508 ] } },
{ "type": "Feature", "properties": { "id_copa": 151, "talhao": "T1" }, "geometry": { "type": "Point", "coordinates": [ -39.3103875, -13.334109 ] } },
{ "type": "Feature", "properties": { "id_copa": 165, "talhao": "T1" }, "geometry": { "type": "Point", "coordinates": [ -39.3107959, -13.3335886 ] } },
{ "type": "Feature", "properties": { "id_copa": 186, "talhao": "T1" }, "geometry": { "type": "Point", "coordinates": [ -39.3113195, -13.3333443 ] } },
{ "type": "Feature", "properties": { "id_copa": 187, "talhao": "T1" }, "geometry": { "type": "Point", "coordinates": [ -39.3121414, -13.3326581 ] } },
{ "type": "Feature", "properties": { "id_copa": 188, "talhao": "T1" }, "geometry": { "type": "Point", "coordinates": [ -39.3117136, -13.3327364 ] } },
{ "type": "Feature", "properties": { "id_copa": 196, "talhao": "T1" }, "geometry": { "type": "Point", "coordinates": [ -39.3105084, -13.3341222 ] } },
{ "type": "Feature", "properties": { "id_copa": 199, "talhao": "T1" }, "geometry": { "type": "Point", "coordinates": [ -39.311009, -13.332745 ] } },
{ "type": "Feature", "properties": { "id_copa": 213, "talhao": "T1" }, "geometry": { "type": "Point", "coordinates": [ -39.3112439, -13.332958 ] } },
{ "type": "Feature", "properties": { "id_copa": 228, "talhao": "T1" }, "geometry": { "type": "Point", "coordinates": [ -39.3123851, -13.3324675 ] } },
{ "type": "Feature", "properties": { "id_copa": 230, "talhao": "T1" }, "geometry": { "type": "Point", "coordinates": [ -39.3107655, -13.3342284 ] } },
{ "type": "Feature", "properties": { "id_copa": 232, "talhao": "T1" }, "geometry": { "type": "Point", "coordinates": [ -39.3105607, -13.3337746 ] } },
{ "type": "Feature", "properties": { "id_copa": 256, "talhao": "T1" }, "geometry": { "type": "Point", "coordinates": [ -39.3113185, -13.3330437 ] } },
{ "type": "Feature", "properties": { "id_copa": 264, "talhao": "T1" }, "geometry": { "type": "Point", "coordinates": [ -39.3124616, -13.332244 ] } },
{ "type": "Feature", "properties": { "id_copa": 269, "talhao": "T1" }, "geometry": { "type": "Point", "coordinates": [ -39.3112156, -13.3340695 ] } },
{ "type": "Feature", "properties": { "id_copa": 270, "talhao": "T1" }, "geometry": { "type": "Point", "coordinates": [ -39.3109979, -13.3333646 ] } },
{ "type": "Feature", "properties": { "id_copa": 273, "talhao": "T1" }, "geometry": { "type": "Point", "coordinates": [ -39.3113939, -13.3333071 ] } },
{ "type": "Feature", "properties": { "id_copa": 279, "talhao": "T1" }, "geometry": { "type": "Point", "coordinates": [ -39.3120359, -13.3324316 ] } },
{ "type": "Feature", "properties": { "id_copa": 291, "talhao": "T1" }, "geometry": { "type": "Point", "coordinates": [ -39.3113446, -13.3327612 ] } },
{ "type": "Feature", "properties": { "id_copa": 295, "talhao": "T1" }, "geometry": { "type": "Point", "coordinates": [ -39.3105389, -13.3338636 ] } },
{ "type": "Feature", "properties": { "id_copa": 297, "talhao": "T1" }, "geometry": { "type": "Point", "coordinates": [ -39.3108503, -13.3334392 ] } },
{ "type": "Feature", "properties": { "id_copa": 299, "talhao": "T1" }, "geometry": { "type": "Point", "coordinates": [ -39.3121728, -13.332592 ] } },
{ "type": "Feature", "properties": { "id_copa": 308, "talhao": "T1" }, "geometry": { "type": "Point", "coordinates": [ -39.3124512, -13.3324156 ] } },
{ "type": "Feature", "properties": { "id_copa": 325, "talhao": "T1" }, "geometry": { "type": "Point", "coordinates": [ -39.3118864, -13.3323675 ] } },
{ "type": "Feature", "properties": { "id_copa": 330, "talhao": "T1" }, "geometry": { "type": "Point", "coordinates": [ -39.3116229, -13.3327673 ] } },
{ "type": "Feature", "properties": { "id_copa": 331, "talhao": "T1" }, "geometry": { "type": "Point", "coordinates": [ -39.3112513, -13.3333452 ] } },
{ "type": "Feature", "properties": { "id_copa": 348, "talhao": "T1" }, "geometry": { "type": "Point", "coordinates": [ -39.312023, -13.3325809 ] } },
{ "type": "Feature", "properties": { "id_copa": 349, "talhao": "T1" }, "geometry": { "type": "Point", "coordinates": [ -39.3106466, -13.333929 ] } },
{ "type": "Feature", "properties": { "id_copa": 350, "talhao": "T1" }, "geometry": { "type": "Point", "coordinates": [ -39.3113911, -13.3328797 ] } },
{ "type": "Feature", "properties": { "id_copa": 353, "talhao": "T1" }, "geometry": { "type": "Point", "coordinates": [ -39.3109418, -13.3329731 ] } },
{ "type": "Feature", "properties": { "id_copa": 355, "talhao": "T1" }, "geometry": { "type": "Point", "coordinates": [ -39.3124609, -13.3320802 ] } },
{ "type": "Feature", "properties": { "id_copa": 358, "talhao": "T1" }, "geometry": { "type": "Point", "coordinates": [ -39.3111601, -13.3333713 ] } },
{ "type": "Feature", "properties": { "id_copa": 361, "talhao": "T1" }, "geometry": { "type": "Point", "coordinates": [ -39.3104492, -13.3336959 ] } },
{ "type": "Feature", "properties": { "id_copa": 367, "talhao": "T1" }, "geometry": { "type": "Point", "coordinates": [ -39.3111501, -13.3328527 ] } },
{ "type": "Feature", "properties": { "id_copa": 391, "talhao": "T1" }, "geometry": { "type": "Point", "coordinates": [ -39.3111419, -13.3327396 ] } },
{ "type": "Feature", "properties": { "id_copa": 397, "talhao": "T1" }, "geometry": { "type": "Point", "coordinates": [ -39.3114164, -13.3326859 ] } },
{ "type": "Feature", "properties": { "id_copa": 398, "talhao": "T1" }, "geometry": { "type": "Point", "coordinates": [ -39.3109021, -13.3337854 ] } },
{ "type": "Feature", "properties": { "id_copa": 404, "talhao": "T1" }, "geometry": { "type": "Point", "coordinates": [ -39.3104716, -13.3331749 ] } },
{ "type": "Feature", "properties": { "id_copa": 407, "talhao": "T1" }, "geometry": { "type": "Point", "coordinates": [ -39.3115693, -13.3327313 ] } },
{ "type": "Feature", "properties": { "id_copa": 413, "talhao": "T1" }, "geometry": { "type": "Point", "coordinates": [ -39.3106675, -13.3337264 ] } },
{ "type": "Feature", "properties": { "id_copa": 425, "talhao": "T1" }, "geometry": { "type": "Point", "coordinates": [ -39.3120561, -13.3326398 ] } },
{ "type": "Feature", "properties": { "id_copa": 439, "talhao": "T1" }, "geometry": { "type": "Point", "coordinates": [ -39.3109319, -13.3332578 ] } },
{ "type": "Feature", "properties": { "id_copa": 443, "talhao": "T1" }, "geometry": { "type": "Point", "coordinates": [ -39.3109968, -13.3330141 ] } },
{ "type": "Feature", "properties": { "id_copa": 457, "talhao": "T1" }, "geometry": { "type": "Point", "coordinates": [ -39.3123368, -13.3321486 ] } },
{ "type": "Feature", "properties": { "id_copa": 460, "talhao": "T1" }, "geometry": { "type": "Point", "coordinates": [ -39.3108589, -13.3339282 ] } },
{ "type": "Feature", "properties": { "id_copa": 464, "talhao": "T1" }, "geometry": { "type": "Point", "coordinates": [ -39.3121313, -13.3323387 ] } },
{ "type": "Feature", "properties": { "id_copa": 467, "talhao": "T1" }, "geometry": { "type": "Point", "coordinates": [ -39.3108743, -13.3333507 ] } },
{ "type": "Feature", "properties": { "id_copa": 478, "talhao": "T1" }, "geometry": { "type": "Point", "coordinates": [ -39.310515, -13.3329074 ] } },
{ "type": "Feature", "properties": { "id_copa": 486, "talhao": "T1" }, "geometry": { "type": "Point", "coordinates": [ -39.3106647, -13.3338058 ] } },
{ "type": "Feature", "properties": { "id_copa": 488, "talhao": "T1" }, "geometry": { "type": "Point", "coordinates": [ -39.312381, -13.3322733 ] } },
{ "type": "Feature", "properties": { "id_copa": 497, "talhao": "T1" }, "geometry": { "type": "Point", "coordinates": [ -39.3114749, -13.3328457 ] } },
{ "type": "Feature", "properties": { "id_copa": 500, "talhao": "T1" }, "geometry": { "type": "Point", "coordinates": [ -39.3122149, -13.3319237 ] } },
{ "type": "Feature", "properties": { "id_copa": 508, "talhao": "T1" }, "geometry": { "type": "Point", "coordinates": [ -39.3108468, -13.333292 ] } },
{ "type": "Feature", "properties": { "id_copa": 511, "talhao": "T1" }, "geometry": { "type": "Point", "coordinates": [ -39.312584, -13.3321583 ] } },
{ "type": "Feature", "properties": { "id_copa": 514, "talhao": "T1" }, "geometry": { "type": "Point", "coordinates": [ -39.3115349, -13.3331764 ] } },
{ "type": "Feature", "properties": { "id_copa": 515, "talhao": "T1" }, "geometry": { "type": "Point", "coordinates": [ -39.3107527, -13.3338827 ] } },
{ "type": "Feature", "properties": { "id_copa": 519, "talhao": "T1" }, "geometry": { "type": "Point", "coordinates": [ -39.3106584, -13.3340466 ] } },
{ "type": "Feature", "properties": { "id_copa": 524, "talhao": "T1" }, "geometry": { "type": "Point", "coordinates": [ -39.3111738, -13.3329975 ] } },
{ "type": "Feature", "properties": { "id_copa": 527, "talhao": "T1" }, "geometry": { "type": "Point", "coordinates": [ -39.3114191, -13.3331583 ] } },
{ "type": "Feature", "properties": { "id_copa": 530, "talhao": "T1" }, "geometry": { "type": "Point", "coordinates": [ -39.3109223, -13.3334021 ] } },
{ "type": "Feature", "properties": { "id_copa": 534, "talhao": "T1" }, "geometry": { "type": "Point", "coordinates": [ -39.3115648, -13.3328138 ] } },
{ "type": "Feature", "properties": { "id_copa": 556, "talhao": "T1" }, "geometry": { "type": "Point", "coordinates": [ -39.3104862, -13.3333064 ] } },
{ "type": "Feature", "properties": { "id_copa": 563, "talhao": "T1" }, "geometry": { "type": "Point", "coordinates": [ -39.3109143, -13.3340428 ] } },
{ "type": "Feature", "properties": { "id_copa": 573, "talhao": "T1" }, "geometry": { "type": "Point", "coordinates": [ -39.3111177, -13.3334512 ] } },
{ "type": "Feature", "properties": { "id_copa": 575, "talhao": "T1" }, "geometry": { "type": "Point", "coordinates": [ -39.3114671, -13.332976 ] } },
{ "type": "Feature", "properties": { "id_copa": 576, "talhao": "T1" }, "geometry": { "type": "Point", "coordinates": [ -39.3120981, -13.3327723 ] } },
{ "type": "Feature", "properties": { "id_copa": 577, "talhao": "T1" }, "geometry": { "type": "Point", "coordinates": [ -39.310728, -13.3330265 ] } },
{ "type": "Feature", "properties": { "id_copa": 579, "talhao": "T1" }, "geometry": { "type": "Point", "coordinates": [ -39.3108828, -13.333212 ] } },
{ "type": "Feature", "properties": { "id_copa": 582, "talhao": "T1" }, "geometry": { "type": "Point", "coordinates": [ -39.311115, -13.3333079 ] } },
{ "type": "Feature", "properties": { "id_copa": 584, "talhao": "T1" }, "geometry": { "type": "Point", "coordinates": [ -39.3108677, -13.3331446 ] } },
{ "type": "Feature", "properties": { "id_copa": 587, "talhao": "T1" }, "geometry": { "type": "Point", "coordinates": [ -39.3104981, -13.3331005 ] } },
{ "type": "Feature", "properties": { "id_copa": 598, "talhao": "T1" }, "geometry": { "type": "Point", "coordinates": [ -39.3109834, -13.3328176 ] } },
{ "type": "Feature", "properties": { "id_copa": 599, "talhao": "T1" }, "geometry": { "type": "Point", "coordinates": [ -39.3106727, -13.3331623 ] } },
{ "type": "Feature", "properties": { "id_copa": 608, "talhao": "T1" }, "geometry": { "type": "Point", "coordinates": [ -39.311029, -13.332868 ] } },
{ "type": "Feature", "properties": { "id_copa": 618, "talhao": "T1" }, "geometry": { "type": "Point", "coordinates": [ -39.3106869, -13.3339851 ] } },
{ "type": "Feature", "properties": { "id_copa": 625, "talhao": "T1" }, "geometry": { "type": "Point", "coordinates": [ -39.3115524, -13.3328781 ] } },
{ "type": "Feature", "properties": { "id_copa": 633, "talhao": "T1" }, "geometry": { "type": "Point", "coordinates": [ -39.311893, -13.3326423 ] } },
{ "type": "Feature", "properties": { "id_copa": 637, "talhao": "T1" }, "geometry": { "type": "Point", "coordinates": [ -39.312213, -13.3321693 ] } },
{ "type": "Feature", "properties": { "id_copa": 638, "talhao": "T1" }, "geometry": { "type": "Point", "coordinates": [ -39.3114223, -13.3324885 ] } },
{ "type": "Feature", "properties": { "id_copa": 650, "talhao": "T1" }, "geometry": { "type": "Point", "coordinates": [ -39.3122826, -13.3323823 ] } },
{ "type": "Feature", "properties": { "id_copa": 656, "talhao": "T1" }, "geometry": { "type": "Point", "coordinates": [ -39.3107461, -13.3332085 ] } },
{ "type": "Feature", "properties": { "id_copa": 667, "talhao": "T1" }, "geometry": { "type": "Point", "coordinates": [ -39.3117933, -13.3328333 ] } },
{ "type": "Feature", "properties": { "id_copa": 671, "talhao": "T1" }, "geometry": { "type": "Point", "coordinates": [ -39.3114815, -13.3332517 ] } },
{ "type": "Feature", "properties": { "id_copa": 675, "talhao": "T1" }, "geometry": { "type": "Point", "coordinates": [ -39.3109688, -13.3328903 ] } },
{ "type": "Feature", "properties": { "id_copa": 689, "talhao": "T1" }, "geometry": { "type": "Point", "coordinates": [ -39.310755, -13.333336 ] } },
{ "type": "Feature", "properties": { "id_copa": 695, "talhao": "T1" }, "geometry": { "type": "Point", "coordinates": [ -39.3125166, -13.3321954 ] } },
{ "type": "Feature", "properties": { "id_copa": 696, "talhao": "T1" }, "geometry": { "type": "Point", "coordinates": [ -39.3114583, -13.332644 ] } },
{ "type": "Feature", "properties": { "id_copa": 700, "talhao": "T1" }, "geometry": { "type": "Point", "coordinates": [ -39.3108481, -13.3339935 ] } },
{ "type": "Feature", "properties": { "id_copa": 708, "talhao": "T1" }, "geometry": { "type": "Point", "coordinates": [ -39.311316, -13.3333999 ] } },
{ "type": "Feature", "properties": { "id_copa": 714, "talhao": "T1" }, "geometry": { "type": "Point", "coordinates": [ -39.3106154, -13.3332703 ] } },
{ "type": "Feature", "properties": { "id_copa": 723, "talhao": "T1" }, "geometry": { "type": "Point", "coordinates": [ -39.310777, -13.3339647 ] } },
{ "type": "Feature", "properties": { "id_copa": 733, "talhao": "T1" }, "geometry": { "type": "Point", "coordinates": [ -39.3108636, -13.333 ] } },
{ "type": "Feature", "properties": { "id_copa": 737, "talhao": "T1" }, "geometry": { "type": "Point", "coordinates": [ -39.3107755, -13.3330607 ] } },
{ "type": "Feature", "properties": { "id_copa": 748, "talhao": "T1" }, "geometry": { "type": "Point", "coordinates": [ -39.3120827, -13.3327031 ] } },
{ "type": "Feature", "properties": { "id_copa": 750, "talhao": "T1" }, "geometry": { "type": "Point", "coordinates": [ -39.3107852, -13.3334762 ] } },
{ "type": "Feature", "properties": { "id_copa": 751, "talhao": "T1" }, "geometry": { "type": "Point", "coordinates": [ -39.312562, -13.331963 ] } },
{ "type": "Feature", "properties": { "id_copa": 757, "talhao": "T1" }, "geometry": { "type": "Point", "coordinates": [ -39.3108713, -13.3338515 ] } },
{ "type": "Feature", "properties": { "id_copa": 761, "talhao": "T1" }, "geometry": { "type": "Point", "coordinates": [ -39.3105877, -13.3335711 ] } },
{ "type": "Feature", "properties": { "id_copa": 762, "talhao": "T1" }, "geometry": { "type": "Point", "coordinates": [ -39.3119477, -13.3326017 ] } },
{ "type": "Feature", "properties": { "id_copa": 779, "talhao": "T1" }, "geometry": { "type": "Point", "coordinates": [ -39.3106816, -13.3332987 ] } },
{ "type": "Feature", "properties": { "id_copa": 781, "talhao": "T1" }, "geometry": { "type": "Point", "coordinates": [ -39.3116863, -13.3326099 ] } },
{ "type": "Feature", "properties": { "id_copa": 782, "talhao": "T1" }, "geometry": { "type": "Point", "coordinates": [ -39.3117924, -13.3327695 ] } },
{ "type": "Feature", "properties": { "id_copa": 784, "talhao": "T1" }, "geometry": { "type": "Point", "coordinates": [ -39.3105111, -13.333024 ] } },
{ "type": "Feature", "properties": { "id_copa": 792, "talhao": "T1" }, "geometry": { "type": "Point", "coordinates": [ -39.3118784, -13.3327847 ] } },
{ "type": "Feature", "properties": { "id_copa": 794, "talhao": "T1" }, "geometry": { "type": "Point", "coordinates": [ -39.3117094, -13.3330109 ] } },
{ "type": "Feature", "properties": { "id_copa": 797, "talhao": "T1" }, "geometry": { "type": "Point", "coordinates": [ -39.3106886, -13.3328222 ] } },
{ "type": "Feature", "properties": { "id_copa": 801, "talhao": "T1" }, "geometry": { "type": "Point", "coordinates": [ -39.3117324, -13.3322841 ] } },
{ "type": "Feature", "properties": { "id_copa": 804, "talhao": "T1" }, "geometry": { "type": "Point", "coordinates": [ -39.3105497, -13.3339662 ] } },
{ "type": "Feature", "properties": { "id_copa": 823, "talhao": "T1" }, "geometry": { "type": "Point", "coordinates": [ -39.3113219, -13.3329244 ] } },
{ "type": "Feature", "properties": { "id_copa": 830, "talhao": "T1" }, "geometry": { "type": "Point", "coordinates": [ -39.3110085, -13.3339392 ] } },
{ "type": "Feature", "properties": { "id_copa": 856, "talhao": "T1" }, "geometry": { "type": "Point", "coordinates": [ -39.3121757, -13.3321005 ] } },
{ "type": "Feature", "properties": { "id_copa": 860, "talhao": "T1" }, "geometry": { "type": "Point", "coordinates": [ -39.3119535, -13.3327487 ] } },
{ "type": "Feature", "properties": { "id_copa": 862, "talhao": "T1" }, "geometry": { "type": "Point", "coordinates": [ -39.3125491, -13.3320386 ] } },
{ "type": "Feature", "properties": { "id_copa": 870, "talhao": "T1" }, "geometry": { "type": "Point", "coordinates": [ -39.3113576, -13.3335177 ] } },
{ "type": "Feature", "properties": { "id_copa": 875, "talhao": "T1" }, "geometry": { "type": "Point", "coordinates": [ -39.310901, -13.332863 ] } },
{ "type": "Feature", "properties": { "id_copa": 880, "talhao": "T1" }, "geometry": { "type": "Point", "coordinates": [ -39.3117576, -13.3324372 ] } },
{ "type": "Feature", "properties": { "id_copa": 886, "talhao": "T1" }, "geometry": { "type": "Point", "coordinates": [ -39.3120105, -13.3321702 ] } },
{ "type": "Feature", "properties": { "id_copa": 908, "talhao": "T1" }, "geometry": { "type": "Point", "coordinates": [ -39.3115451, -13.3332422 ] } },
{ "type": "Feature", "properties": { "id_copa": 917, "talhao": "T1" }, "geometry": { "type": "Point", "coordinates": [ -39.3108066, -13.3338666 ] } },
{ "type": "Feature", "properties": { "id_copa": 921, "talhao": "T1" }, "geometry": { "type": "Point", "coordinates": [ -39.3110908, -13.3329223 ] } },
{ "type": "Feature", "properties": { "id_copa": 925, "talhao": "T1" }, "geometry": { "type": "Point", "coordinates": [ -39.3106322, -13.3342805 ] } },
{ "type": "Feature", "properties": { "id_copa": 931, "talhao": "T1" }, "geometry": { "type": "Point", "coordinates": [ -39.3106084, -13.3338473 ] } },
{ "type": "Feature", "properties": { "id_copa": 939, "talhao": "T1" }, "geometry": { "type": "Point", "coordinates": [ -39.3123209, -13.3318792 ] } },
{ "type": "Feature", "properties": { "id_copa": 948, "talhao": "T1" }, "geometry": { "type": "Point", "coordinates": [ -39.3106094, -13.3331925 ] } },
{ "type": "Feature", "properties": { "id_copa": 949, "talhao": "T1" }, "geometry": { "type": "Point", "coordinates": [ -39.3114918, -13.333048 ] } },
{ "type": "Feature", "properties": { "id_copa": 955, "talhao": "T1" }, "geometry": { "type": "Point", "coordinates": [ -39.3107154, -13.3329549 ] } },
{ "type": "Feature", "properties": { "id_copa": 958, "talhao": "T1" }, "geometry": { "type": "Point", "coordinates": [ -39.3108212, -13.3335327 ] } },
{ "type": "Feature", "properties": { "id_copa": 971, "talhao": "T1" }, "geometry": { "type": "Point", "coordinates": [ -39.3108257, -13.3338056 ] } },
{ "type": "Feature", "properties": { "id_copa": 974, "talhao": "T1" }, "geometry": { "type": "Point", "coordinates": [ -39.3115254, -13.3330943 ] } },
{ "type": "Feature", "properties": { "id_copa": 977, "talhao": "T1" }, "geometry": { "type": "Point", "coordinates": [ -39.3108862, -13.3335071 ] } },
{ "type": "Feature", "properties": { "id_copa": 1000, "talhao": "T1" }, "geometry": { "type": "Point", "coordinates": [ -39.3119796, -13.3324685 ] } },
{ "type": "Feature", "properties": { "id_copa": 1003, "talhao": "T1" }, "geometry": { "type": "Point", "coordinates": [ -39.3108502, -13.3340714 ] } },
{ "type": "Feature", "properties": { "id_copa": 1012, "talhao": "T1" }, "geometry": { "type": "Point", "coordinates": [ -39.3110954, -13.3337608 ] } },
{ "type": "Feature", "properties": { "id_copa": 1023, "talhao": "T1" }, "geometry": { "type": "Point", "coordinates": [ -39.3111975, -13.3338663 ] } },
{ "type": "Feature", "properties": { "id_copa": 1034, "talhao": "T1" }, "geometry": { "type": "Point", "coordinates": [ -39.3114782, -13.3329146 ] } },
{ "type": "Feature", "properties": { "id_copa": 1035, "talhao": "T1" }, "geometry": { "type": "Point", "coordinates": [ -39.3110887, -13.332767 ] } },
{ "type": "Feature", "properties": { "id_copa": 1036, "talhao": "T1" }, "geometry": { "type": "Point", "coordinates": [ -39.3120166, -13.3323106 ] } },
{ "type": "Feature", "properties": { "id_copa": 1043, "talhao": "T1" }, "geometry": { "type": "Point", "coordinates": [ -39.3118494, -13.3325006 ] } },
{ "type": "Feature", "properties": { "id_copa": 1045, "talhao": "T1" }, "geometry": { "type": "Point", "coordinates": [ -39.3126749, -13.3321047 ] } },
{ "type": "Feature", "properties": { "id_copa": 1056, "talhao": "T1" }, "geometry": { "type": "Point", "coordinates": [ -39.3115417, -13.3325267 ] } },
{ "type": "Feature", "properties": { "id_copa": 1067, "talhao": "T1" }, "geometry": { "type": "Point", "coordinates": [ -39.3120666, -13.332368 ] } },
{ "type": "Feature", "properties": { "id_copa": 1081, "talhao": "T1" }, "geometry": { "type": "Point", "coordinates": [ -39.3112081, -13.3332639 ] } },
{ "type": "Feature", "properties": { "id_copa": 1085, "talhao": "T1" }, "geometry": { "type": "Point", "coordinates": [ -39.3105709, -13.3337014 ] } },
{ "type": "Feature", "properties": { "id_copa": 1090, "talhao": "T1" }, "geometry": { "type": "Point", "coordinates": [ -39.3107965, -13.3333953 ] } },
{ "type": "Feature", "properties": { "id_copa": 1096, "talhao": "T1" }, "geometry": { "type": "Point", "coordinates": [ -39.3107671, -13.3329093 ] } },
{ "type": "Feature", "properties": { "id_copa": 1099, "talhao": "T1" }, "geometry": { "type": "Point", "coordinates": [ -39.3109307, -13.3334708 ] } },
{ "type": "Feature", "properties": { "id_copa": 1102, "talhao": "T1" }, "geometry": { "type": "Point", "coordinates": [ -39.3119057, -13.3324372 ] } },
{ "type": "Feature", "properties": { "id_copa": 1118, "talhao": "T1" }, "geometry": { "type": "Point", "coordinates": [ -39.3112958, -13.3332161 ] } },
{ "type": "Feature", "properties": { "id_copa": 1123, "talhao": "T1" }, "geometry": { "type": "Point", "coordinates": [ -39.3114153, -13.333031 ] } },
{ "type": "Feature", "properties": { "id_copa": 1131, "talhao": "T1" }, "geometry": { "type": "Point", "coordinates": [ -39.3106141, -13.333629 ] } },
{ "type": "Feature", "properties": { "id_copa": 1137, "talhao": "T1" }, "geometry": { "type": "Point", "coordinates": [ -39.3113799, -13.3331103 ] } },
{ "type": "Feature", "properties": { "id_copa": 1139, "talhao": "T1" }, "geometry": { "type": "Point", "coordinates": [ -39.3121352, -13.3322415 ] } },
{ "type": "Feature", "properties": { "id_copa": 1154, "talhao": "T1" }, "geometry": { "type": "Point", "coordinates": [ -39.3115188, -13.3326074 ] } },
{ "type": "Feature", "properties": { "id_copa": 1159, "talhao": "T1" }, "geometry": { "type": "Point", "coordinates": [ -39.3107668, -13.3327877 ] } },
{ "type": "Feature", "properties": { "id_copa": 1162, "talhao": "T1" }, "geometry": { "type": "Point", "coordinates": [ -39.3119087, -13.3322215 ] } },
{ "type": "Feature", "properties": { "id_copa": 1163, "talhao": "T1" }, "geometry": { "type": "Point", "coordinates": [ -39.3107018, -13.333375 ] } },
{ "type": "Feature", "properties": { "id_copa": 1168, "talhao": "T1" }, "geometry": { "type": "Point", "coordinates": [ -39.3111115, -13.3336523 ] } },
{ "type": "Feature", "properties": { "id_copa": 1169, "talhao": "T1" }, "geometry": { "type": "Point", "coordinates": [ -39.3122685, -13.3320436 ] } },
{ "type": "Feature", "properties": { "id_copa": 1172, "talhao": "T1" }, "geometry": { "type": "Point", "coordinates": [ -39.3112473, -13.3328173 ] } },
{ "type": "Feature", "properties": { "id_copa": 1176, "talhao": "T1" }, "geometry": { "type": "Point", "coordinates": [ -39.3116215, -13.3328441 ] } },
{ "type": "Feature", "properties": { "id_copa": 1183, "talhao": "T1" }, "geometry": { "type": "Point", "coordinates": [ -39.3126195, -13.3320161 ] } },
{ "type": "Feature", "properties": { "id_copa": 1188, "talhao": "T1" }, "geometry": { "type": "Point", "coordinates": [ -39.3119062, -13.3319846 ] } },
{ "type": "Feature", "properties": { "id_copa": 1191, "talhao": "T1" }, "geometry": { "type": "Point", "coordinates": [ -39.3116896, -13.3325333 ] } },
{ "type": "Feature", "properties": { "id_copa": 1194, "talhao": "T1" }, "geometry": { "type": "Point", "coordinates": [ -39.3119825, -13.3328282 ] } },
{ "type": "Feature", "properties": { "id_copa": 1195, "talhao": "T1" }, "geometry": { "type": "Point", "coordinates": [ -39.3109275, -13.3331845 ] } },
{ "type": "Feature", "properties": { "id_copa": 1196, "talhao": "T1" }, "geometry": { "type": "Point", "coordinates": [ -39.3110524, -13.3337283 ] } },
{ "type": "Feature", "properties": { "id_copa": 1199, "talhao": "T1" }, "geometry": { "type": "Point", "coordinates": [ -39.3109265, -13.3331265 ] } },
{ "type": "Feature", "properties": { "id_copa": 1201, "talhao": "T1" }, "geometry": { "type": "Point", "coordinates": [ -39.3108901, -13.3328 ] } },
{ "type": "Feature", "properties": { "id_copa": 1204, "talhao": "T1" }, "geometry": { "type": "Point", "coordinates": [ -39.3110462, -13.3331874 ] } },
{ "type": "Feature", "properties": { "id_copa": 1217, "talhao": "T1" }, "geometry": { "type": "Point", "coordinates": [ -39.3106065, -13.3333603 ] } },
{ "type": "Feature", "properties": { "id_copa": 1220, "talhao": "T1" }, "geometry": { "type": "Point", "coordinates": [ -39.310503, -13.3332244 ] } },
{ "type": "Feature", "properties": { "id_copa": 1221, "talhao": "T1" }, "geometry": { "type": "Point", "coordinates": [ -39.3120296, -13.3325083 ] } },
{ "type": "Feature", "properties": { "id_copa": 1224, "talhao": "T1" }, "geometry": { "type": "Point", "coordinates": [ -39.3116179, -13.3325052 ] } },
{ "type": "Feature", "properties": { "id_copa": 1225, "talhao": "T1" }, "geometry": { "type": "Point", "coordinates": [ -39.3122238, -13.3322791 ] } },
{ "type": "Feature", "properties": { "id_copa": 1237, "talhao": "T1" }, "geometry": { "type": "Point", "coordinates": [ -39.3109621, -13.3336842 ] } },
{ "type": "Feature", "properties": { "id_copa": 1248, "talhao": "T1" }, "geometry": { "type": "Point", "coordinates": [ -39.3107537, -13.3332742 ] } },
{ "type": "Feature", "properties": { "id_copa": 1257, "talhao": "T1" }, "geometry": { "type": "Point", "coordinates": [ -39.3121268, -13.332604 ] } },
{ "type": "Feature", "properties": { "id_copa": 1260, "talhao": "T1" }, "geometry": { "type": "Point", "coordinates": [ -39.3106348, -13.3330703 ] } },
{ "type": "Feature", "properties": { "id_copa": 1261, "talhao": "T1" }, "geometry": { "type": "Point", "coordinates": [ -39.3105469, -13.3343174 ] } },
{ "type": "Feature", "properties": { "id_copa": 1272, "talhao": "T1" }, "geometry": { "type": "Point", "coordinates": [ -39.3106476, -13.3333949 ] } },
{ "type": "Feature", "properties": { "id_copa": 1274, "talhao": "T1" }, "geometry": { "type": "Point", "coordinates": [ -39.3110515, -13.3333184 ] } },
{ "type": "Feature", "properties": { "id_copa": 1289, "talhao": "T1" }, "geometry": { "type": "Point", "coordinates": [ -39.3119115, -13.3328626 ] } },
{ "type": "Feature", "properties": { "id_copa": 1290, "talhao": "T1" }, "geometry": { "type": "Point", "coordinates": [ -39.3116444, -13.3327117 ] } },
{ "type": "Feature", "properties": { "id_copa": 1295, "talhao": "T1" }, "geometry": { "type": "Point", "coordinates": [ -39.3115993, -13.3331583 ] } },
{ "type": "Feature", "properties": { "id_copa": 1305, "talhao": "T1" }, "geometry": { "type": "Point", "coordinates": [ -39.311637, -13.3329138 ] } },
{ "type": "Feature", "properties": { "id_copa": 1310, "talhao": "T1" }, "geometry": { "type": "Point", "coordinates": [ -39.3111432, -13.3340226 ] } },
{ "type": "Feature", "properties": { "id_copa": 1324, "talhao": "T1" }, "geometry": { "type": "Point", "coordinates": [ -39.3121131, -13.3325373 ] } },
{ "type": "Feature", "properties": { "id_copa": 1335, "talhao": "T1" }, "geometry": { "type": "Point", "coordinates": [ -39.3114151, -13.3332336 ] } },
{ "type": "Feature", "properties": { "id_copa": 1336, "talhao": "T1" }, "geometry": { "type": "Point", "coordinates": [ -39.3124557, -13.3321568 ] } },
{ "type": "Feature", "properties": { "id_copa": 1337, "talhao": "T1" }, "geometry": { "type": "Point", "coordinates": [ -39.3106323, -13.3329394 ] } },
{ "type": "Feature", "properties": { "id_copa": 1344, "talhao": "T1" }, "geometry": { "type": "Point", "coordinates": [ -39.3108022, -13.3332463 ] } },
{ "type": "Feature", "properties": { "id_copa": 1359, "talhao": "T1" }, "geometry": { "type": "Point", "coordinates": [ -39.3109619, -13.3336019 ] } },
{ "type": "Feature", "properties": { "id_copa": 1360, "talhao": "T1" }, "geometry": { "type": "Point", "coordinates": [ -39.3111918, -13.3333323 ] } },
{ "type": "Feature", "properties": { "id_copa": 1365, "talhao": "T1" }, "geometry": { "type": "Point", "coordinates": [ -39.3117888, -13.3327069 ] } },
{ "type": "Feature", "properties": { "id_copa": 1377, "talhao": "T1" }, "geometry": { "type": "Point", "coordinates": [ -39.3127253, -13.3320779 ] } },
{ "type": "Feature", "properties": { "id_copa": 1382, "talhao": "T1" }, "geometry": { "type": "Point", "coordinates": [ -39.3105983, -13.3335018 ] } },
{ "type": "Feature", "properties": { "id_copa": 1397, "talhao": "T1" }, "geometry": { "type": "Point", "coordinates": [ -39.3110846, -13.3335489 ] } },
{ "type": "Feature", "properties": { "id_copa": 1401, "talhao": "T1" }, "geometry": { "type": "Point", "coordinates": [ -39.3119917, -13.3320419 ] } },
{ "type": "Feature", "properties": { "id_copa": 1404, "talhao": "T1" }, "geometry": { "type": "Point", "coordinates": [ -39.3118538, -13.3328771 ] } },
{ "type": "Feature", "properties": { "id_copa": 1412, "talhao": "T1" }, "geometry": { "type": "Point", "coordinates": [ -39.3105091, -13.3339334 ] } },
{ "type": "Feature", "properties": { "id_copa": 1418, "talhao": "T1" }, "geometry": { "type": "Point", "coordinates": [ -39.3114807, -13.3331938 ] } },
{ "type": "Feature", "properties": { "id_copa": 1419, "talhao": "T1" }, "geometry": { "type": "Point", "coordinates": [ -39.3106489, -13.3334639 ] } },
{ "type": "Feature", "properties": { "id_copa": 1442, "talhao": "T1" }, "geometry": { "type": "Point", "coordinates": [ -39.3116849, -13.3328201 ] } },
{ "type": "Feature", "properties": { "id_copa": 1446, "talhao": "T1" }, "geometry": { "type": "Point", "coordinates": [ -39.311866, -13.3329626 ] } },
{ "type": "Feature", "properties": { "id_copa": 1466, "talhao": "T1" }, "geometry": { "type": "Point", "coordinates": [ -39.3117593, -13.3329099 ] } },
{ "type": "Feature", "properties": { "id_copa": 1468, "talhao": "T1" }, "geometry": { "type": "Point", "coordinates": [ -39.3121275, -13.3319632 ] } },
{ "type": "Feature", "properties": { "id_copa": 1485, "talhao": "T1" }, "geometry": { "type": "Point", "coordinates": [ -39.3114874, -13.3324033 ] } },
{ "type": "Feature", "properties": { "id_copa": 1493, "talhao": "T1" }, "geometry": { "type": "Point", "coordinates": [ -39.3110024, -13.3335536 ] } },
{ "type": "Feature", "properties": { "id_copa": 1515, "talhao": "T1" }, "geometry": { "type": "Point", "coordinates": [ -39.3109366, -13.333317 ] } },
{ "type": "Feature", "properties": { "id_copa": 1517, "talhao": "T1" }, "geometry": { "type": "Point", "coordinates": [ -39.3107501, -13.3328267 ] } },
{ "type": "Feature", "properties": { "id_copa": 1518, "talhao": "T1" }, "geometry": { "type": "Point", "coordinates": [ -39.3119492, -13.3323279 ] } },
{ "type": "Feature", "properties": { "id_copa": 1520, "talhao": "T1" }, "geometry": { "type": "Point", "coordinates": [ -39.3110451, -13.3334781 ] } },
{ "type": "Feature", "properties": { "id_copa": 1545, "talhao": "T1" }, "geometry": { "type": "Point", "coordinates": [ -39.3110838, -13.3333864 ] } },
{ "type": "Feature", "properties": { "id_copa": 1548, "talhao": "T1" }, "geometry": { "type": "Point", "coordinates": [ -39.3116809, -13.3329557 ] } },
{ "type": "Feature", "properties": { "id_copa": 1558, "talhao": "T1" }, "geometry": { "type": "Point", "coordinates": [ -39.3120199, -13.3327232 ] } },
{ "type": "Feature", "properties": { "id_copa": 1568, "talhao": "T1" }, "geometry": { "type": "Point", "coordinates": [ -39.3116207, -13.3324357 ] } },
{ "type": "Feature", "properties": { "id_copa": 1569, "talhao": "T1" }, "geometry": { "type": "Point", "coordinates": [ -39.311972, -13.332675 ] } },
{ "type": "Feature", "properties": { "id_copa": 1571, "talhao": "T1" }, "geometry": { "type": "Point", "coordinates": [ -39.3123536, -13.3316655 ] } },
{ "type": "Feature", "properties": { "id_copa": 1576, "talhao": "T1" }, "geometry": { "type": "Point", "coordinates": [ -39.3106575, -13.3329929 ] } },
{ "type": "Feature", "properties": { "id_copa": 1578, "talhao": "T1" }, "geometry": { "type": "Point", "coordinates": [ -39.3117825, -13.3325688 ] } },
{ "type": "Feature", "properties": { "id_copa": 1590, "talhao": "T1" }, "geometry": { "type": "Point", "coordinates": [ -39.3117059, -13.3328847 ] } },
{ "type": "Feature", "properties": { "id_copa": 1598, "talhao": "T1" }, "geometry": { "type": "Point", "coordinates": [ -39.3118188, -13.3324 ] } },
{ "type": "Feature", "properties": { "id_copa": 1600, "talhao": "T1" }, "geometry": { "type": "Point", "coordinates": [ -39.3112299, -13.3331581 ] } },
{ "type": "Feature", "properties": { "id_copa": 1607, "talhao": "T1" }, "geometry": { "type": "Point", "coordinates": [ -39.3124313, -13.3314935 ] } },
{ "type": "Feature", "properties": { "id_copa": 1610, "talhao": "T1" }, "geometry": { "type": "Point", "coordinates": [ -39.3116242, -13.3330323 ] } },
{ "type": "Feature", "properties": { "id_copa": 1623, "talhao": "T1" }, "geometry": { "type": "Point", "coordinates": [ -39.3107327, -13.3341115 ] } },
{ "type": "Feature", "properties": { "id_copa": 1624, "talhao": "T1" }, "geometry": { "type": "Point", "coordinates": [ -39.3120833, -13.3319285 ] } },
{ "type": "Feature", "properties": { "id_copa": 1627, "talhao": "T1" }, "geometry": { "type": "Point", "coordinates": [ -39.3108081, -13.3331019 ] } },
{ "type": "Feature", "properties": { "id_copa": 1631, "talhao": "T1" }, "geometry": { "type": "Point", "coordinates": [ -39.3116378, -13.332352 ] } },
{ "type": "Feature", "properties": { "id_copa": 1638, "talhao": "T1" }, "geometry": { "type": "Point", "coordinates": [ -39.3120634, -13.3318766 ] } },
{ "type": "Feature", "properties": { "id_copa": 1639, "talhao": "T1" }, "geometry": { "type": "Point", "coordinates": [ -39.3112504, -13.3339764 ] } },
{ "type": "Feature", "properties": { "id_copa": 1655, "talhao": "T1" }, "geometry": { "type": "Point", "coordinates": [ -39.3121567, -13.3321762 ] } },
{ "type": "Feature", "properties": { "id_copa": 1659, "talhao": "T1" }, "geometry": { "type": "Point", "coordinates": [ -39.3121675, -13.331872 ] } },
{ "type": "Feature", "properties": { "id_copa": 1667, "talhao": "T1" }, "geometry": { "type": "Point", "coordinates": [ -39.3104583, -13.3335119 ] } },
{ "type": "Feature", "properties": { "id_copa": 1671, "talhao": "T1" }, "geometry": { "type": "Point", "coordinates": [ -39.3113704, -13.33298 ] } },
{ "type": "Feature", "properties": { "id_copa": 1678, "talhao": "T1" }, "geometry": { "type": "Point", "coordinates": [ -39.3111896, -13.3329076 ] } },
{ "type": "Feature", "properties": { "id_copa": 1686, "talhao": "T1" }, "geometry": { "type": "Point", "coordinates": [ -39.3119757, -13.3323987 ] } },
{ "type": "Feature", "properties": { "id_copa": 1693, "talhao": "T1" }, "geometry": { "type": "Point", "coordinates": [ -39.3116834, -13.3326753 ] } },
{ "type": "Feature", "properties": { "id_copa": 1698, "talhao": "T1" }, "geometry": { "type": "Point", "coordinates": [ -39.3106484, -13.3341466 ] } },
{ "type": "Feature", "properties": { "id_copa": 1713, "talhao": "T1" }, "geometry": { "type": "Point", "coordinates": [ -39.3107856, -13.3340922 ] } },
{ "type": "Feature", "properties": { "id_copa": 1715, "talhao": "T1" }, "geometry": { "type": "Point", "coordinates": [ -39.3110446, -13.33366 ] } },
{ "type": "Feature", "properties": { "id_copa": 1734, "talhao": "T1" }, "geometry": { "type": "Point", "coordinates": [ -39.3111846, -13.3331007 ] } },
{ "type": "Feature", "properties": { "id_copa": 1735, "talhao": "T1" }, "geometry": { "type": "Point", "coordinates": [ -39.3114613, -13.3325782 ] } },
{ "type": "Feature", "properties": { "id_copa": 1753, "talhao": "T1" }, "geometry": { "type": "Point", "coordinates": [ -39.3117187, -13.3323469 ] } },
{ "type": "Feature", "properties": { "id_copa": 1771, "talhao": "T1" }, "geometry": { "type": "Point", "coordinates": [ -39.3123107, -13.3315446 ] } },
{ "type": "Feature", "properties": { "id_copa": 1778, "talhao": "T1" }, "geometry": { "type": "Point", "coordinates": [ -39.3109284, -13.3339669 ] } },
{ "type": "Feature", "properties": { "id_copa": 1801, "talhao": "T1" }, "geometry": { "type": "Point", "coordinates": [ -39.3120769, -13.3322806 ] } },
{ "type": "Feature", "properties": { "id_copa": 1814, "talhao": "T1" }, "geometry": { "type": "Point", "coordinates": [ -39.3117447, -13.3327968 ] } },
{ "type": "Feature", "properties": { "id_copa": 1820, "talhao": "T1" }, "geometry": { "type": "Point", "coordinates": [ -39.3119898, -13.3318889 ] } },
{ "type": "Feature", "properties": { "id_copa": 1830, "talhao": "T1" }, "geometry": { "type": "Point", "coordinates": [ -39.3115838, -13.3330649 ] } },
{ "type": "Feature", "properties": { "id_copa": 1851, "talhao": "T1" }, "geometry": { "type": "Point", "coordinates": [ -39.3124064, -13.3319877 ] } },
{ "type": "Feature", "properties": { "id_copa": 1852, "talhao": "T1" }, "geometry": { "type": "Point", "coordinates": [ -39.3118183, -13.3323295 ] } },
{ "type": "Feature", "properties": { "id_copa": 1859, "talhao": "T1" }, "geometry": { "type": "Point", "coordinates": [ -39.3119232, -13.3325123 ] } },
{ "type": "Feature", "properties": { "id_copa": 1863, "talhao": "T1" }, "geometry": { "type": "Point", "coordinates": [ -39.3111008, -13.3339569 ] } },
{ "type": "Feature", "properties": { "id_copa": 1865, "talhao": "T1" }, "geometry": { "type": "Point", "coordinates": [ -39.3118295, -13.3322377 ] } },
{ "type": "Feature", "properties": { "id_copa": 1869, "talhao": "T1" }, "geometry": { "type": "Point", "coordinates": [ -39.3105536, -13.333109 ] } },
{ "type": "Feature", "properties": { "id_copa": 1876, "talhao": "T1" }, "geometry": { "type": "Point", "coordinates": [ -39.3120746, -13.3318299 ] } },
{ "type": "Feature", "properties": { "id_copa": 1883, "talhao": "T1" }, "geometry": { "type": "Point", "coordinates": [ -39.3126906, -13.3320435 ] } },
{ "type": "Feature", "properties": { "id_copa": 16, "talhao": "T2" }, "geometry": { "type": "Point", "coordinates": [ -39.309707, -13.333256 ] } },
{ "type": "Feature", "properties": { "id_copa": 20, "talhao": "T2" }, "geometry": { "type": "Point", "coordinates": [ -39.3102365, -13.3330996 ] } },
{ "type": "Feature", "properties": { "id_copa": 29, "talhao": "T2" }, "geometry": { "type": "Point", "coordinates": [ -39.3103143, -13.3333512 ] } },
{ "type": "Feature", "properties": { "id_copa": 58, "talhao": "T2" }, "geometry": { "type": "Point", "coordinates": [ -39.3096862, -13.3339742 ] } },
{ "type": "Feature", "properties": { "id_copa": 63, "talhao": "T2" }, "geometry": { "type": "Point", "coordinates": [ -39.3101492, -13.331886 ] } },
{ "type": "Feature", "properties": { "id_copa": 64, "talhao": "T2" }, "geometry": { "type": "Point", "coordinates": [ -39.3098271, -13.3323689 ] } },
{ "type": "Feature", "properties": { "id_copa": 101, "talhao": "T2" }, "geometry": { "type": "Point", "coordinates": [ -39.3103828, -13.3329408 ] } },
{ "type": "Feature", "properties": { "id_copa": 120, "talhao": "T2" }, "geometry": { "type": "Point", "coordinates": [ -39.3098039, -13.3320786 ] } },
{ "type": "Feature", "properties": { "id_copa": 127, "talhao": "T2" }, "geometry": { "type": "Point", "coordinates": [ -39.3097454, -13.3333248 ] } },
{ "type": "Feature", "properties": { "id_copa": 128, "talhao": "T2" }, "geometry": { "type": "Point", "coordinates": [ -39.3098502, -13.3324816 ] } },
{ "type": "Feature", "properties": { "id_copa": 129, "talhao": "T2" }, "geometry": { "type": "Point", "coordinates": [ -39.3101164, -13.332022 ] } },
{ "type": "Feature", "properties": { "id_copa": 141, "talhao": "T2" }, "geometry": { "type": "Point", "coordinates": [ -39.310318, -13.3332052 ] } },
{ "type": "Feature", "properties": { "id_copa": 164, "talhao": "T2" }, "geometry": { "type": "Point", "coordinates": [ -39.3098457, -13.3318683 ] } },
{ "type": "Feature", "properties": { "id_copa": 167, "talhao": "T2" }, "geometry": { "type": "Point", "coordinates": [ -39.3102687, -13.3332845 ] } },
{ "type": "Feature", "properties": { "id_copa": 179, "talhao": "T2" }, "geometry": { "type": "Point", "coordinates": [ -39.3102831, -13.3329072 ] } },
{ "type": "Feature", "properties": { "id_copa": 183, "talhao": "T2" }, "geometry": { "type": "Point", "coordinates": [ -39.3099616, -13.3333011 ] } },
{ "type": "Feature", "properties": { "id_copa": 195, "talhao": "T2" }, "geometry": { "type": "Point", "coordinates": [ -39.3102775, -13.3325504 ] } },
{ "type": "Feature", "properties": { "id_copa": 225, "talhao": "T2" }, "geometry": { "type": "Point", "coordinates": [ -39.309959, -13.3324439 ] } },
{ "type": "Feature", "properties": { "id_copa": 229, "talhao": "T2" }, "geometry": { "type": "Point", "coordinates": [ -39.3104412, -13.3330513 ] } },
{ "type": "Feature", "properties": { "id_copa": 234, "talhao": "T2" }, "geometry": { "type": "Point", "coordinates": [ -39.3103003, -13.3341142 ] } },
{ "type": "Feature", "properties": { "id_copa": 250, "talhao": "T2" }, "geometry": { "type": "Point", "coordinates": [ -39.3102991, -13.3323354 ] } },
{ "type": "Feature", "properties": { "id_copa": 282, "talhao": "T2" }, "geometry": { "type": "Point", "coordinates": [ -39.3099758, -13.3323695 ] } },
{ "type": "Feature", "properties": { "id_copa": 283, "talhao": "T2" }, "geometry": { "type": "Point", "coordinates": [ -39.3099937, -13.3331775 ] } },
{ "type": "Feature", "properties": { "id_copa": 285, "talhao": "T2" }, "geometry": { "type": "Point", "coordinates": [ -39.3099179, -13.332711 ] } },
{ "type": "Feature", "properties": { "id_copa": 301, "talhao": "T2" }, "geometry": { "type": "Point", "coordinates": [ -39.3101138, -13.3328936 ] } },
{ "type": "Feature", "properties": { "id_copa": 302, "talhao": "T2" }, "geometry": { "type": "Point", "coordinates": [ -39.310133, -13.3327662 ] } },
{ "type": "Feature", "properties": { "id_copa": 321, "talhao": "T2" }, "geometry": { "type": "Point", "coordinates": [ -39.3102279, -13.332746 ] } },
{ "type": "Feature", "properties": { "id_copa": 324, "talhao": "T2" }, "geometry": { "type": "Point", "coordinates": [ -39.3098328, -13.3326539 ] } },
{ "type": "Feature", "properties": { "id_copa": 327, "talhao": "T2" }, "geometry": { "type": "Point", "coordinates": [ -39.3101306, -13.3341408 ] } },
{ "type": "Feature", "properties": { "id_copa": 333, "talhao": "T2" }, "geometry": { "type": "Point", "coordinates": [ -39.309665, -13.3331461 ] } },
{ "type": "Feature", "properties": { "id_copa": 334, "talhao": "T2" }, "geometry": { "type": "Point", "coordinates": [ -39.3100466, -13.333289 ] } },
{ "type": "Feature", "properties": { "id_copa": 345, "talhao": "T2" }, "geometry": { "type": "Point", "coordinates": [ -39.310093, -13.3333991 ] } },
{ "type": "Feature", "properties": { "id_copa": 356, "talhao": "T2" }, "geometry": { "type": "Point", "coordinates": [ -39.3103426, -13.3338357 ] } },
{ "type": "Feature", "properties": { "id_copa": 360, "talhao": "T2" }, "geometry": { "type": "Point", "coordinates": [ -39.3098021, -13.3332208 ] } },
{ "type": "Feature", "properties": { "id_copa": 373, "talhao": "T2" }, "geometry": { "type": "Point", "coordinates": [ -39.3099018, -13.3325861 ] } },
{ "type": "Feature", "properties": { "id_copa": 378, "talhao": "T2" }, "geometry": { "type": "Point", "coordinates": [ -39.309744, -13.3318941 ] } },
{ "type": "Feature", "properties": { "id_copa": 385, "talhao": "T2" }, "geometry": { "type": "Point", "coordinates": [ -39.3098934, -13.3323997 ] } },
{ "type": "Feature", "properties": { "id_copa": 393, "talhao": "T2" }, "geometry": { "type": "Point", "coordinates": [ -39.3096795, -13.333732 ] } },
{ "type": "Feature", "properties": { "id_copa": 394, "talhao": "T2" }, "geometry": { "type": "Point", "coordinates": [ -39.309858, -13.3327258 ] } },
{ "type": "Feature", "properties": { "id_copa": 405, "talhao": "T2" }, "geometry": { "type": "Point", "coordinates": [ -39.3103216, -13.3322116 ] } },
{ "type": "Feature", "properties": { "id_copa": 410, "talhao": "T2" }, "geometry": { "type": "Point", "coordinates": [ -39.3102722, -13.333988 ] } },
{ "type": "Feature", "properties": { "id_copa": 415, "talhao": "T2" }, "geometry": { "type": "Point", "coordinates": [ -39.3097994, -13.3331035 ] } },
{ "type": "Feature", "properties": { "id_copa": 417, "talhao": "T2" }, "geometry": { "type": "Point", "coordinates": [ -39.3097962, -13.3318864 ] } },
{ "type": "Feature", "properties": { "id_copa": 435, "talhao": "T2" }, "geometry": { "type": "Point", "coordinates": [ -39.3101619, -13.3344512 ] } },
{ "type": "Feature", "properties": { "id_copa": 436, "talhao": "T2" }, "geometry": { "type": "Point", "coordinates": [ -39.3098106, -13.3319989 ] } },
{ "type": "Feature", "properties": { "id_copa": 452, "talhao": "T2" }, "geometry": { "type": "Point", "coordinates": [ -39.3102993, -13.334246 ] } },
{ "type": "Feature", "properties": { "id_copa": 473, "talhao": "T2" }, "geometry": { "type": "Point", "coordinates": [ -39.3099736, -13.332919 ] } },
{ "type": "Feature", "properties": { "id_copa": 476, "talhao": "T2" }, "geometry": { "type": "Point", "coordinates": [ -39.3102771, -13.3331607 ] } },
{ "type": "Feature", "properties": { "id_copa": 480, "talhao": "T2" }, "geometry": { "type": "Point", "coordinates": [ -39.31034, -13.3339664 ] } },
{ "type": "Feature", "properties": { "id_copa": 490, "talhao": "T2" }, "geometry": { "type": "Point", "coordinates": [ -39.3097886, -13.3325016 ] } },
{ "type": "Feature", "properties": { "id_copa": 498, "talhao": "T2" }, "geometry": { "type": "Point", "coordinates": [ -39.3102456, -13.3329767 ] } },
{ "type": "Feature", "properties": { "id_copa": 501, "talhao": "T2" }, "geometry": { "type": "Point", "coordinates": [ -39.3101171, -13.3323348 ] } },
{ "type": "Feature", "properties": { "id_copa": 509, "talhao": "T2" }, "geometry": { "type": "Point", "coordinates": [ -39.3100501, -13.3322992 ] } },
{ "type": "Feature", "properties": { "id_copa": 516, "talhao": "T2" }, "geometry": { "type": "Point", "coordinates": [ -39.3100733, -13.3322305 ] } },
{ "type": "Feature", "properties": { "id_copa": 518, "talhao": "T2" }, "geometry": { "type": "Point", "coordinates": [ -39.3103576, -13.3325888 ] } },
{ "type": "Feature", "properties": { "id_copa": 528, "talhao": "T2" }, "geometry": { "type": "Point", "coordinates": [ -39.3101813, -13.3329349 ] } },
{ "type": "Feature", "properties": { "id_copa": 535, "talhao": "T2" }, "geometry": { "type": "Point", "coordinates": [ -39.3100202, -13.3343575 ] } },
{ "type": "Feature", "properties": { "id_copa": 544, "talhao": "T2" }, "geometry": { "type": "Point", "coordinates": [ -39.3103057, -13.3338938 ] } },
{ "type": "Feature", "properties": { "id_copa": 551, "talhao": "T2" }, "geometry": { "type": "Point", "coordinates": [ -39.310053, -13.3331604 ] } },
{ "type": "Feature", "properties": { "id_copa": 552, "talhao": "T2" }, "geometry": { "type": "Point", "coordinates": [ -39.3099896, -13.3326977 ] } },
{ "type": "Feature", "properties": { "id_copa": 561, "talhao": "T2" }, "geometry": { "type": "Point", "coordinates": [ -39.3098497, -13.3319261 ] } },
{ "type": "Feature", "properties": { "id_copa": 565, "talhao": "T2" }, "geometry": { "type": "Point", "coordinates": [ -39.3104248, -13.3321949 ] } },
{ "type": "Feature", "properties": { "id_copa": 574, "talhao": "T2" }, "geometry": { "type": "Point", "coordinates": [ -39.3097746, -13.3328602 ] } },
{ "type": "Feature", "properties": { "id_copa": 586, "talhao": "T2" }, "geometry": { "type": "Point", "coordinates": [ -39.3098918, -13.3326493 ] } },
{ "type": "Feature", "properties": { "id_copa": 589, "talhao": "T2" }, "geometry": { "type": "Point", "coordinates": [ -39.3102112, -13.3341376 ] } },
{ "type": "Feature", "properties": { "id_copa": 596, "talhao": "T2" }, "geometry": { "type": "Point", "coordinates": [ -39.309619, -13.3336726 ] } },
{ "type": "Feature", "properties": { "id_copa": 597, "talhao": "T2" }, "geometry": { "type": "Point", "coordinates": [ -39.3096505, -13.3333484 ] } },
{ "type": "Feature", "properties": { "id_copa": 603, "talhao": "T2" }, "geometry": { "type": "Point", "coordinates": [ -39.3099614, -13.3330581 ] } },
{ "type": "Feature", "properties": { "id_copa": 628, "talhao": "T2" }, "geometry": { "type": "Point", "coordinates": [ -39.3098669, -13.332908 ] } },
{ "type": "Feature", "properties": { "id_copa": 639, "talhao": "T2" }, "geometry": { "type": "Point", "coordinates": [ -39.3097639, -13.3339104 ] } },
{ "type": "Feature", "properties": { "id_copa": 640, "talhao": "T2" }, "geometry": { "type": "Point", "coordinates": [ -39.3104159, -13.3331211 ] } },
{ "type": "Feature", "properties": { "id_copa": 655, "talhao": "T2" }, "geometry": { "type": "Point", "coordinates": [ -39.310246, -13.3326095 ] } },
{ "type": "Feature", "properties": { "id_copa": 662, "talhao": "T2" }, "geometry": { "type": "Point", "coordinates": [ -39.3100477, -13.3325456 ] } },
{ "type": "Feature", "properties": { "id_copa": 680, "talhao": "T2" }, "geometry": { "type": "Point", "coordinates": [ -39.3097591, -13.332983 ] } },
{ "type": "Feature", "properties": { "id_copa": 684, "talhao": "T2" }, "geometry": { "type": "Point", "coordinates": [ -39.3101715, -13.3325769 ] } },
{ "type": "Feature", "properties": { "id_copa": 710, "talhao": "T2" }, "geometry": { "type": "Point", "coordinates": [ -39.3104012, -13.3326354 ] } },
{ "type": "Feature", "properties": { "id_copa": 744, "talhao": "T2" }, "geometry": { "type": "Point", "coordinates": [ -39.3103914, -13.3331977 ] } },
{ "type": "Feature", "properties": { "id_copa": 746, "talhao": "T2" }, "geometry": { "type": "Point", "coordinates": [ -39.3097771, -13.3337042 ] } },
{ "type": "Feature", "properties": { "id_copa": 752, "talhao": "T2" }, "geometry": { "type": "Point", "coordinates": [ -39.3098131, -13.3324244 ] } },
{ "type": "Feature", "properties": { "id_copa": 758, "talhao": "T2" }, "geometry": { "type": "Point", "coordinates": [ -39.3099097, -13.3318472 ] } },
{ "type": "Feature", "properties": { "id_copa": 767, "talhao": "T2" }, "geometry": { "type": "Point", "coordinates": [ -39.3100046, -13.3335779 ] } },
{ "type": "Feature", "properties": { "id_copa": 768, "talhao": "T2" }, "geometry": { "type": "Point", "coordinates": [ -39.30996, -13.3325015 ] } },
{ "type": "Feature", "properties": { "id_copa": 783, "talhao": "T2" }, "geometry": { "type": "Point", "coordinates": [ -39.3103521, -13.3324605 ] } },
{ "type": "Feature", "properties": { "id_copa": 791, "talhao": "T2" }, "geometry": { "type": "Point", "coordinates": [ -39.3104588, -13.3324293 ] } },
{ "type": "Feature", "properties": { "id_copa": 803, "talhao": "T2" }, "geometry": { "type": "Point", "coordinates": [ -39.3102589, -13.3343654 ] } },
{ "type": "Feature", "properties": { "id_copa": 820, "talhao": "T2" }, "geometry": { "type": "Point", "coordinates": [ -39.3101374, -13.3323828 ] } },
{ "type": "Feature", "properties": { "id_copa": 834, "talhao": "T2" }, "geometry": { "type": "Point", "coordinates": [ -39.3101353, -13.332508 ] } },
{ "type": "Feature", "properties": { "id_copa": 867, "talhao": "T2" }, "geometry": { "type": "Point", "coordinates": [ -39.309707, -13.3331123 ] } },
{ "type": "Feature", "properties": { "id_copa": 869, "talhao": "T2" }, "geometry": { "type": "Point", "coordinates": [ -39.3098812, -13.3328406 ] } },
{ "type": "Feature", "properties": { "id_copa": 881, "talhao": "T2" }, "geometry": { "type": "Point", "coordinates": [ -39.3096017, -13.3337435 ] } },
{ "type": "Feature", "properties": { "id_copa": 882, "talhao": "T2" }, "geometry": { "type": "Point", "coordinates": [ -39.3097552, -13.3324397 ] } },
{ "type": "Feature", "properties": { "id_copa": 896, "talhao": "T2" }, "geometry": { "type": "Point", "coordinates": [ -39.3099785, -13.3325481 ] } },
{ "type": "Feature", "properties": { "id_copa": 909, "talhao": "T2" }, "geometry": { "type": "Point", "coordinates": [ -39.3101636, -13.3317667 ] } },
{ "type": "Feature", "properties": { "id_copa": 918, "talhao": "T2" }, "geometry": { "type": "Point", "coordinates": [ -39.3100596, -13.3326526 ] } },
{ "type": "Feature", "properties": { "id_copa": 922, "talhao": "T2" }, "geometry": { "type": "Point", "coordinates": [ -39.3103545, -13.3322762 ] } },
{ "type": "Feature", "properties": { "id_copa": 930, "talhao": "T2" }, "geometry": { "type": "Point", "coordinates": [ -39.3098351, -13.3337576 ] } },
{ "type": "Feature", "properties": { "id_copa": 944, "talhao": "T2" }, "geometry": { "type": "Point", "coordinates": [ -39.3103442, -13.332655 ] } },
{ "type": "Feature", "properties": { "id_copa": 965, "talhao": "T2" }, "geometry": { "type": "Point", "coordinates": [ -39.3101647, -13.3323166 ] } },
{ "type": "Feature", "properties": { "id_copa": 975, "talhao": "T2" }, "geometry": { "type": "Point", "coordinates": [ -39.3102215, -13.332303 ] } },
{ "type": "Feature", "properties": { "id_copa": 985, "talhao": "T2" }, "geometry": { "type": "Point", "coordinates": [ -39.3104483, -13.3325577 ] } },
{ "type": "Feature", "properties": { "id_copa": 986, "talhao": "T2" }, "geometry": { "type": "Point", "coordinates": [ -39.3097977, -13.33408 ] } },
{ "type": "Feature", "properties": { "id_copa": 988, "talhao": "T2" }, "geometry": { "type": "Point", "coordinates": [ -39.3099597, -13.333676 ] } },
{ "type": "Feature", "properties": { "id_copa": 990, "talhao": "T2" }, "geometry": { "type": "Point", "coordinates": [ -39.3101517, -13.3328305 ] } },
{ "type": "Feature", "properties": { "id_copa": 994, "talhao": "T2" }, "geometry": { "type": "Point", "coordinates": [ -39.310467, -13.3326827 ] } },
{ "type": "Feature", "properties": { "id_copa": 997, "talhao": "T2" }, "geometry": { "type": "Point", "coordinates": [ -39.3100194, -13.3328585 ] } },
{ "type": "Feature", "properties": { "id_copa": 1007, "talhao": "T2" }, "geometry": { "type": "Point", "coordinates": [ -39.3100379, -13.3330985 ] } },
{ "type": "Feature", "properties": { "id_copa": 1008, "talhao": "T2" }, "geometry": { "type": "Point", "coordinates": [ -39.3101626, -13.3322567 ] } },
{ "type": "Feature", "properties": { "id_copa": 1011, "talhao": "T2" }, "geometry": { "type": "Point", "coordinates": [ -39.3100232, -13.3336456 ] } },
{ "type": "Feature", "properties": { "id_copa": 1022, "talhao": "T2" }, "geometry": { "type": "Point", "coordinates": [ -39.3103749, -13.33371 ] } },
{ "type": "Feature", "properties": { "id_copa": 1024, "talhao": "T2" }, "geometry": { "type": "Point", "coordinates": [ -39.3099405, -13.3335951 ] } },
{ "type": "Feature", "properties": { "id_copa": 1044, "talhao": "T2" }, "geometry": { "type": "Point", "coordinates": [ -39.3102952, -13.3330306 ] } },
{ "type": "Feature", "properties": { "id_copa": 1046, "talhao": "T2" }, "geometry": { "type": "Point", "coordinates": [ -39.3099974, -13.3333732 ] } },
{ "type": "Feature", "properties": { "id_copa": 1073, "talhao": "T2" }, "geometry": { "type": "Point", "coordinates": [ -39.3100167, -13.3324932 ] } },
{ "type": "Feature", "properties": { "id_copa": 1103, "talhao": "T2" }, "geometry": { "type": "Point", "coordinates": [ -39.3104101, -13.3344834 ] } },
{ "type": "Feature", "properties": { "id_copa": 1115, "talhao": "T2" }, "geometry": { "type": "Point", "coordinates": [ -39.3100856, -13.3336546 ] } },
{ "type": "Feature", "properties": { "id_copa": 1117, "talhao": "T2" }, "geometry": { "type": "Point", "coordinates": [ -39.3101733, -13.3342665 ] } },
{ "type": "Feature", "properties": { "id_copa": 1120, "talhao": "T2" }, "geometry": { "type": "Point", "coordinates": [ -39.3100518, -13.3323653 ] } },
{ "type": "Feature", "properties": { "id_copa": 1122, "talhao": "T2" }, "geometry": { "type": "Point", "coordinates": [ -39.3101836, -13.3326912 ] } },
{ "type": "Feature", "properties": { "id_copa": 1132, "talhao": "T2" }, "geometry": { "type": "Point", "coordinates": [ -39.3101183, -13.3326409 ] } },
{ "type": "Feature", "properties": { "id_copa": 1147, "talhao": "T2" }, "geometry": { "type": "Point", "coordinates": [ -39.3103343, -13.3335885 ] } },
{ "type": "Feature", "properties": { "id_copa": 1152, "talhao": "T2" }, "geometry": { "type": "Point", "coordinates": [ -39.3102072, -13.3328158 ] } },
{ "type": "Feature", "properties": { "id_copa": 1160, "talhao": "T2" }, "geometry": { "type": "Point", "coordinates": [ -39.3100757, -13.3327858 ] } },
{ "type": "Feature", "properties": { "id_copa": 1184, "talhao": "T2" }, "geometry": { "type": "Point", "coordinates": [ -39.3101912, -13.3326345 ] } },
{ "type": "Feature", "properties": { "id_copa": 1214, "talhao": "T2" }, "geometry": { "type": "Point", "coordinates": [ -39.3103352, -13.3321338 ] } },
{ "type": "Feature", "properties": { "id_copa": 1219, "talhao": "T2" }, "geometry": { "type": "Point", "coordinates": [ -39.3103961, -13.3337758 ] } },
{ "type": "Feature", "properties": { "id_copa": 1223, "talhao": "T2" }, "geometry": { "type": "Point", "coordinates": [ -39.310094, -13.33426 ] } },
{ "type": "Feature", "properties": { "id_copa": 1226, "talhao": "T2" }, "geometry": { "type": "Point", "coordinates": [ -39.3098091, -13.3330527 ] } },
{ "type": "Feature", "properties": { "id_copa": 1227, "talhao": "T2" }, "geometry": { "type": "Point", "coordinates": [ -39.3102594, -13.3327974 ] } },
{ "type": "Feature", "properties": { "id_copa": 1239, "talhao": "T2" }, "geometry": { "type": "Point", "coordinates": [ -39.3103682, -13.3334603 ] } },
{ "type": "Feature", "properties": { "id_copa": 1241, "talhao": "T2" }, "geometry": { "type": "Point", "coordinates": [ -39.3099085, -13.3330081 ] } },
{ "type": "Feature", "properties": { "id_copa": 1244, "talhao": "T2" }, "geometry": { "type": "Point", "coordinates": [ -39.3101904, -13.3323672 ] } },
{ "type": "Feature", "properties": { "id_copa": 1251, "talhao": "T2" }, "geometry": { "type": "Point", "coordinates": [ -39.3103425, -13.3330776 ] } },
{ "type": "Feature", "properties": { "id_copa": 1255, "talhao": "T2" }, "geometry": { "type": "Point", "coordinates": [ -39.3103676, -13.3330106 ] } },
{ "type": "Feature", "properties": { "id_copa": 1264, "talhao": "T2" }, "geometry": { "type": "Point", "coordinates": [ -39.3103881, -13.3323625 ] } },
{ "type": "Feature", "properties": { "id_copa": 1265, "talhao": "T2" }, "geometry": { "type": "Point", "coordinates": [ -39.3098242, -13.3331637 ] } },
{ "type": "Feature", "properties": { "id_copa": 1269, "talhao": "T2" }, "geometry": { "type": "Point", "coordinates": [ -39.3100774, -13.3332239 ] } },
{ "type": "Feature", "properties": { "id_copa": 1273, "talhao": "T2" }, "geometry": { "type": "Point", "coordinates": [ -39.3095349, -13.3337526 ] } },
{ "type": "Feature", "properties": { "id_copa": 1288, "talhao": "T2" }, "geometry": { "type": "Point", "coordinates": [ -39.3100171, -13.3332388 ] } },
{ "type": "Feature", "properties": { "id_copa": 1308, "talhao": "T2" }, "geometry": { "type": "Point", "coordinates": [ -39.3102392, -13.3324876 ] } },
{ "type": "Feature", "properties": { "id_copa": 1319, "talhao": "T2" }, "geometry": { "type": "Point", "coordinates": [ -39.309938, -13.3341774 ] } },
{ "type": "Feature", "properties": { "id_copa": 1332, "talhao": "T2" }, "geometry": { "type": "Point", "coordinates": [ -39.3102654, -13.3326921 ] } },
{ "type": "Feature", "properties": { "id_copa": 1354, "talhao": "T2" }, "geometry": { "type": "Point", "coordinates": [ -39.3098664, -13.3325513 ] } },
{ "type": "Feature", "properties": { "id_copa": 1390, "talhao": "T2" }, "geometry": { "type": "Point", "coordinates": [ -39.3098101, -13.3325456 ] } },
{ "type": "Feature", "properties": { "id_copa": 1391, "talhao": "T2" }, "geometry": { "type": "Point", "coordinates": [ -39.3099192, -13.3337924 ] } },
{ "type": "Feature", "properties": { "id_copa": 1420, "talhao": "T2" }, "geometry": { "type": "Point", "coordinates": [ -39.3100424, -13.332416 ] } },
{ "type": "Feature", "properties": { "id_copa": 1440, "talhao": "T2" }, "geometry": { "type": "Point", "coordinates": [ -39.3100653, -13.332727 ] } },
{ "type": "Feature", "properties": { "id_copa": 1473, "talhao": "T2" }, "geometry": { "type": "Point", "coordinates": [ -39.3100287, -13.3341504 ] } },
{ "type": "Feature", "properties": { "id_copa": 1510, "talhao": "T2" }, "geometry": { "type": "Point", "coordinates": [ -39.3103923, -13.3321271 ] } },
{ "type": "Feature", "properties": { "id_copa": 1538, "talhao": "T2" }, "geometry": { "type": "Point", "coordinates": [ -39.310211, -13.332243 ] } },
{ "type": "Feature", "properties": { "id_copa": 1541, "talhao": "T2" }, "geometry": { "type": "Point", "coordinates": [ -39.3104637, -13.3320473 ] } },
{ "type": "Feature", "properties": { "id_copa": 1562, "talhao": "T2" }, "geometry": { "type": "Point", "coordinates": [ -39.3103684, -13.3328174 ] } },
{ "type": "Feature", "properties": { "id_copa": 1563, "talhao": "T2" }, "geometry": { "type": "Point", "coordinates": [ -39.3096712, -13.3338515 ] } },
{ "type": "Feature", "properties": { "id_copa": 1570, "talhao": "T2" }, "geometry": { "type": "Point", "coordinates": [ -39.3102929, -13.3324792 ] } },
{ "type": "Feature", "properties": { "id_copa": 1633, "talhao": "T2" }, "geometry": { "type": "Point", "coordinates": [ -39.3099096, -13.3321554 ] } },
{ "type": "Feature", "properties": { "id_copa": 1645, "talhao": "T2" }, "geometry": { "type": "Point", "coordinates": [ -39.309531, -13.3338697 ] } },
{ "type": "Feature", "properties": { "id_copa": 1646, "talhao": "T2" }, "geometry": { "type": "Point", "coordinates": [ -39.3096898, -13.3336678 ] } },
{ "type": "Feature", "properties": { "id_copa": 1651, "talhao": "T2" }, "geometry": { "type": "Point", "coordinates": [ -39.3097339, -13.3335908 ] } },
{ "type": "Feature", "properties": { "id_copa": 1662, "talhao": "T2" }, "geometry": { "type": "Point", "coordinates": [ -39.30994, -13.3328734 ] } },
{ "type": "Feature", "properties": { "id_copa": 1669, "talhao": "T2" }, "geometry": { "type": "Point", "coordinates": [ -39.3103539, -13.3320352 ] } },
{ "type": "Feature", "properties": { "id_copa": 1697, "talhao": "T2" }, "geometry": { "type": "Point", "coordinates": [ -39.3099801, -13.3326221 ] } },
{ "type": "Feature", "properties": { "id_copa": 1716, "talhao": "T2" }, "geometry": { "type": "Point", "coordinates": [ -39.3100247, -13.332993 ] } },
{ "type": "Feature", "properties": { "id_copa": 1733, "talhao": "T2" }, "geometry": { "type": "Point", "coordinates": [ -39.3102187, -13.3324199 ] } },
{ "type": "Feature", "properties": { "id_copa": 1740, "talhao": "T2" }, "geometry": { "type": "Point", "coordinates": [ -39.3104428, -13.3328635 ] } },
{ "type": "Feature", "properties": { "id_copa": 1741, "talhao": "T2" }, "geometry": { "type": "Point", "coordinates": [ -39.309886, -13.3327784 ] } },
{ "type": "Feature", "properties": { "id_copa": 1742, "talhao": "T2" }, "geometry": { "type": "Point", "coordinates": [ -39.3099557, -13.3329915 ] } },
{ "type": "Feature", "properties": { "id_copa": 1766, "talhao": "T2" }, "geometry": { "type": "Point", "coordinates": [ -39.3102251, -13.3342596 ] } },
{ "type": "Feature", "properties": { "id_copa": 1776, "talhao": "T2" }, "geometry": { "type": "Point", "coordinates": [ -39.3099785, -13.3327859 ] } },
{ "type": "Feature", "properties": { "id_copa": 1787, "talhao": "T2" }, "geometry": { "type": "Point", "coordinates": [ -39.3096008, -13.333869 ] } },
{ "type": "Feature", "properties": { "id_copa": 1790, "talhao": "T2" }, "geometry": { "type": "Point", "coordinates": [ -39.3102858, -13.332286 ] } },
{ "type": "Feature", "properties": { "id_copa": 1791, "talhao": "T2" }, "geometry": { "type": "Point", "coordinates": [ -39.310066, -13.3321778 ] } },
{ "type": "Feature", "properties": { "id_copa": 1798, "talhao": "T2" }, "geometry": { "type": "Point", "coordinates": [ -39.3103458, -13.3325339 ] } },
{ "type": "Feature", "properties": { "id_copa": 1810, "talhao": "T2" }, "geometry": { "type": "Point", "coordinates": [ -39.3096502, -13.3329981 ] } },
{ "type": "Feature", "properties": { "id_copa": 1823, "talhao": "T2" }, "geometry": { "type": "Point", "coordinates": [ -39.3097592, -13.3323295 ] } },
{ "type": "Feature", "properties": { "id_copa": 1826, "talhao": "T2" }, "geometry": { "type": "Point", "coordinates": [ -39.3101917, -13.3321874 ] } },
{ "type": "Feature", "properties": { "id_copa": 1837, "talhao": "T2" }, "geometry": { "type": "Point", "coordinates": [ -39.309795, -13.3329084 ] } },
{ "type": "Feature", "properties": { "id_copa": 1873, "talhao": "T2" }, "geometry": { "type": "Point", "coordinates": [ -39.3100887, -13.3325894 ] } },
{ "type": "Feature", "properties": { "id_copa": 1884, "talhao": "T2" }, "geometry": { "type": "Point", "coordinates": [ -39.3095089, -13.333689 ] } },
{ "type": "Feature", "properties": { "id_copa": 1650, "talhao": "T3" }, "geometry": { "type": "Point", "coordinates": [ -39.3102071, -13.3277346 ] } },
{ "type": "Feature", "properties": { "id_copa": 837, "talhao": "T4" }, "geometry": { "type": "Point", "coordinates": [ -39.3129431, -13.3310782 ] } },
{ "type": "Feature", "properties": { "id_copa": 1474, "talhao": "T4" }, "geometry": { "type": "Point", "coordinates": [ -39.3101648, -13.3317174 ] } },
{ "type": "Feature", "properties": { "id_copa": 1477, "talhao": "T4" }, "geometry": { "type": "Point", "coordinates": [ -39.3107149, -13.3307285 ] } },
{ "type": "Feature", "properties": { "id_copa": 1560, "talhao": "T4" }, "geometry": { "type": "Point", "coordinates": [ -39.3105192, -13.331048 ] } },
{ "type": "Feature", "properties": { "id_copa": 1683, "talhao": "T4" }, "geometry": { "type": "Point", "coordinates": [ -39.3099666, -13.331687 ] } },
{ "type": "Feature", "properties": { "id_copa": 1775, "talhao": "T4" }, "geometry": { "type": "Point", "coordinates": [ -39.3119907, -13.330884 ] } },
{ "type": "Feature", "properties": { "id_copa": 1786, "talhao": "T4" }, "geometry": { "type": "Point", "coordinates": [ -39.3129154, -13.331184 ] } },
{ "type": "Feature", "properties": { "id_copa": 3, "talhao": "T5" }, "geometry": { "type": "Point", "coordinates": [ -39.3068006, -13.337458 ] } },
{ "type": "Feature", "properties": { "id_copa": 24, "talhao": "T5" }, "geometry": { "type": "Point", "coordinates": [ -39.3069063, -13.3370889 ] } },
{ "type": "Feature", "properties": { "id_copa": 26, "talhao": "T5" }, "geometry": { "type": "Point", "coordinates": [ -39.3074694, -13.3362106 ] } },
{ "type": "Feature", "properties": { "id_copa": 38, "talhao": "T5" }, "geometry": { "type": "Point", "coordinates": [ -39.3081006, -13.3360727 ] } },
{ "type": "Feature", "properties": { "id_copa": 45, "talhao": "T5" }, "geometry": { "type": "Point", "coordinates": [ -39.3080727, -13.3353604 ] } },
{ "type": "Feature", "properties": { "id_copa": 51, "talhao": "T5" }, "geometry": { "type": "Point", "coordinates": [ -39.3082811, -13.3353507 ] } },
{ "type": "Feature", "properties": { "id_copa": 57, "talhao": "T5" }, "geometry": { "type": "Point", "coordinates": [ -39.3076265, -13.3364577 ] } },
{ "type": "Feature", "properties": { "id_copa": 61, "talhao": "T5" }, "geometry": { "type": "Point", "coordinates": [ -39.3076456, -13.3365497 ] } },
{ "type": "Feature", "properties": { "id_copa": 77, "talhao": "T5" }, "geometry": { "type": "Point", "coordinates": [ -39.3073279, -13.3360015 ] } },
{ "type": "Feature", "properties": { "id_copa": 92, "talhao": "T5" }, "geometry": { "type": "Point", "coordinates": [ -39.3078389, -13.3363142 ] } },
{ "type": "Feature", "properties": { "id_copa": 99, "talhao": "T5" }, "geometry": { "type": "Point", "coordinates": [ -39.3074069, -13.3360995 ] } },
{ "type": "Feature", "properties": { "id_copa": 103, "talhao": "T5" }, "geometry": { "type": "Point", "coordinates": [ -39.3080807, -13.3354782 ] } },
{ "type": "Feature", "properties": { "id_copa": 109, "talhao": "T5" }, "geometry": { "type": "Point", "coordinates": [ -39.3073913, -13.3363427 ] } },
{ "type": "Feature", "properties": { "id_copa": 110, "talhao": "T5" }, "geometry": { "type": "Point", "coordinates": [ -39.3079209, -13.3349891 ] } },
{ "type": "Feature", "properties": { "id_copa": 119, "talhao": "T5" }, "geometry": { "type": "Point", "coordinates": [ -39.3082593, -13.3354589 ] } },
{ "type": "Feature", "properties": { "id_copa": 122, "talhao": "T5" }, "geometry": { "type": "Point", "coordinates": [ -39.3079508, -13.3356258 ] } },
{ "type": "Feature", "properties": { "id_copa": 124, "talhao": "T5" }, "geometry": { "type": "Point", "coordinates": [ -39.3080856, -13.3363194 ] } },
{ "type": "Feature", "properties": { "id_copa": 132, "talhao": "T5" }, "geometry": { "type": "Point", "coordinates": [ -39.3079868, -13.3351235 ] } },
{ "type": "Feature", "properties": { "id_copa": 138, "talhao": "T5" }, "geometry": { "type": "Point", "coordinates": [ -39.3079268, -13.3364334 ] } },
{ "type": "Feature", "properties": { "id_copa": 147, "talhao": "T5" }, "geometry": { "type": "Point", "coordinates": [ -39.3083319, -13.3357132 ] } },
{ "type": "Feature", "properties": { "id_copa": 153, "talhao": "T5" }, "geometry": { "type": "Point", "coordinates": [ -39.3085136, -13.3353387 ] } },
{ "type": "Feature", "properties": { "id_copa": 158, "talhao": "T5" }, "geometry": { "type": "Point", "coordinates": [ -39.3075693, -13.3363344 ] } },
{ "type": "Feature", "properties": { "id_copa": 161, "talhao": "T5" }, "geometry": { "type": "Point", "coordinates": [ -39.3083919, -13.3353385 ] } },
{ "type": "Feature", "properties": { "id_copa": 162, "talhao": "T5" }, "geometry": { "type": "Point", "coordinates": [ -39.3077777, -13.3351398 ] } },
{ "type": "Feature", "properties": { "id_copa": 169, "talhao": "T5" }, "geometry": { "type": "Point", "coordinates": [ -39.308395, -13.3358509 ] } },
{ "type": "Feature", "properties": { "id_copa": 204, "talhao": "T5" }, "geometry": { "type": "Point", "coordinates": [ -39.3080457, -13.3364348 ] } },
{ "type": "Feature", "properties": { "id_copa": 211, "talhao": "T5" }, "geometry": { "type": "Point", "coordinates": [ -39.3073342, -13.3358935 ] } },
{ "type": "Feature", "properties": { "id_copa": 212, "talhao": "T5" }, "geometry": { "type": "Point", "coordinates": [ -39.3069336, -13.3374487 ] } },
{ "type": "Feature", "properties": { "id_copa": 216, "talhao": "T5" }, "geometry": { "type": "Point", "coordinates": [ -39.3084896, -13.3357164 ] } },
{ "type": "Feature", "properties": { "id_copa": 237, "talhao": "T5" }, "geometry": { "type": "Point", "coordinates": [ -39.3082734, -13.3361729 ] } },
{ "type": "Feature", "properties": { "id_copa": 238, "talhao": "T5" }, "geometry": { "type": "Point", "coordinates": [ -39.3076365, -13.3369135 ] } },
{ "type": "Feature", "properties": { "id_copa": 248, "talhao": "T5" }, "geometry": { "type": "Point", "coordinates": [ -39.3085266, -13.3354612 ] } },
{ "type": "Feature", "properties": { "id_copa": 258, "talhao": "T5" }, "geometry": { "type": "Point", "coordinates": [ -39.3072174, -13.3367358 ] } },
{ "type": "Feature", "properties": { "id_copa": 259, "talhao": "T5" }, "geometry": { "type": "Point", "coordinates": [ -39.3074387, -13.3370558 ] } },
{ "type": "Feature", "properties": { "id_copa": 267, "talhao": "T5" }, "geometry": { "type": "Point", "coordinates": [ -39.3069456, -13.3368911 ] } },
{ "type": "Feature", "properties": { "id_copa": 272, "talhao": "T5" }, "geometry": { "type": "Point", "coordinates": [ -39.3070566, -13.3373136 ] } },
{ "type": "Feature", "properties": { "id_copa": 274, "talhao": "T5" }, "geometry": { "type": "Point", "coordinates": [ -39.3081093, -13.3356173 ] } },
{ "type": "Feature", "properties": { "id_copa": 275, "talhao": "T5" }, "geometry": { "type": "Point", "coordinates": [ -39.3078417, -13.3350116 ] } },
{ "type": "Feature", "properties": { "id_copa": 281, "talhao": "T5" }, "geometry": { "type": "Point", "coordinates": [ -39.3071542, -13.3373034 ] } },
{ "type": "Feature", "properties": { "id_copa": 288, "talhao": "T5" }, "geometry": { "type": "Point", "coordinates": [ -39.3077043, -13.3359874 ] } },
{ "type": "Feature", "properties": { "id_copa": 298, "talhao": "T5" }, "geometry": { "type": "Point", "coordinates": [ -39.3071142, -13.3369519 ] } },
{ "type": "Feature", "properties": { "id_copa": 314, "talhao": "T5" }, "geometry": { "type": "Point", "coordinates": [ -39.3071048, -13.3364729 ] } },
{ "type": "Feature", "properties": { "id_copa": 326, "talhao": "T5" }, "geometry": { "type": "Point", "coordinates": [ -39.3083926, -13.3354848 ] } },
{ "type": "Feature", "properties": { "id_copa": 336, "talhao": "T5" }, "geometry": { "type": "Point", "coordinates": [ -39.3072787, -13.3368079 ] } },
{ "type": "Feature", "properties": { "id_copa": 365, "talhao": "T5" }, "geometry": { "type": "Point", "coordinates": [ -39.3074244, -13.3357781 ] } },
{ "type": "Feature", "properties": { "id_copa": 375, "talhao": "T5" }, "geometry": { "type": "Point", "coordinates": [ -39.3079479, -13.3357275 ] } },
{ "type": "Feature", "properties": { "id_copa": 396, "talhao": "T5" }, "geometry": { "type": "Point", "coordinates": [ -39.3079351, -13.3361894 ] } },
{ "type": "Feature", "properties": { "id_copa": 400, "talhao": "T5" }, "geometry": { "type": "Point", "coordinates": [ -39.3072162, -13.3370565 ] } },
{ "type": "Feature", "properties": { "id_copa": 409, "talhao": "T5" }, "geometry": { "type": "Point", "coordinates": [ -39.3075597, -13.336911 ] } },
{ "type": "Feature", "properties": { "id_copa": 411, "talhao": "T5" }, "geometry": { "type": "Point", "coordinates": [ -39.3072301, -13.3365834 ] } },
{ "type": "Feature", "properties": { "id_copa": 423, "talhao": "T5" }, "geometry": { "type": "Point", "coordinates": [ -39.3079568, -13.3352647 ] } },
{ "type": "Feature", "properties": { "id_copa": 426, "talhao": "T5" }, "geometry": { "type": "Point", "coordinates": [ -39.3074713, -13.3365788 ] } },
{ "type": "Feature", "properties": { "id_copa": 429, "talhao": "T5" }, "geometry": { "type": "Point", "coordinates": [ -39.3082122, -13.3361724 ] } },
{ "type": "Feature", "properties": { "id_copa": 430, "talhao": "T5" }, "geometry": { "type": "Point", "coordinates": [ -39.3077196, -13.3363324 ] } },
{ "type": "Feature", "properties": { "id_copa": 442, "talhao": "T5" }, "geometry": { "type": "Point", "coordinates": [ -39.3074272, -13.3371729 ] } },
{ "type": "Feature", "properties": { "id_copa": 454, "talhao": "T5" }, "geometry": { "type": "Point", "coordinates": [ -39.3080348, -13.3359755 ] } },
{ "type": "Feature", "properties": { "id_copa": 455, "talhao": "T5" }, "geometry": { "type": "Point", "coordinates": [ -39.3081152, -13.3359711 ] } },
{ "type": "Feature", "properties": { "id_copa": 461, "talhao": "T5" }, "geometry": { "type": "Point", "coordinates": [ -39.3073667, -13.3371723 ] } },
{ "type": "Feature", "properties": { "id_copa": 465, "talhao": "T5" }, "geometry": { "type": "Point", "coordinates": [ -39.3072838, -13.33671 ] } },
{ "type": "Feature", "properties": { "id_copa": 470, "talhao": "T5" }, "geometry": { "type": "Point", "coordinates": [ -39.3075406, -13.3359836 ] } },
{ "type": "Feature", "properties": { "id_copa": 489, "talhao": "T5" }, "geometry": { "type": "Point", "coordinates": [ -39.307502, -13.335875 ] } },
{ "type": "Feature", "properties": { "id_copa": 496, "talhao": "T5" }, "geometry": { "type": "Point", "coordinates": [ -39.3076694, -13.3366825 ] } },
{ "type": "Feature", "properties": { "id_copa": 503, "talhao": "T5" }, "geometry": { "type": "Point", "coordinates": [ -39.3075341, -13.3365533 ] } },
{ "type": "Feature", "properties": { "id_copa": 542, "talhao": "T5" }, "geometry": { "type": "Point", "coordinates": [ -39.3080519, -13.3358522 ] } },
{ "type": "Feature", "properties": { "id_copa": 553, "talhao": "T5" }, "geometry": { "type": "Point", "coordinates": [ -39.3086483, -13.3353403 ] } },
{ "type": "Feature", "properties": { "id_copa": 571, "talhao": "T5" }, "geometry": { "type": "Point", "coordinates": [ -39.3083858, -13.3355973 ] } },
{ "type": "Feature", "properties": { "id_copa": 580, "talhao": "T5" }, "geometry": { "type": "Point", "coordinates": [ -39.3080533, -13.3357372 ] } },
{ "type": "Feature", "properties": { "id_copa": 585, "talhao": "T5" }, "geometry": { "type": "Point", "coordinates": [ -39.3079104, -13.3358589 ] } },
{ "type": "Feature", "properties": { "id_copa": 602, "talhao": "T5" }, "geometry": { "type": "Point", "coordinates": [ -39.3081996, -13.3356066 ] } },
{ "type": "Feature", "properties": { "id_copa": 605, "talhao": "T5" }, "geometry": { "type": "Point", "coordinates": [ -39.3082336, -13.3360706 ] } },
{ "type": "Feature", "properties": { "id_copa": 615, "talhao": "T5" }, "geometry": { "type": "Point", "coordinates": [ -39.3072228, -13.3369382 ] } },
{ "type": "Feature", "properties": { "id_copa": 621, "talhao": "T5" }, "geometry": { "type": "Point", "coordinates": [ -39.3081674, -13.3354774 ] } },
{ "type": "Feature", "properties": { "id_copa": 634, "talhao": "T5" }, "geometry": { "type": "Point", "coordinates": [ -39.3079986, -13.3361852 ] } },
{ "type": "Feature", "properties": { "id_copa": 636, "talhao": "T5" }, "geometry": { "type": "Point", "coordinates": [ -39.3079831, -13.3354846 ] } },
{ "type": "Feature", "properties": { "id_copa": 647, "talhao": "T5" }, "geometry": { "type": "Point", "coordinates": [ -39.3080595, -13.336658 ] } },
{ "type": "Feature", "properties": { "id_copa": 659, "talhao": "T5" }, "geometry": { "type": "Point", "coordinates": [ -39.3076946, -13.3361982 ] } },
{ "type": "Feature", "properties": { "id_copa": 673, "talhao": "T5" }, "geometry": { "type": "Point", "coordinates": [ -39.308306, -13.3358381 ] } },
{ "type": "Feature", "properties": { "id_copa": 676, "talhao": "T5" }, "geometry": { "type": "Point", "coordinates": [ -39.3080327, -13.3356103 ] } },
{ "type": "Feature", "properties": { "id_copa": 678, "talhao": "T5" }, "geometry": { "type": "Point", "coordinates": [ -39.3078414, -13.3348916 ] } },
{ "type": "Feature", "properties": { "id_copa": 702, "talhao": "T5" }, "geometry": { "type": "Point", "coordinates": [ -39.307669, -13.3356295 ] } },
{ "type": "Feature", "properties": { "id_copa": 703, "talhao": "T5" }, "geometry": { "type": "Point", "coordinates": [ -39.3078817, -13.3356431 ] } },
{ "type": "Feature", "properties": { "id_copa": 707, "talhao": "T5" }, "geometry": { "type": "Point", "coordinates": [ -39.3070883, -13.3374393 ] } },
{ "type": "Feature", "properties": { "id_copa": 711, "talhao": "T5" }, "geometry": { "type": "Point", "coordinates": [ -39.3081605, -13.3352458 ] } },
{ "type": "Feature", "properties": { "id_copa": 720, "talhao": "T5" }, "geometry": { "type": "Point", "coordinates": [ -39.3070145, -13.3368238 ] } },
{ "type": "Feature", "properties": { "id_copa": 730, "talhao": "T5" }, "geometry": { "type": "Point", "coordinates": [ -39.3077769, -13.3352493 ] } },
{ "type": "Feature", "properties": { "id_copa": 739, "talhao": "T5" }, "geometry": { "type": "Point", "coordinates": [ -39.3073587, -13.3368108 ] } },
{ "type": "Feature", "properties": { "id_copa": 743, "talhao": "T5" }, "geometry": { "type": "Point", "coordinates": [ -39.3079705, -13.3358574 ] } },
{ "type": "Feature", "properties": { "id_copa": 755, "talhao": "T5" }, "geometry": { "type": "Point", "coordinates": [ -39.3077527, -13.336676 ] } },
{ "type": "Feature", "properties": { "id_copa": 760, "talhao": "T5" }, "geometry": { "type": "Point", "coordinates": [ -39.30739, -13.3366967 ] } },
{ "type": "Feature", "properties": { "id_copa": 765, "talhao": "T5" }, "geometry": { "type": "Point", "coordinates": [ -39.3072727, -13.3371233 ] } },
{ "type": "Feature", "properties": { "id_copa": 766, "talhao": "T5" }, "geometry": { "type": "Point", "coordinates": [ -39.3076871, -13.3358591 ] } },
{ "type": "Feature", "properties": { "id_copa": 770, "talhao": "T5" }, "geometry": { "type": "Point", "coordinates": [ -39.307331, -13.3362204 ] } },
{ "type": "Feature", "properties": { "id_copa": 774, "talhao": "T5" }, "geometry": { "type": "Point", "coordinates": [ -39.3078895, -13.3353654 ] } },
{ "type": "Feature", "properties": { "id_copa": 778, "talhao": "T5" }, "geometry": { "type": "Point", "coordinates": [ -39.3075743, -13.3358835 ] } },
{ "type": "Feature", "properties": { "id_copa": 790, "talhao": "T5" }, "geometry": { "type": "Point", "coordinates": [ -39.3073323, -13.3372947 ] } },
{ "type": "Feature", "properties": { "id_copa": 796, "talhao": "T5" }, "geometry": { "type": "Point", "coordinates": [ -39.3078287, -13.3367315 ] } },
{ "type": "Feature", "properties": { "id_copa": 813, "talhao": "T5" }, "geometry": { "type": "Point", "coordinates": [ -39.307613, -13.3367479 ] } },
{ "type": "Feature", "properties": { "id_copa": 821, "talhao": "T5" }, "geometry": { "type": "Point", "coordinates": [ -39.3076108, -13.3356336 ] } },
{ "type": "Feature", "properties": { "id_copa": 843, "talhao": "T5" }, "geometry": { "type": "Point", "coordinates": [ -39.3068247, -13.3373215 ] } },
{ "type": "Feature", "properties": { "id_copa": 851, "talhao": "T5" }, "geometry": { "type": "Point", "coordinates": [ -39.3078531, -13.3362032 ] } },
{ "type": "Feature", "properties": { "id_copa": 868, "talhao": "T5" }, "geometry": { "type": "Point", "coordinates": [ -39.3070474, -13.33709 ] } },
{ "type": "Feature", "properties": { "id_copa": 913, "talhao": "T5" }, "geometry": { "type": "Point", "coordinates": [ -39.3078586, -13.3357249 ] } },
{ "type": "Feature", "properties": { "id_copa": 915, "talhao": "T5" }, "geometry": { "type": "Point", "coordinates": [ -39.3071386, -13.3365818 ] } },
{ "type": "Feature", "properties": { "id_copa": 920, "talhao": "T5" }, "geometry": { "type": "Point", "coordinates": [ -39.3078067, -13.3358705 ] } },
{ "type": "Feature", "properties": { "id_copa": 923, "talhao": "T5" }, "geometry": { "type": "Point", "coordinates": [ -39.3080551, -13.3361875 ] } },
{ "type": "Feature", "properties": { "id_copa": 950, "talhao": "T5" }, "geometry": { "type": "Point", "coordinates": [ -39.3078898, -13.3359841 ] } },
{ "type": "Feature", "properties": { "id_copa": 981, "talhao": "T5" }, "geometry": { "type": "Point", "coordinates": [ -39.3076565, -13.3368159 ] } },
{ "type": "Feature", "properties": { "id_copa": 996, "talhao": "T5" }, "geometry": { "type": "Point", "coordinates": [ -39.3074241, -13.3372315 ] } },
{ "type": "Feature", "properties": { "id_copa": 1006, "talhao": "T5" }, "geometry": { "type": "Point", "coordinates": [ -39.3079243, -13.3354954 ] } },
{ "type": "Feature", "properties": { "id_copa": 1010, "talhao": "T5" }, "geometry": { "type": "Point", "coordinates": [ -39.3079491, -13.3363041 ] } },
{ "type": "Feature", "properties": { "id_copa": 1017, "talhao": "T5" }, "geometry": { "type": "Point", "coordinates": [ -39.3080251, -13.3349987 ] } },
{ "type": "Feature", "properties": { "id_copa": 1020, "talhao": "T5" }, "geometry": { "type": "Point", "coordinates": [ -39.3082344, -13.335729 ] } },
{ "type": "Feature", "properties": { "id_copa": 1038, "talhao": "T5" }, "geometry": { "type": "Point", "coordinates": [ -39.3074424, -13.3358889 ] } },
{ "type": "Feature", "properties": { "id_copa": 1057, "talhao": "T5" }, "geometry": { "type": "Point", "coordinates": [ -39.3077662, -13.3356362 ] } },
{ "type": "Feature", "properties": { "id_copa": 1058, "talhao": "T5" }, "geometry": { "type": "Point", "coordinates": [ -39.307394, -13.3365658 ] } },
{ "type": "Feature", "properties": { "id_copa": 1060, "talhao": "T5" }, "geometry": { "type": "Point", "coordinates": [ -39.3077999, -13.3355553 ] } },
{ "type": "Feature", "properties": { "id_copa": 1068, "talhao": "T5" }, "geometry": { "type": "Point", "coordinates": [ -39.3073182, -13.3374108 ] } },
{ "type": "Feature", "properties": { "id_copa": 1104, "talhao": "T5" }, "geometry": { "type": "Point", "coordinates": [ -39.3082942, -13.3360776 ] } },
{ "type": "Feature", "properties": { "id_copa": 1108, "talhao": "T5" }, "geometry": { "type": "Point", "coordinates": [ -39.3074921, -13.3357576 ] } },
{ "type": "Feature", "properties": { "id_copa": 1111, "talhao": "T5" }, "geometry": { "type": "Point", "coordinates": [ -39.307519, -13.3356526 ] } },
{ "type": "Feature", "properties": { "id_copa": 1113, "talhao": "T5" }, "geometry": { "type": "Point", "coordinates": [ -39.3077892, -13.3357412 ] } },
{ "type": "Feature", "properties": { "id_copa": 1125, "talhao": "T5" }, "geometry": { "type": "Point", "coordinates": [ -39.3085378, -13.3355208 ] } },
{ "type": "Feature", "properties": { "id_copa": 1130, "talhao": "T5" }, "geometry": { "type": "Point", "coordinates": [ -39.3083732, -13.335407 ] } },
{ "type": "Feature", "properties": { "id_copa": 1140, "talhao": "T5" }, "geometry": { "type": "Point", "coordinates": [ -39.3071767, -13.336348 ] } },
{ "type": "Feature", "properties": { "id_copa": 1148, "talhao": "T5" }, "geometry": { "type": "Point", "coordinates": [ -39.3077375, -13.3357405 ] } },
{ "type": "Feature", "properties": { "id_copa": 1175, "talhao": "T5" }, "geometry": { "type": "Point", "coordinates": [ -39.3074696, -13.3360128 ] } },
{ "type": "Feature", "properties": { "id_copa": 1186, "talhao": "T5" }, "geometry": { "type": "Point", "coordinates": [ -39.3073326, -13.3370427 ] } },
{ "type": "Feature", "properties": { "id_copa": 1198, "talhao": "T5" }, "geometry": { "type": "Point", "coordinates": [ -39.3069362, -13.3372712 ] } },
{ "type": "Feature", "properties": { "id_copa": 1200, "talhao": "T5" }, "geometry": { "type": "Point", "coordinates": [ -39.3073945, -13.3361711 ] } },
{ "type": "Feature", "properties": { "id_copa": 1212, "talhao": "T5" }, "geometry": { "type": "Point", "coordinates": [ -39.3076135, -13.3369736 ] } },
{ "type": "Feature", "properties": { "id_copa": 1218, "talhao": "T5" }, "geometry": { "type": "Point", "coordinates": [ -39.3073275, -13.3369303 ] } },
{ "type": "Feature", "properties": { "id_copa": 1232, "talhao": "T5" }, "geometry": { "type": "Point", "coordinates": [ -39.3073224, -13.3360897 ] } },
{ "type": "Feature", "properties": { "id_copa": 1236, "talhao": "T5" }, "geometry": { "type": "Point", "coordinates": [ -39.3081573, -13.3353311 ] } },
{ "type": "Feature", "properties": { "id_copa": 1245, "talhao": "T5" }, "geometry": { "type": "Point", "coordinates": [ -39.3076187, -13.3351432 ] } },
{ "type": "Feature", "properties": { "id_copa": 1259, "talhao": "T5" }, "geometry": { "type": "Point", "coordinates": [ -39.3084533, -13.3354728 ] } },
{ "type": "Feature", "properties": { "id_copa": 1271, "talhao": "T5" }, "geometry": { "type": "Point", "coordinates": [ -39.3069985, -13.3373078 ] } },
{ "type": "Feature", "properties": { "id_copa": 1284, "talhao": "T5" }, "geometry": { "type": "Point", "coordinates": [ -39.3071404, -13.3364047 ] } },
{ "type": "Feature", "properties": { "id_copa": 1302, "talhao": "T5" }, "geometry": { "type": "Point", "coordinates": [ -39.3078043, -13.336574 ] } },
{ "type": "Feature", "properties": { "id_copa": 1309, "talhao": "T5" }, "geometry": { "type": "Point", "coordinates": [ -39.306804, -13.3373934 ] } },
{ "type": "Feature", "properties": { "id_copa": 1311, "talhao": "T5" }, "geometry": { "type": "Point", "coordinates": [ -39.3075529, -13.336685 ] } },
{ "type": "Feature", "properties": { "id_copa": 1313, "talhao": "T5" }, "geometry": { "type": "Point", "coordinates": [ -39.3071839, -13.3366534 ] } },
{ "type": "Feature", "properties": { "id_copa": 1314, "talhao": "T5" }, "geometry": { "type": "Point", "coordinates": [ -39.3078625, -13.3366612 ] } },
{ "type": "Feature", "properties": { "id_copa": 1320, "talhao": "T5" }, "geometry": { "type": "Point", "coordinates": [ -39.3078883, -13.3352495 ] } },
{ "type": "Feature", "properties": { "id_copa": 1322, "talhao": "T5" }, "geometry": { "type": "Point", "coordinates": [ -39.3072133, -13.3364679 ] } },
{ "type": "Feature", "properties": { "id_copa": 1325, "talhao": "T5" }, "geometry": { "type": "Point", "coordinates": [ -39.307783, -13.3359784 ] } },
{ "type": "Feature", "properties": { "id_copa": 1347, "talhao": "T5" }, "geometry": { "type": "Point", "coordinates": [ -39.3082202, -13.3359841 ] } },
{ "type": "Feature", "properties": { "id_copa": 1364, "talhao": "T5" }, "geometry": { "type": "Point", "coordinates": [ -39.308496, -13.3355895 ] } },
{ "type": "Feature", "properties": { "id_copa": 1371, "talhao": "T5" }, "geometry": { "type": "Point", "coordinates": [ -39.3084121, -13.3352174 ] } },
{ "type": "Feature", "properties": { "id_copa": 1372, "talhao": "T5" }, "geometry": { "type": "Point", "coordinates": [ -39.3076109, -13.3368073 ] } },
{ "type": "Feature", "properties": { "id_copa": 1379, "talhao": "T5" }, "geometry": { "type": "Point", "coordinates": [ -39.3076043, -13.3355513 ] } },
{ "type": "Feature", "properties": { "id_copa": 1386, "talhao": "T5" }, "geometry": { "type": "Point", "coordinates": [ -39.3072128, -13.3374212 ] } },
{ "type": "Feature", "properties": { "id_copa": 1400, "talhao": "T5" }, "geometry": { "type": "Point", "coordinates": [ -39.3085788, -13.3355898 ] } },
{ "type": "Feature", "properties": { "id_copa": 1416, "talhao": "T5" }, "geometry": { "type": "Point", "coordinates": [ -39.3071078, -13.3367241 ] } },
{ "type": "Feature", "properties": { "id_copa": 1422, "talhao": "T5" }, "geometry": { "type": "Point", "coordinates": [ -39.307996, -13.3360956 ] } },
{ "type": "Feature", "properties": { "id_copa": 1425, "talhao": "T5" }, "geometry": { "type": "Point", "coordinates": [ -39.3078326, -13.335986 ] } },
{ "type": "Feature", "properties": { "id_copa": 1434, "talhao": "T5" }, "geometry": { "type": "Point", "coordinates": [ -39.3080039, -13.3363161 ] } },
{ "type": "Feature", "properties": { "id_copa": 1438, "talhao": "T5" }, "geometry": { "type": "Point", "coordinates": [ -39.3078692, -13.3355013 ] } },
{ "type": "Feature", "properties": { "id_copa": 1441, "talhao": "T5" }, "geometry": { "type": "Point", "coordinates": [ -39.3077918, -13.3362006 ] } },
{ "type": "Feature", "properties": { "id_copa": 1444, "talhao": "T5" }, "geometry": { "type": "Point", "coordinates": [ -39.3073787, -13.3364638 ] } },
{ "type": "Feature", "properties": { "id_copa": 1451, "talhao": "T5" }, "geometry": { "type": "Point", "coordinates": [ -39.3084408, -13.3354109 ] } },
{ "type": "Feature", "properties": { "id_copa": 1454, "talhao": "T5" }, "geometry": { "type": "Point", "coordinates": [ -39.3078514, -13.3369002 ] } },
{ "type": "Feature", "properties": { "id_copa": 1460, "talhao": "T5" }, "geometry": { "type": "Point", "coordinates": [ -39.3077432, -13.3349004 ] } },
{ "type": "Feature", "properties": { "id_copa": 1463, "talhao": "T5" }, "geometry": { "type": "Point", "coordinates": [ -39.3082295, -13.3358428 ] } },
{ "type": "Feature", "properties": { "id_copa": 1475, "talhao": "T5" }, "geometry": { "type": "Point", "coordinates": [ -39.3078887, -13.3351361 ] } },
{ "type": "Feature", "properties": { "id_copa": 1479, "talhao": "T5" }, "geometry": { "type": "Point", "coordinates": [ -39.3071081, -13.336838 ] } },
{ "type": "Feature", "properties": { "id_copa": 1529, "talhao": "T5" }, "geometry": { "type": "Point", "coordinates": [ -39.3077962, -13.3370158 ] } },
{ "type": "Feature", "properties": { "id_copa": 1551, "talhao": "T5" }, "geometry": { "type": "Point", "coordinates": [ -39.3081341, -13.3358539 ] } },
{ "type": "Feature", "properties": { "id_copa": 1582, "talhao": "T5" }, "geometry": { "type": "Point", "coordinates": [ -39.3072937, -13.3357748 ] } },
{ "type": "Feature", "properties": { "id_copa": 1591, "talhao": "T5" }, "geometry": { "type": "Point", "coordinates": [ -39.3077916, -13.3349083 ] } },
{ "type": "Feature", "properties": { "id_copa": 1635, "talhao": "T5" }, "geometry": { "type": "Point", "coordinates": [ -39.3077423, -13.3361991 ] } },
{ "type": "Feature", "properties": { "id_copa": 1642, "talhao": "T5" }, "geometry": { "type": "Point", "coordinates": [ -39.3078552, -13.3365508 ] } },
{ "type": "Feature", "properties": { "id_copa": 1660, "talhao": "T5" }, "geometry": { "type": "Point", "coordinates": [ -39.3068709, -13.33715 ] } },
{ "type": "Feature", "properties": { "id_copa": 1676, "talhao": "T5" }, "geometry": { "type": "Point", "coordinates": [ -39.3083497, -13.3352361 ] } },
{ "type": "Feature", "properties": { "id_copa": 1685, "talhao": "T5" }, "geometry": { "type": "Point", "coordinates": [ -39.3072602, -13.3374074 ] } },
{ "type": "Feature", "properties": { "id_copa": 1704, "talhao": "T5" }, "geometry": { "type": "Point", "coordinates": [ -39.3073898, -13.3371148 ] } },
{ "type": "Feature", "properties": { "id_copa": 1705, "talhao": "T5" }, "geometry": { "type": "Point", "coordinates": [ -39.3076578, -13.334987 ] } },
{ "type": "Feature", "properties": { "id_copa": 1707, "talhao": "T5" }, "geometry": { "type": "Point", "coordinates": [ -39.3074093, -13.3359414 ] } },
{ "type": "Feature", "properties": { "id_copa": 1712, "talhao": "T5" }, "geometry": { "type": "Point", "coordinates": [ -39.3068995, -13.3373276 ] } },
{ "type": "Feature", "properties": { "id_copa": 1719, "talhao": "T5" }, "geometry": { "type": "Point", "coordinates": [ -39.3073091, -13.336874 ] } },
{ "type": "Feature", "properties": { "id_copa": 1755, "talhao": "T5" }, "geometry": { "type": "Point", "coordinates": [ -39.3082723, -13.3352497 ] } },
{ "type": "Feature", "properties": { "id_copa": 1768, "talhao": "T5" }, "geometry": { "type": "Point", "coordinates": [ -39.3076536, -13.3368718 ] } },
{ "type": "Feature", "properties": { "id_copa": 1770, "talhao": "T5" }, "geometry": { "type": "Point", "coordinates": [ -39.3071782, -13.3368103 ] } },
{ "type": "Feature", "properties": { "id_copa": 1781, "talhao": "T5" }, "geometry": { "type": "Point", "coordinates": [ -39.307077, -13.3365925 ] } },
{ "type": "Feature", "properties": { "id_copa": 1799, "talhao": "T5" }, "geometry": { "type": "Point", "coordinates": [ -39.3074208, -13.3368046 ] } },
{ "type": "Feature", "properties": { "id_copa": 1805, "talhao": "T5" }, "geometry": { "type": "Point", "coordinates": [ -39.307435, -13.336444 ] } },
{ "type": "Feature", "properties": { "id_copa": 1827, "talhao": "T5" }, "geometry": { "type": "Point", "coordinates": [ -39.3081827, -13.3351166 ] } },
{ "type": "Feature", "properties": { "id_copa": 1829, "talhao": "T5" }, "geometry": { "type": "Point", "coordinates": [ -39.3079215, -13.336899 ] } },
{ "type": "Feature", "properties": { "id_copa": 1835, "talhao": "T5" }, "geometry": { "type": "Point", "coordinates": [ -39.3068035, -13.3375224 ] } },
{ "type": "Feature", "properties": { "id_copa": 1845, "talhao": "T5" }, "geometry": { "type": "Point", "coordinates": [ -39.3080603, -13.3365179 ] } },
{ "type": "Feature", "properties": { "id_copa": 1848, "talhao": "T5" }, "geometry": { "type": "Point", "coordinates": [ -39.3080635, -13.3365555 ] } },
{ "type": "Feature", "properties": { "id_copa": 1880, "talhao": "T5" }, "geometry": { "type": "Point", "coordinates": [ -39.3085741, -13.3356464 ] } },
{ "type": "Feature", "properties": { "id_copa": 19, "talhao": "T6" }, "geometry": { "type": "Point", "coordinates": [ -39.3113326, -13.335762 ] } },
{ "type": "Feature", "properties": { "id_copa": 70, "talhao": "T6" }, "geometry": { "type": "Point", "coordinates": [ -39.311435, -13.3357556 ] } },
{ "type": "Feature", "properties": { "id_copa": 72, "talhao": "T6" }, "geometry": { "type": "Point", "coordinates": [ -39.3097164, -13.3356109 ] } },
{ "type": "Feature", "properties": { "id_copa": 81, "talhao": "T6" }, "geometry": { "type": "Point", "coordinates": [ -39.3103296, -13.3359114 ] } },
{ "type": "Feature", "properties": { "id_copa": 115, "talhao": "T6" }, "geometry": { "type": "Point", "coordinates": [ -39.3104615, -13.3358924 ] } },
{ "type": "Feature", "properties": { "id_copa": 118, "talhao": "T6" }, "geometry": { "type": "Point", "coordinates": [ -39.3105695, -13.3357001 ] } },
{ "type": "Feature", "properties": { "id_copa": 130, "talhao": "T6" }, "geometry": { "type": "Point", "coordinates": [ -39.3095518, -13.3355044 ] } },
{ "type": "Feature", "properties": { "id_copa": 160, "talhao": "T6" }, "geometry": { "type": "Point", "coordinates": [ -39.3113721, -13.3358416 ] } },
{ "type": "Feature", "properties": { "id_copa": 166, "talhao": "T6" }, "geometry": { "type": "Point", "coordinates": [ -39.3099804, -13.3355547 ] } },
{ "type": "Feature", "properties": { "id_copa": 198, "talhao": "T6" }, "geometry": { "type": "Point", "coordinates": [ -39.3107352, -13.3349427 ] } },
{ "type": "Feature", "properties": { "id_copa": 200, "talhao": "T6" }, "geometry": { "type": "Point", "coordinates": [ -39.3111654, -13.3355433 ] } },
{ "type": "Feature", "properties": { "id_copa": 231, "talhao": "T6" }, "geometry": { "type": "Point", "coordinates": [ -39.3108948, -13.3353994 ] } },
{ "type": "Feature", "properties": { "id_copa": 239, "talhao": "T6" }, "geometry": { "type": "Point", "coordinates": [ -39.3105676, -13.3349106 ] } },
{ "type": "Feature", "properties": { "id_copa": 252, "talhao": "T6" }, "geometry": { "type": "Point", "coordinates": [ -39.3114046, -13.3356659 ] } },
{ "type": "Feature", "properties": { "id_copa": 255, "talhao": "T6" }, "geometry": { "type": "Point", "coordinates": [ -39.310411, -13.3347343 ] } },
{ "type": "Feature", "properties": { "id_copa": 280, "talhao": "T6" }, "geometry": { "type": "Point", "coordinates": [ -39.3097128, -13.3355438 ] } },
{ "type": "Feature", "properties": { "id_copa": 286, "talhao": "T6" }, "geometry": { "type": "Point", "coordinates": [ -39.3103987, -13.3350556 ] } },
{ "type": "Feature", "properties": { "id_copa": 320, "talhao": "T6" }, "geometry": { "type": "Point", "coordinates": [ -39.3103875, -13.3353561 ] } },
{ "type": "Feature", "properties": { "id_copa": 339, "talhao": "T6" }, "geometry": { "type": "Point", "coordinates": [ -39.3096353, -13.3354294 ] } },
{ "type": "Feature", "properties": { "id_copa": 369, "talhao": "T6" }, "geometry": { "type": "Point", "coordinates": [ -39.310613, -13.3353115 ] } },
{ "type": "Feature", "properties": { "id_copa": 382, "talhao": "T6" }, "geometry": { "type": "Point", "coordinates": [ -39.3108404, -13.3352186 ] } },
{ "type": "Feature", "properties": { "id_copa": 383, "talhao": "T6" }, "geometry": { "type": "Point", "coordinates": [ -39.3100951, -13.335872 ] } },
{ "type": "Feature", "properties": { "id_copa": 401, "talhao": "T6" }, "geometry": { "type": "Point", "coordinates": [ -39.3096533, -13.3356815 ] } },
{ "type": "Feature", "properties": { "id_copa": 453, "talhao": "T6" }, "geometry": { "type": "Point", "coordinates": [ -39.3109161, -13.3357187 ] } },
{ "type": "Feature", "properties": { "id_copa": 463, "talhao": "T6" }, "geometry": { "type": "Point", "coordinates": [ -39.3102665, -13.3357441 ] } },
{ "type": "Feature", "properties": { "id_copa": 468, "talhao": "T6" }, "geometry": { "type": "Point", "coordinates": [ -39.311242, -13.3357724 ] } },
{ "type": "Feature", "properties": { "id_copa": 469, "talhao": "T6" }, "geometry": { "type": "Point", "coordinates": [ -39.311021, -13.3351426 ] } },
{ "type": "Feature", "properties": { "id_copa": 472, "talhao": "T6" }, "geometry": { "type": "Point", "coordinates": [ -39.3111032, -13.3358695 ] } },
{ "type": "Feature", "properties": { "id_copa": 487, "talhao": "T6" }, "geometry": { "type": "Point", "coordinates": [ -39.3108706, -13.3350866 ] } },
{ "type": "Feature", "properties": { "id_copa": 492, "talhao": "T6" }, "geometry": { "type": "Point", "coordinates": [ -39.3101004, -13.3357218 ] } },
{ "type": "Feature", "properties": { "id_copa": 499, "talhao": "T6" }, "geometry": { "type": "Point", "coordinates": [ -39.3104888, -13.3350436 ] } },
{ "type": "Feature", "properties": { "id_copa": 507, "talhao": "T6" }, "geometry": { "type": "Point", "coordinates": [ -39.3102201, -13.3351446 ] } },
{ "type": "Feature", "properties": { "id_copa": 513, "talhao": "T6" }, "geometry": { "type": "Point", "coordinates": [ -39.3103065, -13.3356715 ] } },
{ "type": "Feature", "properties": { "id_copa": 529, "talhao": "T6" }, "geometry": { "type": "Point", "coordinates": [ -39.3103207, -13.3357427 ] } },
{ "type": "Feature", "properties": { "id_copa": 549, "talhao": "T6" }, "geometry": { "type": "Point", "coordinates": [ -39.3110656, -13.3354747 ] } },
{ "type": "Feature", "properties": { "id_copa": 604, "talhao": "T6" }, "geometry": { "type": "Point", "coordinates": [ -39.3103274, -13.3359984 ] } },
{ "type": "Feature", "properties": { "id_copa": 610, "talhao": "T6" }, "geometry": { "type": "Point", "coordinates": [ -39.311128, -13.3356137 ] } },
{ "type": "Feature", "properties": { "id_copa": 614, "talhao": "T6" }, "geometry": { "type": "Point", "coordinates": [ -39.3101624, -13.3351038 ] } },
{ "type": "Feature", "properties": { "id_copa": 620, "talhao": "T6" }, "geometry": { "type": "Point", "coordinates": [ -39.3098949, -13.3355783 ] } },
{ "type": "Feature", "properties": { "id_copa": 624, "talhao": "T6" }, "geometry": { "type": "Point", "coordinates": [ -39.3098102, -13.3356485 ] } },
{ "type": "Feature", "properties": { "id_copa": 627, "talhao": "T6" }, "geometry": { "type": "Point", "coordinates": [ -39.3099957, -13.3356878 ] } },
{ "type": "Feature", "properties": { "id_copa": 629, "talhao": "T6" }, "geometry": { "type": "Point", "coordinates": [ -39.3101043, -13.3352025 ] } },
{ "type": "Feature", "properties": { "id_copa": 630, "talhao": "T6" }, "geometry": { "type": "Point", "coordinates": [ -39.3108319, -13.3357477 ] } },
{ "type": "Feature", "properties": { "id_copa": 632, "talhao": "T6" }, "geometry": { "type": "Point", "coordinates": [ -39.310711, -13.3356902 ] } },
{ "type": "Feature", "properties": { "id_copa": 649, "talhao": "T6" }, "geometry": { "type": "Point", "coordinates": [ -39.311194, -13.3356173 ] } },
{ "type": "Feature", "properties": { "id_copa": 657, "talhao": "T6" }, "geometry": { "type": "Point", "coordinates": [ -39.3110229, -13.3351986 ] } },
{ "type": "Feature", "properties": { "id_copa": 658, "talhao": "T6" }, "geometry": { "type": "Point", "coordinates": [ -39.3102361, -13.336005 ] } },
{ "type": "Feature", "properties": { "id_copa": 682, "talhao": "T6" }, "geometry": { "type": "Point", "coordinates": [ -39.3109107, -13.3354862 ] } },
{ "type": "Feature", "properties": { "id_copa": 683, "talhao": "T6" }, "geometry": { "type": "Point", "coordinates": [ -39.310495, -13.3349796 ] } },
{ "type": "Feature", "properties": { "id_copa": 686, "talhao": "T6" }, "geometry": { "type": "Point", "coordinates": [ -39.3104169, -13.335224 ] } },
{ "type": "Feature", "properties": { "id_copa": 699, "talhao": "T6" }, "geometry": { "type": "Point", "coordinates": [ -39.3110566, -13.3356335 ] } },
{ "type": "Feature", "properties": { "id_copa": 719, "talhao": "T6" }, "geometry": { "type": "Point", "coordinates": [ -39.3104673, -13.3352782 ] } },
{ "type": "Feature", "properties": { "id_copa": 725, "talhao": "T6" }, "geometry": { "type": "Point", "coordinates": [ -39.3100881, -13.3352797 ] } },
{ "type": "Feature", "properties": { "id_copa": 731, "talhao": "T6" }, "geometry": { "type": "Point", "coordinates": [ -39.3101715, -13.3360207 ] } },
{ "type": "Feature", "properties": { "id_copa": 745, "talhao": "T6" }, "geometry": { "type": "Point", "coordinates": [ -39.3110052, -13.3353963 ] } },
{ "type": "Feature", "properties": { "id_copa": 753, "talhao": "T6" }, "geometry": { "type": "Point", "coordinates": [ -39.3104353, -13.3350994 ] } },
{ "type": "Feature", "properties": { "id_copa": 763, "talhao": "T6" }, "geometry": { "type": "Point", "coordinates": [ -39.3100473, -13.3357983 ] } },
{ "type": "Feature", "properties": { "id_copa": 776, "talhao": "T6" }, "geometry": { "type": "Point", "coordinates": [ -39.3097901, -13.3355813 ] } },
{ "type": "Feature", "properties": { "id_copa": 795, "talhao": "T6" }, "geometry": { "type": "Point", "coordinates": [ -39.3101895, -13.3356243 ] } },
{ "type": "Feature", "properties": { "id_copa": 799, "talhao": "T6" }, "geometry": { "type": "Point", "coordinates": [ -39.3109241, -13.3351487 ] } },
{ "type": "Feature", "properties": { "id_copa": 800, "talhao": "T6" }, "geometry": { "type": "Point", "coordinates": [ -39.3101866, -13.3357651 ] } },
{ "type": "Feature", "properties": { "id_copa": 811, "talhao": "T6" }, "geometry": { "type": "Point", "coordinates": [ -39.3099503, -13.335497 ] } },
{ "type": "Feature", "properties": { "id_copa": 847, "talhao": "T6" }, "geometry": { "type": "Point", "coordinates": [ -39.310603, -13.335024 ] } },
{ "type": "Feature", "properties": { "id_copa": 849, "talhao": "T6" }, "geometry": { "type": "Point", "coordinates": [ -39.311076, -13.3355587 ] } },
{ "type": "Feature", "properties": { "id_copa": 855, "talhao": "T6" }, "geometry": { "type": "Point", "coordinates": [ -39.3112724, -13.3356805 ] } },
{ "type": "Feature", "properties": { "id_copa": 857, "talhao": "T6" }, "geometry": { "type": "Point", "coordinates": [ -39.3098483, -13.3355245 ] } },
{ "type": "Feature", "properties": { "id_copa": 874, "talhao": "T6" }, "geometry": { "type": "Point", "coordinates": [ -39.3107203, -13.335612 ] } },
{ "type": "Feature", "properties": { "id_copa": 878, "talhao": "T6" }, "geometry": { "type": "Point", "coordinates": [ -39.3107806, -13.3360175 ] } },
{ "type": "Feature", "properties": { "id_copa": 888, "talhao": "T6" }, "geometry": { "type": "Point", "coordinates": [ -39.3108091, -13.3350474 ] } },
{ "type": "Feature", "properties": { "id_copa": 891, "talhao": "T6" }, "geometry": { "type": "Point", "coordinates": [ -39.3105988, -13.3354433 ] } },
{ "type": "Feature", "properties": { "id_copa": 919, "talhao": "T6" }, "geometry": { "type": "Point", "coordinates": [ -39.3110085, -13.3355774 ] } },
{ "type": "Feature", "properties": { "id_copa": 933, "talhao": "T6" }, "geometry": { "type": "Point", "coordinates": [ -39.310345, -13.3355986 ] } },
{ "type": "Feature", "properties": { "id_copa": 935, "talhao": "T6" }, "geometry": { "type": "Point", "coordinates": [ -39.310732, -13.3352971 ] } },
{ "type": "Feature", "properties": { "id_copa": 936, "talhao": "T6" }, "geometry": { "type": "Point", "coordinates": [ -39.3102408, -13.3359229 ] } },
{ "type": "Feature", "properties": { "id_copa": 946, "talhao": "T6" }, "geometry": { "type": "Point", "coordinates": [ -39.3105322, -13.3351432 ] } },
{ "type": "Feature", "properties": { "id_copa": 951, "talhao": "T6" }, "geometry": { "type": "Point", "coordinates": [ -39.3107752, -13.3358547 ] } },
{ "type": "Feature", "properties": { "id_copa": 953, "talhao": "T6" }, "geometry": { "type": "Point", "coordinates": [ -39.3104377, -13.3358012 ] } },
{ "type": "Feature", "properties": { "id_copa": 962, "talhao": "T6" }, "geometry": { "type": "Point", "coordinates": [ -39.3097324, -13.335377 ] } },
{ "type": "Feature", "properties": { "id_copa": 964, "talhao": "T6" }, "geometry": { "type": "Point", "coordinates": [ -39.3102293, -13.3358414 ] } },
{ "type": "Feature", "properties": { "id_copa": 970, "talhao": "T6" }, "geometry": { "type": "Point", "coordinates": [ -39.3098176, -13.3353184 ] } },
{ "type": "Feature", "properties": { "id_copa": 980, "talhao": "T6" }, "geometry": { "type": "Point", "coordinates": [ -39.3104902, -13.3347318 ] } },
{ "type": "Feature", "properties": { "id_copa": 982, "talhao": "T6" }, "geometry": { "type": "Point", "coordinates": [ -39.3103619, -13.3357303 ] } },
{ "type": "Feature", "properties": { "id_copa": 987, "talhao": "T6" }, "geometry": { "type": "Point", "coordinates": [ -39.3109456, -13.3353334 ] } },
{ "type": "Feature", "properties": { "id_copa": 993, "talhao": "T6" }, "geometry": { "type": "Point", "coordinates": [ -39.3102947, -13.3352478 ] } },
{ "type": "Feature", "properties": { "id_copa": 1014, "talhao": "T6" }, "geometry": { "type": "Point", "coordinates": [ -39.3106722, -13.3354471 ] } },
{ "type": "Feature", "properties": { "id_copa": 1030, "talhao": "T6" }, "geometry": { "type": "Point", "coordinates": [ -39.3110719, -13.3353115 ] } },
{ "type": "Feature", "properties": { "id_copa": 1041, "talhao": "T6" }, "geometry": { "type": "Point", "coordinates": [ -39.3110973, -13.3353884 ] } },
{ "type": "Feature", "properties": { "id_copa": 1047, "talhao": "T6" }, "geometry": { "type": "Point", "coordinates": [ -39.3111711, -13.33586 ] } },
{ "type": "Feature", "properties": { "id_copa": 1049, "talhao": "T6" }, "geometry": { "type": "Point", "coordinates": [ -39.3109002, -13.3352631 ] } },
{ "type": "Feature", "properties": { "id_copa": 1059, "talhao": "T6" }, "geometry": { "type": "Point", "coordinates": [ -39.3110508, -13.3359881 ] } },
{ "type": "Feature", "properties": { "id_copa": 1065, "talhao": "T6" }, "geometry": { "type": "Point", "coordinates": [ -39.3110778, -13.3351803 ] } },
{ "type": "Feature", "properties": { "id_copa": 1066, "talhao": "T6" }, "geometry": { "type": "Point", "coordinates": [ -39.310001, -13.3351773 ] } },
{ "type": "Feature", "properties": { "id_copa": 1071, "talhao": "T6" }, "geometry": { "type": "Point", "coordinates": [ -39.310889, -13.335577 ] } },
{ "type": "Feature", "properties": { "id_copa": 1078, "talhao": "T6" }, "geometry": { "type": "Point", "coordinates": [ -39.3109477, -13.3351981 ] } },
{ "type": "Feature", "properties": { "id_copa": 1083, "talhao": "T6" }, "geometry": { "type": "Point", "coordinates": [ -39.3108858, -13.3356471 ] } },
{ "type": "Feature", "properties": { "id_copa": 1087, "talhao": "T6" }, "geometry": { "type": "Point", "coordinates": [ -39.3103114, -13.3358243 ] } },
{ "type": "Feature", "properties": { "id_copa": 1097, "talhao": "T6" }, "geometry": { "type": "Point", "coordinates": [ -39.3105644, -13.3351935 ] } },
{ "type": "Feature", "properties": { "id_copa": 1098, "talhao": "T6" }, "geometry": { "type": "Point", "coordinates": [ -39.310837, -13.3354983 ] } },
{ "type": "Feature", "properties": { "id_copa": 1142, "talhao": "T6" }, "geometry": { "type": "Point", "coordinates": [ -39.3101035, -13.3359507 ] } },
{ "type": "Feature", "properties": { "id_copa": 1150, "talhao": "T6" }, "geometry": { "type": "Point", "coordinates": [ -39.309981, -13.3358267 ] } },
{ "type": "Feature", "properties": { "id_copa": 1153, "talhao": "T6" }, "geometry": { "type": "Point", "coordinates": [ -39.3101067, -13.3354744 ] } },
{ "type": "Feature", "properties": { "id_copa": 1155, "talhao": "T6" }, "geometry": { "type": "Point", "coordinates": [ -39.3106105, -13.335098 ] } },
{ "type": "Feature", "properties": { "id_copa": 1165, "talhao": "T6" }, "geometry": { "type": "Point", "coordinates": [ -39.3106193, -13.3348401 ] } },
{ "type": "Feature", "properties": { "id_copa": 1215, "talhao": "T6" }, "geometry": { "type": "Point", "coordinates": [ -39.3106522, -13.3351997 ] } },
{ "type": "Feature", "properties": { "id_copa": 1228, "talhao": "T6" }, "geometry": { "type": "Point", "coordinates": [ -39.3099197, -13.3354439 ] } },
{ "type": "Feature", "properties": { "id_copa": 1231, "talhao": "T6" }, "geometry": { "type": "Point", "coordinates": [ -39.3101934, -13.3350197 ] } },
{ "type": "Feature", "properties": { "id_copa": 1233, "talhao": "T6" }, "geometry": { "type": "Point", "coordinates": [ -39.3107692, -13.3353528 ] } },
{ "type": "Feature", "properties": { "id_copa": 1243, "talhao": "T6" }, "geometry": { "type": "Point", "coordinates": [ -39.310724, -13.3350643 ] } },
{ "type": "Feature", "properties": { "id_copa": 1249, "talhao": "T6" }, "geometry": { "type": "Point", "coordinates": [ -39.3103011, -13.3351545 ] } },
{ "type": "Feature", "properties": { "id_copa": 1262, "talhao": "T6" }, "geometry": { "type": "Point", "coordinates": [ -39.3105446, -13.3347889 ] } },
{ "type": "Feature", "properties": { "id_copa": 1263, "talhao": "T6" }, "geometry": { "type": "Point", "coordinates": [ -39.310791, -13.3351775 ] } },
{ "type": "Feature", "properties": { "id_copa": 1279, "talhao": "T6" }, "geometry": { "type": "Point", "coordinates": [ -39.3104479, -13.3351605 ] } },
{ "type": "Feature", "properties": { "id_copa": 1304, "talhao": "T6" }, "geometry": { "type": "Point", "coordinates": [ -39.3109526, -13.3350916 ] } },
{ "type": "Feature", "properties": { "id_copa": 1321, "talhao": "T6" }, "geometry": { "type": "Point", "coordinates": [ -39.3105053, -13.3351011 ] } },
{ "type": "Feature", "properties": { "id_copa": 1327, "talhao": "T6" }, "geometry": { "type": "Point", "coordinates": [ -39.3102962, -13.3350188 ] } },
{ "type": "Feature", "properties": { "id_copa": 1338, "talhao": "T6" }, "geometry": { "type": "Point", "coordinates": [ -39.31101, -13.3353185 ] } },
{ "type": "Feature", "properties": { "id_copa": 1345, "talhao": "T6" }, "geometry": { "type": "Point", "coordinates": [ -39.3097362, -13.3354636 ] } },
{ "type": "Feature", "properties": { "id_copa": 1353, "talhao": "T6" }, "geometry": { "type": "Point", "coordinates": [ -39.3104658, -13.3346562 ] } },
{ "type": "Feature", "properties": { "id_copa": 1378, "talhao": "T6" }, "geometry": { "type": "Point", "coordinates": [ -39.3106637, -13.335373 ] } },
{ "type": "Feature", "properties": { "id_copa": 1385, "talhao": "T6" }, "geometry": { "type": "Point", "coordinates": [ -39.3105034, -13.3357958 ] } },
{ "type": "Feature", "properties": { "id_copa": 1392, "talhao": "T6" }, "geometry": { "type": "Point", "coordinates": [ -39.3106055, -13.3352419 ] } },
{ "type": "Feature", "properties": { "id_copa": 1395, "talhao": "T6" }, "geometry": { "type": "Point", "coordinates": [ -39.3107911, -13.3352851 ] } },
{ "type": "Feature", "properties": { "id_copa": 1396, "talhao": "T6" }, "geometry": { "type": "Point", "coordinates": [ -39.3107462, -13.3351314 ] } },
{ "type": "Feature", "properties": { "id_copa": 1398, "talhao": "T6" }, "geometry": { "type": "Point", "coordinates": [ -39.3107974, -13.3355995 ] } },
{ "type": "Feature", "properties": { "id_copa": 1406, "talhao": "T6" }, "geometry": { "type": "Point", "coordinates": [ -39.3106342, -13.3356337 ] } },
{ "type": "Feature", "properties": { "id_copa": 1409, "talhao": "T6" }, "geometry": { "type": "Point", "coordinates": [ -39.3106676, -13.3357586 ] } },
{ "type": "Feature", "properties": { "id_copa": 1428, "talhao": "T6" }, "geometry": { "type": "Point", "coordinates": [ -39.3108107, -13.3356726 ] } },
{ "type": "Feature", "properties": { "id_copa": 1433, "talhao": "T6" }, "geometry": { "type": "Point", "coordinates": [ -39.3098769, -13.3358253 ] } },
{ "type": "Feature", "properties": { "id_copa": 1472, "talhao": "T6" }, "geometry": { "type": "Point", "coordinates": [ -39.3101214, -13.3350212 ] } },
{ "type": "Feature", "properties": { "id_copa": 1476, "talhao": "T6" }, "geometry": { "type": "Point", "coordinates": [ -39.3107556, -13.335431 ] } },
{ "type": "Feature", "properties": { "id_copa": 1486, "talhao": "T6" }, "geometry": { "type": "Point", "coordinates": [ -39.3104782, -13.3348535 ] } },
{ "type": "Feature", "properties": { "id_copa": 1487, "talhao": "T6" }, "geometry": { "type": "Point", "coordinates": [ -39.3106981, -13.3360158 ] } },
{ "type": "Feature", "properties": { "id_copa": 1492, "talhao": "T6" }, "geometry": { "type": "Point", "coordinates": [ -39.3109671, -13.3356417 ] } },
{ "type": "Feature", "properties": { "id_copa": 1501, "talhao": "T6" }, "geometry": { "type": "Point", "coordinates": [ -39.3096232, -13.3356086 ] } },
{ "type": "Feature", "properties": { "id_copa": 1535, "talhao": "T6" }, "geometry": { "type": "Point", "coordinates": [ -39.3111783, -13.3357776 ] } },
{ "type": "Feature", "properties": { "id_copa": 1536, "talhao": "T6" }, "geometry": { "type": "Point", "coordinates": [ -39.3100295, -13.3356124 ] } },
{ "type": "Feature", "properties": { "id_copa": 1546, "talhao": "T6" }, "geometry": { "type": "Point", "coordinates": [ -39.3099091, -13.3353142 ] } },
{ "type": "Feature", "properties": { "id_copa": 1553, "talhao": "T6" }, "geometry": { "type": "Point", "coordinates": [ -39.3101715, -13.3352511 ] } },
{ "type": "Feature", "properties": { "id_copa": 1556, "talhao": "T6" }, "geometry": { "type": "Point", "coordinates": [ -39.310078, -13.3355502 ] } },
{ "type": "Feature", "properties": { "id_copa": 1557, "talhao": "T6" }, "geometry": { "type": "Point", "coordinates": [ -39.3105427, -13.33526 ] } },
{ "type": "Feature", "properties": { "id_copa": 1577, "talhao": "T6" }, "geometry": { "type": "Point", "coordinates": [ -39.3100153, -13.3353573 ] } },
{ "type": "Feature", "properties": { "id_copa": 1579, "talhao": "T6" }, "geometry": { "type": "Point", "coordinates": [ -39.3102429, -13.3353214 ] } },
{ "type": "Feature", "properties": { "id_copa": 1597, "talhao": "T6" }, "geometry": { "type": "Point", "coordinates": [ -39.3106053, -13.3347423 ] } },
{ "type": "Feature", "properties": { "id_copa": 1603, "talhao": "T6" }, "geometry": { "type": "Point", "coordinates": [ -39.3106816, -13.3360998 ] } },
{ "type": "Feature", "properties": { "id_copa": 1605, "talhao": "T6" }, "geometry": { "type": "Point", "coordinates": [ -39.310119, -13.3356548 ] } },
{ "type": "Feature", "properties": { "id_copa": 1622, "talhao": "T6" }, "geometry": { "type": "Point", "coordinates": [ -39.3099637, -13.3357572 ] } },
{ "type": "Feature", "properties": { "id_copa": 1647, "talhao": "T6" }, "geometry": { "type": "Point", "coordinates": [ -39.3105981, -13.3359584 ] } },
{ "type": "Feature", "properties": { "id_copa": 1657, "talhao": "T6" }, "geometry": { "type": "Point", "coordinates": [ -39.3105336, -13.3354495 ] } },
{ "type": "Feature", "properties": { "id_copa": 1666, "talhao": "T6" }, "geometry": { "type": "Point", "coordinates": [ -39.3098601, -13.3357191 ] } },
{ "type": "Feature", "properties": { "id_copa": 1673, "talhao": "T6" }, "geometry": { "type": "Point", "coordinates": [ -39.3107446, -13.335747 ] } },
{ "type": "Feature", "properties": { "id_copa": 1675, "talhao": "T6" }, "geometry": { "type": "Point", "coordinates": [ -39.3105363, -13.3353125 ] } },
{ "type": "Feature", "properties": { "id_copa": 1682, "talhao": "T6" }, "geometry": { "type": "Point", "coordinates": [ -39.3110517, -13.3357979 ] } },
{ "type": "Feature", "properties": { "id_copa": 1690, "talhao": "T6" }, "geometry": { "type": "Point", "coordinates": [ -39.3096459, -13.3355592 ] } },
{ "type": "Feature", "properties": { "id_copa": 1696, "talhao": "T6" }, "geometry": { "type": "Point", "coordinates": [ -39.3103423, -13.3352043 ] } },
{ "type": "Feature", "properties": { "id_copa": 1706, "talhao": "T6" }, "geometry": { "type": "Point", "coordinates": [ -39.3101371, -13.3353407 ] } },
{ "type": "Feature", "properties": { "id_copa": 1708, "talhao": "T6" }, "geometry": { "type": "Point", "coordinates": [ -39.3105209, -13.3355986 ] } },
{ "type": "Feature", "properties": { "id_copa": 1720, "talhao": "T6" }, "geometry": { "type": "Point", "coordinates": [ -39.3104942, -13.3352104 ] } },
{ "type": "Feature", "properties": { "id_copa": 1721, "talhao": "T6" }, "geometry": { "type": "Point", "coordinates": [ -39.3104228, -13.3348795 ] } },
{ "type": "Feature", "properties": { "id_copa": 1736, "talhao": "T6" }, "geometry": { "type": "Point", "coordinates": [ -39.3099314, -13.3358885 ] } },
{ "type": "Feature", "properties": { "id_copa": 1738, "talhao": "T6" }, "geometry": { "type": "Point", "coordinates": [ -39.3111494, -13.3356851 ] } },
{ "type": "Feature", "properties": { "id_copa": 1745, "talhao": "T6" }, "geometry": { "type": "Point", "coordinates": [ -39.3097471, -13.3356719 ] } },
{ "type": "Feature", "properties": { "id_copa": 1763, "talhao": "T6" }, "geometry": { "type": "Point", "coordinates": [ -39.3110807, -13.3352468 ] } },
{ "type": "Feature", "properties": { "id_copa": 1783, "talhao": "T6" }, "geometry": { "type": "Point", "coordinates": [ -39.3105353, -13.335385 ] } },
{ "type": "Feature", "properties": { "id_copa": 1794, "talhao": "T6" }, "geometry": { "type": "Point", "coordinates": [ -39.3102398, -13.3356848 ] } },
{ "type": "Feature", "properties": { "id_copa": 1795, "talhao": "T6" }, "geometry": { "type": "Point", "coordinates": [ -39.3113493, -13.3356965 ] } },
{ "type": "Feature", "properties": { "id_copa": 1803, "talhao": "T6" }, "geometry": { "type": "Point", "coordinates": [ -39.3100687, -13.3351019 ] } },
{ "type": "Feature", "properties": { "id_copa": 1832, "talhao": "T6" }, "geometry": { "type": "Point", "coordinates": [ -39.3104425, -13.3357223 ] } },
{ "type": "Feature", "properties": { "id_copa": 1855, "talhao": "T6" }, "geometry": { "type": "Point", "coordinates": [ -39.3103582, -13.3347968 ] } },
{ "type": "Feature", "properties": { "id_copa": 1857, "talhao": "T6" }, "geometry": { "type": "Point", "coordinates": [ -39.3104151, -13.3356573 ] } },
{ "type": "Feature", "properties": { "id_copa": 1866, "talhao": "T6" }, "geometry": { "type": "Point", "coordinates": [ -39.309632, -13.3355063 ] } },
{ "type": "Feature", "properties": { "id_copa": 66, "talhao": "T7A" }, "geometry": { "type": "Point", "coordinates": [ -39.3091378, -13.3354463 ] } },
{ "type": "Feature", "properties": { "id_copa": 89, "talhao": "T7A" }, "geometry": { "type": "Point", "coordinates": [ -39.3084709, -13.3350223 ] } },
{ "type": "Feature", "properties": { "id_copa": 114, "talhao": "T7A" }, "geometry": { "type": "Point", "coordinates": [ -39.3102946, -13.3345625 ] } },
{ "type": "Feature", "properties": { "id_copa": 117, "talhao": "T7A" }, "geometry": { "type": "Point", "coordinates": [ -39.3097533, -13.33505 ] } },
{ "type": "Feature", "properties": { "id_copa": 172, "talhao": "T7A" }, "geometry": { "type": "Point", "coordinates": [ -39.3086094, -13.3350077 ] } },
{ "type": "Feature", "properties": { "id_copa": 202, "talhao": "T7A" }, "geometry": { "type": "Point", "coordinates": [ -39.3082072, -13.3348821 ] } },
{ "type": "Feature", "properties": { "id_copa": 205, "talhao": "T7A" }, "geometry": { "type": "Point", "coordinates": [ -39.3094303, -13.3352734 ] } },
{ "type": "Feature", "properties": { "id_copa": 221, "talhao": "T7A" }, "geometry": { "type": "Point", "coordinates": [ -39.3083307, -13.3349431 ] } },
{ "type": "Feature", "properties": { "id_copa": 253, "talhao": "T7A" }, "geometry": { "type": "Point", "coordinates": [ -39.3092199, -13.3354441 ] } },
{ "type": "Feature", "properties": { "id_copa": 278, "talhao": "T7A" }, "geometry": { "type": "Point", "coordinates": [ -39.3094431, -13.3349201 ] } },
{ "type": "Feature", "properties": { "id_copa": 296, "talhao": "T7A" }, "geometry": { "type": "Point", "coordinates": [ -39.3090919, -13.3350489 ] } },
{ "type": "Feature", "properties": { "id_copa": 305, "talhao": "T7A" }, "geometry": { "type": "Point", "coordinates": [ -39.3087922, -13.334985 ] } },
{ "type": "Feature", "properties": { "id_copa": 306, "talhao": "T7A" }, "geometry": { "type": "Point", "coordinates": [ -39.3081103, -13.3348331 ] } },
{ "type": "Feature", "properties": { "id_copa": 318, "talhao": "T7A" }, "geometry": { "type": "Point", "coordinates": [ -39.309766, -13.3349587 ] } },
{ "type": "Feature", "properties": { "id_copa": 332, "talhao": "T7A" }, "geometry": { "type": "Point", "coordinates": [ -39.3094007, -13.3345987 ] } },
{ "type": "Feature", "properties": { "id_copa": 343, "talhao": "T7A" }, "geometry": { "type": "Point", "coordinates": [ -39.3091095, -13.335141 ] } },
{ "type": "Feature", "properties": { "id_copa": 347, "talhao": "T7A" }, "geometry": { "type": "Point", "coordinates": [ -39.3084289, -13.334944 ] } },
{ "type": "Feature", "properties": { "id_copa": 352, "talhao": "T7A" }, "geometry": { "type": "Point", "coordinates": [ -39.3100345, -13.3346295 ] } },
{ "type": "Feature", "properties": { "id_copa": 389, "talhao": "T7A" }, "geometry": { "type": "Point", "coordinates": [ -39.3095603, -13.335212 ] } },
{ "type": "Feature", "properties": { "id_copa": 403, "talhao": "T7A" }, "geometry": { "type": "Point", "coordinates": [ -39.3094659, -13.3350379 ] } },
{ "type": "Feature", "properties": { "id_copa": 419, "talhao": "T7A" }, "geometry": { "type": "Point", "coordinates": [ -39.3081978, -13.3347823 ] } },
{ "type": "Feature", "properties": { "id_copa": 422, "talhao": "T7A" }, "geometry": { "type": "Point", "coordinates": [ -39.3083788, -13.3348524 ] } },
{ "type": "Feature", "properties": { "id_copa": 434, "talhao": "T7A" }, "geometry": { "type": "Point", "coordinates": [ -39.3103181, -13.3346233 ] } },
{ "type": "Feature", "properties": { "id_copa": 451, "talhao": "T7A" }, "geometry": { "type": "Point", "coordinates": [ -39.3092635, -13.3350931 ] } },
{ "type": "Feature", "properties": { "id_copa": 466, "talhao": "T7A" }, "geometry": { "type": "Point", "coordinates": [ -39.3083623, -13.3350128 ] } },
{ "type": "Feature", "properties": { "id_copa": 491, "talhao": "T7A" }, "geometry": { "type": "Point", "coordinates": [ -39.3100164, -13.334519 ] } },
{ "type": "Feature", "properties": { "id_copa": 495, "talhao": "T7A" }, "geometry": { "type": "Point", "coordinates": [ -39.3094896, -13.3351676 ] } },
{ "type": "Feature", "properties": { "id_copa": 510, "talhao": "T7A" }, "geometry": { "type": "Point", "coordinates": [ -39.3099088, -13.3350595 ] } },
{ "type": "Feature", "properties": { "id_copa": 525, "talhao": "T7A" }, "geometry": { "type": "Point", "coordinates": [ -39.3095753, -13.3352793 ] } },
{ "type": "Feature", "properties": { "id_copa": 526, "talhao": "T7A" }, "geometry": { "type": "Point", "coordinates": [ -39.3097853, -13.3351938 ] } },
{ "type": "Feature", "properties": { "id_copa": 543, "talhao": "T7A" }, "geometry": { "type": "Point", "coordinates": [ -39.3093879, -13.3353978 ] } },
{ "type": "Feature", "properties": { "id_copa": 550, "talhao": "T7A" }, "geometry": { "type": "Point", "coordinates": [ -39.3084789, -13.33485 ] } },
{ "type": "Feature", "properties": { "id_copa": 558, "talhao": "T7A" }, "geometry": { "type": "Point", "coordinates": [ -39.3102063, -13.3346758 ] } },
{ "type": "Feature", "properties": { "id_copa": 567, "talhao": "T7A" }, "geometry": { "type": "Point", "coordinates": [ -39.3090237, -13.3350536 ] } },
{ "type": "Feature", "properties": { "id_copa": 595, "talhao": "T7A" }, "geometry": { "type": "Point", "coordinates": [ -39.309529, -13.335079 ] } },
{ "type": "Feature", "properties": { "id_copa": 601, "talhao": "T7A" }, "geometry": { "type": "Point", "coordinates": [ -39.3099148, -13.3343944 ] } },
{ "type": "Feature", "properties": { "id_copa": 721, "talhao": "T7A" }, "geometry": { "type": "Point", "coordinates": [ -39.3080219, -13.3347202 ] } },
{ "type": "Feature", "properties": { "id_copa": 756, "talhao": "T7A" }, "geometry": { "type": "Point", "coordinates": [ -39.3093113, -13.3352922 ] } },
{ "type": "Feature", "properties": { "id_copa": 793, "talhao": "T7A" }, "geometry": { "type": "Point", "coordinates": [ -39.3082765, -13.3347786 ] } },
{ "type": "Feature", "properties": { "id_copa": 814, "talhao": "T7A" }, "geometry": { "type": "Point", "coordinates": [ -39.3085513, -13.3350651 ] } },
{ "type": "Feature", "properties": { "id_copa": 831, "talhao": "T7A" }, "geometry": { "type": "Point", "coordinates": [ -39.3092786, -13.3352229 ] } },
{ "type": "Feature", "properties": { "id_copa": 889, "talhao": "T7A" }, "geometry": { "type": "Point", "coordinates": [ -39.3098361, -13.3351135 ] } },
{ "type": "Feature", "properties": { "id_copa": 890, "talhao": "T7A" }, "geometry": { "type": "Point", "coordinates": [ -39.3090228, -13.3349067 ] } },
{ "type": "Feature", "properties": { "id_copa": 995, "talhao": "T7A" }, "geometry": { "type": "Point", "coordinates": [ -39.3091786, -13.3353738 ] } },
{ "type": "Feature", "properties": { "id_copa": 1002, "talhao": "T7A" }, "geometry": { "type": "Point", "coordinates": [ -39.3095009, -13.3353592 ] } },
{ "type": "Feature", "properties": { "id_copa": 1013, "talhao": "T7A" }, "geometry": { "type": "Point", "coordinates": [ -39.3088754, -13.3352903 ] } },
{ "type": "Feature", "properties": { "id_copa": 1029, "talhao": "T7A" }, "geometry": { "type": "Point", "coordinates": [ -39.3096758, -13.3352368 ] } },
{ "type": "Feature", "properties": { "id_copa": 1053, "talhao": "T7A" }, "geometry": { "type": "Point", "coordinates": [ -39.308009, -13.3348146 ] } },
{ "type": "Feature", "properties": { "id_copa": 1063, "talhao": "T7A" }, "geometry": { "type": "Point", "coordinates": [ -39.3099026, -13.3345333 ] } },
{ "type": "Feature", "properties": { "id_copa": 1064, "talhao": "T7A" }, "geometry": { "type": "Point", "coordinates": [ -39.3093972, -13.3350797 ] } },
{ "type": "Feature", "properties": { "id_copa": 1070, "talhao": "T7A" }, "geometry": { "type": "Point", "coordinates": [ -39.3097836, -13.3351181 ] } },
{ "type": "Feature", "properties": { "id_copa": 1072, "talhao": "T7A" }, "geometry": { "type": "Point", "coordinates": [ -39.3094454, -13.3346584 ] } },
{ "type": "Feature", "properties": { "id_copa": 1080, "talhao": "T7A" }, "geometry": { "type": "Point", "coordinates": [ -39.3093713, -13.3346706 ] } },
{ "type": "Feature", "properties": { "id_copa": 1110, "talhao": "T7A" }, "geometry": { "type": "Point", "coordinates": [ -39.3097615, -13.3343197 ] } },
{ "type": "Feature", "properties": { "id_copa": 1124, "talhao": "T7A" }, "geometry": { "type": "Point", "coordinates": [ -39.3090095, -13.3351147 ] } },
{ "type": "Feature", "properties": { "id_copa": 1133, "talhao": "T7A" }, "geometry": { "type": "Point", "coordinates": [ -39.3097156, -13.3347465 ] } },
{ "type": "Feature", "properties": { "id_copa": 1146, "talhao": "T7A" }, "geometry": { "type": "Point", "coordinates": [ -39.3085813, -13.3347086 ] } },
{ "type": "Feature", "properties": { "id_copa": 1177, "talhao": "T7A" }, "geometry": { "type": "Point", "coordinates": [ -39.3085223, -13.3349791 ] } },
{ "type": "Feature", "properties": { "id_copa": 1187, "talhao": "T7A" }, "geometry": { "type": "Point", "coordinates": [ -39.3092221, -13.3351726 ] } },
{ "type": "Feature", "properties": { "id_copa": 1189, "talhao": "T7A" }, "geometry": { "type": "Point", "coordinates": [ -39.3094999, -13.334729 ] } },
{ "type": "Feature", "properties": { "id_copa": 1210, "talhao": "T7A" }, "geometry": { "type": "Point", "coordinates": [ -39.3092416, -13.3346324 ] } },
{ "type": "Feature", "properties": { "id_copa": 1252, "talhao": "T7A" }, "geometry": { "type": "Point", "coordinates": [ -39.3098894, -13.3351091 ] } },
{ "type": "Feature", "properties": { "id_copa": 1254, "talhao": "T7A" }, "geometry": { "type": "Point", "coordinates": [ -39.3099475, -13.334717 ] } },
{ "type": "Feature", "properties": { "id_copa": 1333, "talhao": "T7A" }, "geometry": { "type": "Point", "coordinates": [ -39.3084237, -13.3347671 ] } },
{ "type": "Feature", "properties": { "id_copa": 1346, "talhao": "T7A" }, "geometry": { "type": "Point", "coordinates": [ -39.3098141, -13.3347132 ] } },
{ "type": "Feature", "properties": { "id_copa": 1356, "talhao": "T7A" }, "geometry": { "type": "Point", "coordinates": [ -39.3090427, -13.3353317 ] } },
{ "type": "Feature", "properties": { "id_copa": 1383, "talhao": "T7A" }, "geometry": { "type": "Point", "coordinates": [ -39.3091616, -13.3350891 ] } },
{ "type": "Feature", "properties": { "id_copa": 1415, "talhao": "T7A" }, "geometry": { "type": "Point", "coordinates": [ -39.3101395, -13.3345289 ] } },
{ "type": "Feature", "properties": { "id_copa": 1452, "talhao": "T7A" }, "geometry": { "type": "Point", "coordinates": [ -39.3097167, -13.3345472 ] } },
{ "type": "Feature", "properties": { "id_copa": 1465, "talhao": "T7A" }, "geometry": { "type": "Point", "coordinates": [ -39.309274, -13.3350258 ] } },
{ "type": "Feature", "properties": { "id_copa": 1500, "talhao": "T7A" }, "geometry": { "type": "Point", "coordinates": [ -39.3096578, -13.3349889 ] } },
{ "type": "Feature", "properties": { "id_copa": 1508, "talhao": "T7A" }, "geometry": { "type": "Point", "coordinates": [ -39.3094237, -13.3347319 ] } },
{ "type": "Feature", "properties": { "id_copa": 1511, "talhao": "T7A" }, "geometry": { "type": "Point", "coordinates": [ -39.3083074, -13.3346807 ] } },
{ "type": "Feature", "properties": { "id_copa": 1519, "talhao": "T7A" }, "geometry": { "type": "Point", "coordinates": [ -39.3097662, -13.3345112 ] } },
{ "type": "Feature", "properties": { "id_copa": 1530, "talhao": "T7A" }, "geometry": { "type": "Point", "coordinates": [ -39.3094607, -13.3348499 ] } },
{ "type": "Feature", "properties": { "id_copa": 1539, "talhao": "T7A" }, "geometry": { "type": "Point", "coordinates": [ -39.3094695, -13.3351117 ] } },
{ "type": "Feature", "properties": { "id_copa": 1549, "talhao": "T7A" }, "geometry": { "type": "Point", "coordinates": [ -39.3082662, -13.3348312 ] } },
{ "type": "Feature", "properties": { "id_copa": 1567, "talhao": "T7A" }, "geometry": { "type": "Point", "coordinates": [ -39.3085151, -13.3351141 ] } },
{ "type": "Feature", "properties": { "id_copa": 1592, "talhao": "T7A" }, "geometry": { "type": "Point", "coordinates": [ -39.3098913, -13.3346341 ] } },
{ "type": "Feature", "properties": { "id_copa": 1593, "talhao": "T7A" }, "geometry": { "type": "Point", "coordinates": [ -39.3095592, -13.3351439 ] } },
{ "type": "Feature", "properties": { "id_copa": 1630, "talhao": "T7A" }, "geometry": { "type": "Point", "coordinates": [ -39.3096734, -13.3348184 ] } },
{ "type": "Feature", "properties": { "id_copa": 1643, "talhao": "T7A" }, "geometry": { "type": "Point", "coordinates": [ -39.3096639, -13.3349175 ] } },
{ "type": "Feature", "properties": { "id_copa": 1644, "talhao": "T7A" }, "geometry": { "type": "Point", "coordinates": [ -39.3093221, -13.3353766 ] } },
{ "type": "Feature", "properties": { "id_copa": 1663, "talhao": "T7A" }, "geometry": { "type": "Point", "coordinates": [ -39.3095144, -13.3346302 ] } },
{ "type": "Feature", "properties": { "id_copa": 1670, "talhao": "T7A" }, "geometry": { "type": "Point", "coordinates": [ -39.3097884, -13.3348087 ] } },
{ "type": "Feature", "properties": { "id_copa": 1672, "talhao": "T7A" }, "geometry": { "type": "Point", "coordinates": [ -39.3081682, -13.3348274 ] } },
{ "type": "Feature", "properties": { "id_copa": 1677, "talhao": "T7A" }, "geometry": { "type": "Point", "coordinates": [ -39.3091653, -13.3352739 ] } },
{ "type": "Feature", "properties": { "id_copa": 1684, "talhao": "T7A" }, "geometry": { "type": "Point", "coordinates": [ -39.3096327, -13.3345488 ] } },
{ "type": "Feature", "properties": { "id_copa": 1691, "talhao": "T7A" }, "geometry": { "type": "Point", "coordinates": [ -39.3097543, -13.3346339 ] } },
{ "type": "Feature", "properties": { "id_copa": 1714, "talhao": "T7A" }, "geometry": { "type": "Point", "coordinates": [ -39.309515, -13.3349918 ] } },
{ "type": "Feature", "properties": { "id_copa": 1726, "talhao": "T7A" }, "geometry": { "type": "Point", "coordinates": [ -39.3084005, -13.3346954 ] } },
{ "type": "Feature", "properties": { "id_copa": 1748, "talhao": "T7A" }, "geometry": { "type": "Point", "coordinates": [ -39.3091528, -13.3351874 ] } },
{ "type": "Feature", "properties": { "id_copa": 1769, "talhao": "T7A" }, "geometry": { "type": "Point", "coordinates": [ -39.3080672, -13.3348823 ] } },
{ "type": "Feature", "properties": { "id_copa": 1785, "talhao": "T7A" }, "geometry": { "type": "Point", "coordinates": [ -39.3093349, -13.3345406 ] } },
{ "type": "Feature", "properties": { "id_copa": 1792, "talhao": "T7A" }, "geometry": { "type": "Point", "coordinates": [ -39.3084879, -13.334737 ] } },
{ "type": "Feature", "properties": { "id_copa": 1817, "talhao": "T7A" }, "geometry": { "type": "Point", "coordinates": [ -39.3094181, -13.3348642 ] } },
{ "type": "Feature", "properties": { "id_copa": 1842, "talhao": "T7A" }, "geometry": { "type": "Point", "coordinates": [ -39.3084828, -13.3346764 ] } },
{ "type": "Feature", "properties": { "id_copa": 1846, "talhao": "T7A" }, "geometry": { "type": "Point", "coordinates": [ -39.309214, -13.3345961 ] } },
{ "type": "Feature", "properties": { "id_copa": 1881, "talhao": "T7A" }, "geometry": { "type": "Point", "coordinates": [ -39.3082036, -13.3349533 ] } },
{ "type": "Feature", "properties": { "id_copa": 1882, "talhao": "T7A" }, "geometry": { "type": "Point", "coordinates": [ -39.309688, -13.3350744 ] } },
{ "type": "Feature", "properties": { "id_copa": 317, "talhao": "T7B" }, "geometry": { "type": "Point", "coordinates": [ -39.309124, -13.3343634 ] } },
{ "type": "Feature", "properties": { "id_copa": 713, "talhao": "T7B" }, "geometry": { "type": "Point", "coordinates": [ -39.3087025, -13.3340118 ] } },
{ "type": "Feature", "properties": { "id_copa": 839, "talhao": "T7B" }, "geometry": { "type": "Point", "coordinates": [ -39.3090322, -13.33439 ] } },
{ "type": "Feature", "properties": { "id_copa": 879, "talhao": "T7B" }, "geometry": { "type": "Point", "coordinates": [ -39.3088117, -13.3339893 ] } },
{ "type": "Feature", "properties": { "id_copa": 1213, "talhao": "T7B" }, "geometry": { "type": "Point", "coordinates": [ -39.3093978, -13.3344374 ] } },
{ "type": "Feature", "properties": { "id_copa": 1234, "talhao": "T7B" }, "geometry": { "type": "Point", "coordinates": [ -39.3089641, -13.3341063 ] } },
{ "type": "Feature", "properties": { "id_copa": 1328, "talhao": "T7B" }, "geometry": { "type": "Point", "coordinates": [ -39.308841, -13.3342394 ] } },
{ "type": "Feature", "properties": { "id_copa": 1532, "talhao": "T7B" }, "geometry": { "type": "Point", "coordinates": [ -39.3082394, -13.3344956 ] } },
{ "type": "Feature", "properties": { "id_copa": 1656, "talhao": "T7B" }, "geometry": { "type": "Point", "coordinates": [ -39.3092683, -13.3343866 ] } },
{ "type": "Feature", "properties": { "id_copa": 1730, "talhao": "T7B" }, "geometry": { "type": "Point", "coordinates": [ -39.3089849, -13.3340112 ] } },
{ "type": "Feature", "properties": { "id_copa": 1824, "talhao": "T7B" }, "geometry": { "type": "Point", "coordinates": [ -39.3087924, -13.3341146 ] } },
{ "type": "Feature", "properties": { "id_copa": 1833, "talhao": "T7B" }, "geometry": { "type": "Point", "coordinates": [ -39.3088389, -13.3341086 ] } },
{ "type": "Feature", "properties": { "id_copa": 1840, "talhao": "T7B" }, "geometry": { "type": "Point", "coordinates": [ -39.30826, -13.3345368 ] } },
{ "type": "Feature", "properties": { "id_copa": 268, "talhao": "T8" }, "geometry": { "type": "Point", "coordinates": [ -39.3105489, -13.332406 ] } },
{ "type": "Feature", "properties": { "id_copa": 773, "talhao": "T8" }, "geometry": { "type": "Point", "coordinates": [ -39.3104745, -13.3322382 ] } },
{ "type": "Feature", "properties": { "id_copa": 817, "talhao": "T8" }, "geometry": { "type": "Point", "coordinates": [ -39.3105283, -13.3323255 ] } },
{ "type": "Feature", "properties": { "id_copa": 819, "talhao": "T8" }, "geometry": { "type": "Point", "coordinates": [ -39.3105894, -13.3325179 ] } },
{ "type": "Feature", "properties": { "id_copa": 873, "talhao": "T8" }, "geometry": { "type": "Point", "coordinates": [ -39.3105632, -13.3326413 ] } },
{ "type": "Feature", "properties": { "id_copa": 1343, "talhao": "T8" }, "geometry": { "type": "Point", "coordinates": [ -39.3104746, -13.3321468 ] } },
{ "type": "Feature", "properties": { "id_copa": 1564, "talhao": "T8" }, "geometry": { "type": "Point", "coordinates": [ -39.3105173, -13.3325323 ] } },
{ "type": "Feature", "properties": { "id_copa": 1652, "talhao": "T8" }, "geometry": { "type": "Point", "coordinates": [ -39.310699, -13.3320084 ] } },
{ "type": "Feature", "properties": { "id_copa": 1815, "talhao": "T8" }, "geometry": { "type": "Point", "coordinates": [ -39.3105243, -13.332121 ] } },
{ "type": "Feature", "properties": { "id_copa": 4, "talhao": "T9" }, "geometry": { "type": "Point", "coordinates": [ -39.3079212, -13.3301305 ] } },
{ "type": "Feature", "properties": { "id_copa": 11, "talhao": "T9" }, "geometry": { "type": "Point", "coordinates": [ -39.3076758, -13.3307681 ] } },
{ "type": "Feature", "properties": { "id_copa": 25, "talhao": "T9" }, "geometry": { "type": "Point", "coordinates": [ -39.3079587, -13.3290002 ] } },
{ "type": "Feature", "properties": { "id_copa": 40, "talhao": "T9" }, "geometry": { "type": "Point", "coordinates": [ -39.3076825, -13.33028 ] } },
{ "type": "Feature", "properties": { "id_copa": 50, "talhao": "T9" }, "geometry": { "type": "Point", "coordinates": [ -39.3077838, -13.3302316 ] } },
{ "type": "Feature", "properties": { "id_copa": 54, "talhao": "T9" }, "geometry": { "type": "Point", "coordinates": [ -39.3081309, -13.3298572 ] } },
{ "type": "Feature", "properties": { "id_copa": 55, "talhao": "T9" }, "geometry": { "type": "Point", "coordinates": [ -39.3067714, -13.3297661 ] } },
{ "type": "Feature", "properties": { "id_copa": 62, "talhao": "T9" }, "geometry": { "type": "Point", "coordinates": [ -39.3076617, -13.3284798 ] } },
{ "type": "Feature", "properties": { "id_copa": 69, "talhao": "T9" }, "geometry": { "type": "Point", "coordinates": [ -39.3073536, -13.329157 ] } },
{ "type": "Feature", "properties": { "id_copa": 75, "talhao": "T9" }, "geometry": { "type": "Point", "coordinates": [ -39.3077824, -13.3304499 ] } },
{ "type": "Feature", "properties": { "id_copa": 78, "talhao": "T9" }, "geometry": { "type": "Point", "coordinates": [ -39.3075041, -13.33017 ] } },
{ "type": "Feature", "properties": { "id_copa": 125, "talhao": "T9" }, "geometry": { "type": "Point", "coordinates": [ -39.3073101, -13.3297713 ] } },
{ "type": "Feature", "properties": { "id_copa": 126, "talhao": "T9" }, "geometry": { "type": "Point", "coordinates": [ -39.307838, -13.3300086 ] } },
{ "type": "Feature", "properties": { "id_copa": 136, "talhao": "T9" }, "geometry": { "type": "Point", "coordinates": [ -39.3075659, -13.3285333 ] } },
{ "type": "Feature", "properties": { "id_copa": 146, "talhao": "T9" }, "geometry": { "type": "Point", "coordinates": [ -39.3070376, -13.3301318 ] } },
{ "type": "Feature", "properties": { "id_copa": 152, "talhao": "T9" }, "geometry": { "type": "Point", "coordinates": [ -39.30767, -13.330701 ] } },
{ "type": "Feature", "properties": { "id_copa": 154, "talhao": "T9" }, "geometry": { "type": "Point", "coordinates": [ -39.3075985, -13.3305095 ] } },
{ "type": "Feature", "properties": { "id_copa": 155, "talhao": "T9" }, "geometry": { "type": "Point", "coordinates": [ -39.3073386, -13.3292399 ] } },
{ "type": "Feature", "properties": { "id_copa": 159, "talhao": "T9" }, "geometry": { "type": "Point", "coordinates": [ -39.3071601, -13.3296258 ] } },
{ "type": "Feature", "properties": { "id_copa": 171, "talhao": "T9" }, "geometry": { "type": "Point", "coordinates": [ -39.307407, -13.3293503 ] } },
{ "type": "Feature", "properties": { "id_copa": 176, "talhao": "T9" }, "geometry": { "type": "Point", "coordinates": [ -39.3071028, -13.3298219 ] } },
{ "type": "Feature", "properties": { "id_copa": 177, "talhao": "T9" }, "geometry": { "type": "Point", "coordinates": [ -39.3073763, -13.3302815 ] } },
{ "type": "Feature", "properties": { "id_copa": 178, "talhao": "T9" }, "geometry": { "type": "Point", "coordinates": [ -39.3082173, -13.3296973 ] } },
{ "type": "Feature", "properties": { "id_copa": 193, "talhao": "T9" }, "geometry": { "type": "Point", "coordinates": [ -39.3080602, -13.3297062 ] } },
{ "type": "Feature", "properties": { "id_copa": 201, "talhao": "T9" }, "geometry": { "type": "Point", "coordinates": [ -39.3069137, -13.3309563 ] } },
{ "type": "Feature", "properties": { "id_copa": 203, "talhao": "T9" }, "geometry": { "type": "Point", "coordinates": [ -39.3083615, -13.3298618 ] } },
{ "type": "Feature", "properties": { "id_copa": 215, "talhao": "T9" }, "geometry": { "type": "Point", "coordinates": [ -39.307932, -13.3293798 ] } },
{ "type": "Feature", "properties": { "id_copa": 224, "talhao": "T9" }, "geometry": { "type": "Point", "coordinates": [ -39.3076707, -13.3300734 ] } },
{ "type": "Feature", "properties": { "id_copa": 236, "talhao": "T9" }, "geometry": { "type": "Point", "coordinates": [ -39.3069297, -13.3291439 ] } },
{ "type": "Feature", "properties": { "id_copa": 242, "talhao": "T9" }, "geometry": { "type": "Point", "coordinates": [ -39.3075514, -13.3297562 ] } },
{ "type": "Feature", "properties": { "id_copa": 246, "talhao": "T9" }, "geometry": { "type": "Point", "coordinates": [ -39.3079467, -13.3296964 ] } },
{ "type": "Feature", "properties": { "id_copa": 260, "talhao": "T9" }, "geometry": { "type": "Point", "coordinates": [ -39.306913, -13.3308969 ] } },
{ "type": "Feature", "properties": { "id_copa": 276, "talhao": "T9" }, "geometry": { "type": "Point", "coordinates": [ -39.3078423, -13.3290264 ] } },
{ "type": "Feature", "properties": { "id_copa": 289, "talhao": "T9" }, "geometry": { "type": "Point", "coordinates": [ -39.3081088, -13.3295712 ] } },
{ "type": "Feature", "properties": { "id_copa": 293, "talhao": "T9" }, "geometry": { "type": "Point", "coordinates": [ -39.3072272, -13.3302421 ] } },
{ "type": "Feature", "properties": { "id_copa": 303, "talhao": "T9" }, "geometry": { "type": "Point", "coordinates": [ -39.3072073, -13.3290665 ] } },
{ "type": "Feature", "properties": { "id_copa": 307, "talhao": "T9" }, "geometry": { "type": "Point", "coordinates": [ -39.3070344, -13.3310096 ] } },
{ "type": "Feature", "properties": { "id_copa": 328, "talhao": "T9" }, "geometry": { "type": "Point", "coordinates": [ -39.3076444, -13.3301241 ] } },
{ "type": "Feature", "properties": { "id_copa": 337, "talhao": "T9" }, "geometry": { "type": "Point", "coordinates": [ -39.3074501, -13.3307282 ] } },
{ "type": "Feature", "properties": { "id_copa": 341, "talhao": "T9" }, "geometry": { "type": "Point", "coordinates": [ -39.3079799, -13.3293162 ] } },
{ "type": "Feature", "properties": { "id_copa": 344, "talhao": "T9" }, "geometry": { "type": "Point", "coordinates": [ -39.3080872, -13.3291151 ] } },
{ "type": "Feature", "properties": { "id_copa": 346, "talhao": "T9" }, "geometry": { "type": "Point", "coordinates": [ -39.307554, -13.3302187 ] } },
{ "type": "Feature", "properties": { "id_copa": 357, "talhao": "T9" }, "geometry": { "type": "Point", "coordinates": [ -39.3072846, -13.3293316 ] } },
{ "type": "Feature", "properties": { "id_copa": 388, "talhao": "T9" }, "geometry": { "type": "Point", "coordinates": [ -39.3074133, -13.3296286 ] } },
{ "type": "Feature", "properties": { "id_copa": 408, "talhao": "T9" }, "geometry": { "type": "Point", "coordinates": [ -39.3076936, -13.3283014 ] } },
{ "type": "Feature", "properties": { "id_copa": 416, "talhao": "T9" }, "geometry": { "type": "Point", "coordinates": [ -39.3080627, -13.3292089 ] } },
{ "type": "Feature", "properties": { "id_copa": 421, "talhao": "T9" }, "geometry": { "type": "Point", "coordinates": [ -39.3071562, -13.329536 ] } },
{ "type": "Feature", "properties": { "id_copa": 433, "talhao": "T9" }, "geometry": { "type": "Point", "coordinates": [ -39.3076385, -13.3301888 ] } },
{ "type": "Feature", "properties": { "id_copa": 438, "talhao": "T9" }, "geometry": { "type": "Point", "coordinates": [ -39.3074962, -13.3305791 ] } },
{ "type": "Feature", "properties": { "id_copa": 440, "talhao": "T9" }, "geometry": { "type": "Point", "coordinates": [ -39.3077802, -13.3285048 ] } },
{ "type": "Feature", "properties": { "id_copa": 444, "talhao": "T9" }, "geometry": { "type": "Point", "coordinates": [ -39.3077428, -13.3299831 ] } },
{ "type": "Feature", "properties": { "id_copa": 471, "talhao": "T9" }, "geometry": { "type": "Point", "coordinates": [ -39.3082191, -13.329853 ] } },
{ "type": "Feature", "properties": { "id_copa": 481, "talhao": "T9" }, "geometry": { "type": "Point", "coordinates": [ -39.3073748, -13.330051 ] } },
{ "type": "Feature", "properties": { "id_copa": 541, "talhao": "T9" }, "geometry": { "type": "Point", "coordinates": [ -39.3073998, -13.3301186 ] } },
{ "type": "Feature", "properties": { "id_copa": 545, "talhao": "T9" }, "geometry": { "type": "Point", "coordinates": [ -39.3073239, -13.3298299 ] } },
{ "type": "Feature", "properties": { "id_copa": 560, "talhao": "T9" }, "geometry": { "type": "Point", "coordinates": [ -39.3078554, -13.3284937 ] } },
{ "type": "Feature", "properties": { "id_copa": 566, "talhao": "T9" }, "geometry": { "type": "Point", "coordinates": [ -39.3069724, -13.3309789 ] } },
{ "type": "Feature", "properties": { "id_copa": 606, "talhao": "T9" }, "geometry": { "type": "Point", "coordinates": [ -39.3075601, -13.3292084 ] } },
{ "type": "Feature", "properties": { "id_copa": 631, "talhao": "T9" }, "geometry": { "type": "Point", "coordinates": [ -39.3078021, -13.3285684 ] } },
{ "type": "Feature", "properties": { "id_copa": 642, "talhao": "T9" }, "geometry": { "type": "Point", "coordinates": [ -39.3073174, -13.3289842 ] } },
{ "type": "Feature", "properties": { "id_copa": 653, "talhao": "T9" }, "geometry": { "type": "Point", "coordinates": [ -39.3077594, -13.3284257 ] } },
{ "type": "Feature", "properties": { "id_copa": 661, "talhao": "T9" }, "geometry": { "type": "Point", "coordinates": [ -39.3072147, -13.3307396 ] } },
{ "type": "Feature", "properties": { "id_copa": 665, "talhao": "T9" }, "geometry": { "type": "Point", "coordinates": [ -39.3072642, -13.3300999 ] } },
{ "type": "Feature", "properties": { "id_copa": 666, "talhao": "T9" }, "geometry": { "type": "Point", "coordinates": [ -39.3073188, -13.330752 ] } },
{ "type": "Feature", "properties": { "id_copa": 669, "talhao": "T9" }, "geometry": { "type": "Point", "coordinates": [ -39.30753, -13.3298952 ] } },
{ "type": "Feature", "properties": { "id_copa": 694, "talhao": "T9" }, "geometry": { "type": "Point", "coordinates": [ -39.3075757, -13.3300636 ] } },
{ "type": "Feature", "properties": { "id_copa": 718, "talhao": "T9" }, "geometry": { "type": "Point", "coordinates": [ -39.3074915, -13.3292429 ] } },
{ "type": "Feature", "properties": { "id_copa": 729, "talhao": "T9" }, "geometry": { "type": "Point", "coordinates": [ -39.3077678, -13.3283206 ] } },
{ "type": "Feature", "properties": { "id_copa": 736, "talhao": "T9" }, "geometry": { "type": "Point", "coordinates": [ -39.3081689, -13.3292378 ] } },
{ "type": "Feature", "properties": { "id_copa": 741, "talhao": "T9" }, "geometry": { "type": "Point", "coordinates": [ -39.3071404, -13.3299975 ] } },
{ "type": "Feature", "properties": { "id_copa": 742, "talhao": "T9" }, "geometry": { "type": "Point", "coordinates": [ -39.307197, -13.330401 ] } },
{ "type": "Feature", "properties": { "id_copa": 769, "talhao": "T9" }, "geometry": { "type": "Point", "coordinates": [ -39.3075086, -13.3307855 ] } },
{ "type": "Feature", "properties": { "id_copa": 772, "talhao": "T9" }, "geometry": { "type": "Point", "coordinates": [ -39.3075226, -13.3305497 ] } },
{ "type": "Feature", "properties": { "id_copa": 780, "talhao": "T9" }, "geometry": { "type": "Point", "coordinates": [ -39.308398, -13.3297735 ] } },
{ "type": "Feature", "properties": { "id_copa": 787, "talhao": "T9" }, "geometry": { "type": "Point", "coordinates": [ -39.3075024, -13.3293886 ] } },
{ "type": "Feature", "properties": { "id_copa": 809, "talhao": "T9" }, "geometry": { "type": "Point", "coordinates": [ -39.3070965, -13.3310068 ] } },
{ "type": "Feature", "properties": { "id_copa": 826, "talhao": "T9" }, "geometry": { "type": "Point", "coordinates": [ -39.3073704, -13.3290189 ] } },
{ "type": "Feature", "properties": { "id_copa": 832, "talhao": "T9" }, "geometry": { "type": "Point", "coordinates": [ -39.3075561, -13.3286745 ] } },
{ "type": "Feature", "properties": { "id_copa": 841, "talhao": "T9" }, "geometry": { "type": "Point", "coordinates": [ -39.307403, -13.3298287 ] } },
{ "type": "Feature", "properties": { "id_copa": 844, "talhao": "T9" }, "geometry": { "type": "Point", "coordinates": [ -39.3072506, -13.3308187 ] } },
{ "type": "Feature", "properties": { "id_copa": 846, "talhao": "T9" }, "geometry": { "type": "Point", "coordinates": [ -39.3077451, -13.3303902 ] } },
{ "type": "Feature", "properties": { "id_copa": 850, "talhao": "T9" }, "geometry": { "type": "Point", "coordinates": [ -39.3075025, -13.3290973 ] } },
{ "type": "Feature", "properties": { "id_copa": 853, "talhao": "T9" }, "geometry": { "type": "Point", "coordinates": [ -39.3073736, -13.330174 ] } },
{ "type": "Feature", "properties": { "id_copa": 858, "talhao": "T9" }, "geometry": { "type": "Point", "coordinates": [ -39.3071311, -13.3306987 ] } },
{ "type": "Feature", "properties": { "id_copa": 861, "talhao": "T9" }, "geometry": { "type": "Point", "coordinates": [ -39.3075212, -13.330112 ] } },
{ "type": "Feature", "properties": { "id_copa": 866, "talhao": "T9" }, "geometry": { "type": "Point", "coordinates": [ -39.3076928, -13.3301339 ] } },
{ "type": "Feature", "properties": { "id_copa": 876, "talhao": "T9" }, "geometry": { "type": "Point", "coordinates": [ -39.3072934, -13.3301621 ] } },
{ "type": "Feature", "properties": { "id_copa": 883, "talhao": "T9" }, "geometry": { "type": "Point", "coordinates": [ -39.3076616, -13.330345 ] } },
{ "type": "Feature", "properties": { "id_copa": 884, "talhao": "T9" }, "geometry": { "type": "Point", "coordinates": [ -39.3076543, -13.3286028 ] } },
{ "type": "Feature", "properties": { "id_copa": 887, "talhao": "T9" }, "geometry": { "type": "Point", "coordinates": [ -39.3078789, -13.3296228 ] } },
{ "type": "Feature", "properties": { "id_copa": 892, "talhao": "T9" }, "geometry": { "type": "Point", "coordinates": [ -39.3069161, -13.331013 ] } },
{ "type": "Feature", "properties": { "id_copa": 893, "talhao": "T9" }, "geometry": { "type": "Point", "coordinates": [ -39.3071872, -13.3297895 ] } },
{ "type": "Feature", "properties": { "id_copa": 897, "talhao": "T9" }, "geometry": { "type": "Point", "coordinates": [ -39.3071835, -13.3306378 ] } },
{ "type": "Feature", "properties": { "id_copa": 898, "talhao": "T9" }, "geometry": { "type": "Point", "coordinates": [ -39.3077575, -13.3281226 ] } },
{ "type": "Feature", "properties": { "id_copa": 905, "talhao": "T9" }, "geometry": { "type": "Point", "coordinates": [ -39.3070294, -13.3295675 ] } },
{ "type": "Feature", "properties": { "id_copa": 907, "talhao": "T9" }, "geometry": { "type": "Point", "coordinates": [ -39.3074201, -13.3288124 ] } },
{ "type": "Feature", "properties": { "id_copa": 912, "talhao": "T9" }, "geometry": { "type": "Point", "coordinates": [ -39.3071105, -13.3302186 ] } },
{ "type": "Feature", "properties": { "id_copa": 916, "talhao": "T9" }, "geometry": { "type": "Point", "coordinates": [ -39.3070862, -13.3309284 ] } },
{ "type": "Feature", "properties": { "id_copa": 926, "talhao": "T9" }, "geometry": { "type": "Point", "coordinates": [ -39.3071934, -13.3309841 ] } },
{ "type": "Feature", "properties": { "id_copa": 932, "talhao": "T9" }, "geometry": { "type": "Point", "coordinates": [ -39.3070181, -13.3301789 ] } },
{ "type": "Feature", "properties": { "id_copa": 941, "talhao": "T9" }, "geometry": { "type": "Point", "coordinates": [ -39.3075654, -13.3291316 ] } },
{ "type": "Feature", "properties": { "id_copa": 968, "talhao": "T9" }, "geometry": { "type": "Point", "coordinates": [ -39.3078753, -13.3298453 ] } },
{ "type": "Feature", "properties": { "id_copa": 969, "talhao": "T9" }, "geometry": { "type": "Point", "coordinates": [ -39.3079105, -13.3303399 ] } },
{ "type": "Feature", "properties": { "id_copa": 983, "talhao": "T9" }, "geometry": { "type": "Point", "coordinates": [ -39.3074625, -13.3306244 ] } },
{ "type": "Feature", "properties": { "id_copa": 984, "talhao": "T9" }, "geometry": { "type": "Point", "coordinates": [ -39.3076217, -13.3293158 ] } },
{ "type": "Feature", "properties": { "id_copa": 1004, "talhao": "T9" }, "geometry": { "type": "Point", "coordinates": [ -39.3083296, -13.329322 ] } },
{ "type": "Feature", "properties": { "id_copa": 1028, "talhao": "T9" }, "geometry": { "type": "Point", "coordinates": [ -39.3078173, -13.3301008 ] } },
{ "type": "Feature", "properties": { "id_copa": 1037, "talhao": "T9" }, "geometry": { "type": "Point", "coordinates": [ -39.3068066, -13.3287695 ] } },
{ "type": "Feature", "properties": { "id_copa": 1084, "talhao": "T9" }, "geometry": { "type": "Point", "coordinates": [ -39.3075826, -13.3287492 ] } },
{ "type": "Feature", "properties": { "id_copa": 1089, "talhao": "T9" }, "geometry": { "type": "Point", "coordinates": [ -39.307897, -13.3292946 ] } },
{ "type": "Feature", "properties": { "id_copa": 1100, "talhao": "T9" }, "geometry": { "type": "Point", "coordinates": [ -39.3071068, -13.3290123 ] } },
{ "type": "Feature", "properties": { "id_copa": 1105, "talhao": "T9" }, "geometry": { "type": "Point", "coordinates": [ -39.3078167, -13.3283424 ] } },
{ "type": "Feature", "properties": { "id_copa": 1116, "talhao": "T9" }, "geometry": { "type": "Point", "coordinates": [ -39.3078894, -13.3284083 ] } },
{ "type": "Feature", "properties": { "id_copa": 1121, "talhao": "T9" }, "geometry": { "type": "Point", "coordinates": [ -39.3072665, -13.3306908 ] } },
{ "type": "Feature", "properties": { "id_copa": 1157, "talhao": "T9" }, "geometry": { "type": "Point", "coordinates": [ -39.3069581, -13.3299361 ] } },
{ "type": "Feature", "properties": { "id_copa": 1171, "talhao": "T9" }, "geometry": { "type": "Point", "coordinates": [ -39.3077303, -13.3285942 ] } },
{ "type": "Feature", "properties": { "id_copa": 1174, "talhao": "T9" }, "geometry": { "type": "Point", "coordinates": [ -39.3079736, -13.3298524 ] } },
{ "type": "Feature", "properties": { "id_copa": 1192, "talhao": "T9" }, "geometry": { "type": "Point", "coordinates": [ -39.3072661, -13.3288106 ] } },
{ "type": "Feature", "properties": { "id_copa": 1222, "talhao": "T9" }, "geometry": { "type": "Point", "coordinates": [ -39.3072626, -13.3286357 ] } },
{ "type": "Feature", "properties": { "id_copa": 1238, "talhao": "T9" }, "geometry": { "type": "Point", "coordinates": [ -39.3074661, -13.3291548 ] } },
{ "type": "Feature", "properties": { "id_copa": 1240, "talhao": "T9" }, "geometry": { "type": "Point", "coordinates": [ -39.3075264, -13.330509 ] } },
{ "type": "Feature", "properties": { "id_copa": 1246, "talhao": "T9" }, "geometry": { "type": "Point", "coordinates": [ -39.307516, -13.3307175 ] } },
{ "type": "Feature", "properties": { "id_copa": 1258, "talhao": "T9" }, "geometry": { "type": "Point", "coordinates": [ -39.3078494, -13.3286151 ] } },
{ "type": "Feature", "properties": { "id_copa": 1268, "talhao": "T9" }, "geometry": { "type": "Point", "coordinates": [ -39.3080941, -13.3294156 ] } },
{ "type": "Feature", "properties": { "id_copa": 1275, "talhao": "T9" }, "geometry": { "type": "Point", "coordinates": [ -39.3075077, -13.3298538 ] } },
{ "type": "Feature", "properties": { "id_copa": 1278, "talhao": "T9" }, "geometry": { "type": "Point", "coordinates": [ -39.3077034, -13.3287014 ] } },
{ "type": "Feature", "properties": { "id_copa": 1283, "talhao": "T9" }, "geometry": { "type": "Point", "coordinates": [ -39.3067717, -13.3299349 ] } },
{ "type": "Feature", "properties": { "id_copa": 1315, "talhao": "T9" }, "geometry": { "type": "Point", "coordinates": [ -39.3068139, -13.3307937 ] } },
{ "type": "Feature", "properties": { "id_copa": 1317, "talhao": "T9" }, "geometry": { "type": "Point", "coordinates": [ -39.3074282, -13.3290448 ] } },
{ "type": "Feature", "properties": { "id_copa": 1330, "talhao": "T9" }, "geometry": { "type": "Point", "coordinates": [ -39.307578, -13.3296492 ] } },
{ "type": "Feature", "properties": { "id_copa": 1349, "talhao": "T9" }, "geometry": { "type": "Point", "coordinates": [ -39.3075927, -13.3306994 ] } },
{ "type": "Feature", "properties": { "id_copa": 1370, "talhao": "T9" }, "geometry": { "type": "Point", "coordinates": [ -39.3081365, -13.329753 ] } },
{ "type": "Feature", "properties": { "id_copa": 1384, "talhao": "T9" }, "geometry": { "type": "Point", "coordinates": [ -39.3078008, -13.3303047 ] } },
{ "type": "Feature", "properties": { "id_copa": 1393, "talhao": "T9" }, "geometry": { "type": "Point", "coordinates": [ -39.3069626, -13.3300013 ] } },
{ "type": "Feature", "properties": { "id_copa": 1427, "talhao": "T9" }, "geometry": { "type": "Point", "coordinates": [ -39.3068061, -13.3295183 ] } },
{ "type": "Feature", "properties": { "id_copa": 1431, "talhao": "T9" }, "geometry": { "type": "Point", "coordinates": [ -39.3074553, -13.3300074 ] } },
{ "type": "Feature", "properties": { "id_copa": 1432, "talhao": "T9" }, "geometry": { "type": "Point", "coordinates": [ -39.3073386, -13.3308747 ] } },
{ "type": "Feature", "properties": { "id_copa": 1443, "talhao": "T9" }, "geometry": { "type": "Point", "coordinates": [ -39.3070127, -13.3300084 ] } },
{ "type": "Feature", "properties": { "id_copa": 1445, "talhao": "T9" }, "geometry": { "type": "Point", "coordinates": [ -39.3068727, -13.3299961 ] } },
{ "type": "Feature", "properties": { "id_copa": 1447, "talhao": "T9" }, "geometry": { "type": "Point", "coordinates": [ -39.3073406, -13.3286329 ] } },
{ "type": "Feature", "properties": { "id_copa": 1449, "talhao": "T9" }, "geometry": { "type": "Point", "coordinates": [ -39.3069937, -13.329241 ] } },
{ "type": "Feature", "properties": { "id_copa": 1455, "talhao": "T9" }, "geometry": { "type": "Point", "coordinates": [ -39.3076302, -13.3290248 ] } },
{ "type": "Feature", "properties": { "id_copa": 1461, "talhao": "T9" }, "geometry": { "type": "Point", "coordinates": [ -39.3068699, -13.3294847 ] } },
{ "type": "Feature", "properties": { "id_copa": 1462, "talhao": "T9" }, "geometry": { "type": "Point", "coordinates": [ -39.3070605, -13.3304148 ] } },
{ "type": "Feature", "properties": { "id_copa": 1470, "talhao": "T9" }, "geometry": { "type": "Point", "coordinates": [ -39.3071946, -13.3292054 ] } },
{ "type": "Feature", "properties": { "id_copa": 1482, "talhao": "T9" }, "geometry": { "type": "Point", "coordinates": [ -39.3078249, -13.3282265 ] } },
{ "type": "Feature", "properties": { "id_copa": 1490, "talhao": "T9" }, "geometry": { "type": "Point", "coordinates": [ -39.3069389, -13.3300883 ] } },
{ "type": "Feature", "properties": { "id_copa": 1497, "talhao": "T9" }, "geometry": { "type": "Point", "coordinates": [ -39.3069791, -13.3302153 ] } },
{ "type": "Feature", "properties": { "id_copa": 1512, "talhao": "T9" }, "geometry": { "type": "Point", "coordinates": [ -39.3077489, -13.32868 ] } },
{ "type": "Feature", "properties": { "id_copa": 1513, "talhao": "T9" }, "geometry": { "type": "Point", "coordinates": [ -39.3069083, -13.3299338 ] } },
{ "type": "Feature", "properties": { "id_copa": 1527, "talhao": "T9" }, "geometry": { "type": "Point", "coordinates": [ -39.3078221, -13.3294182 ] } },
{ "type": "Feature", "properties": { "id_copa": 1528, "talhao": "T9" }, "geometry": { "type": "Point", "coordinates": [ -39.3071397, -13.3309539 ] } },
{ "type": "Feature", "properties": { "id_copa": 1543, "talhao": "T9" }, "geometry": { "type": "Point", "coordinates": [ -39.306746, -13.3298368 ] } },
{ "type": "Feature", "properties": { "id_copa": 1583, "talhao": "T9" }, "geometry": { "type": "Point", "coordinates": [ -39.306829, -13.3300004 ] } },
{ "type": "Feature", "properties": { "id_copa": 1588, "talhao": "T9" }, "geometry": { "type": "Point", "coordinates": [ -39.3070517, -13.3297137 ] } },
{ "type": "Feature", "properties": { "id_copa": 1594, "talhao": "T9" }, "geometry": { "type": "Point", "coordinates": [ -39.307816, -13.3281342 ] } },
{ "type": "Feature", "properties": { "id_copa": 1599, "talhao": "T9" }, "geometry": { "type": "Point", "coordinates": [ -39.3082883, -13.329864 ] } },
{ "type": "Feature", "properties": { "id_copa": 1602, "talhao": "T9" }, "geometry": { "type": "Point", "coordinates": [ -39.3073966, -13.3291028 ] } },
{ "type": "Feature", "properties": { "id_copa": 1611, "talhao": "T9" }, "geometry": { "type": "Point", "coordinates": [ -39.3068754, -13.3298327 ] } },
{ "type": "Feature", "properties": { "id_copa": 1619, "talhao": "T9" }, "geometry": { "type": "Point", "coordinates": [ -39.3074016, -13.3286078 ] } },
{ "type": "Feature", "properties": { "id_copa": 1628, "talhao": "T9" }, "geometry": { "type": "Point", "coordinates": [ -39.3070819, -13.3302796 ] } },
{ "type": "Feature", "properties": { "id_copa": 1629, "talhao": "T9" }, "geometry": { "type": "Point", "coordinates": [ -39.306603, -13.3298727 ] } },
{ "type": "Feature", "properties": { "id_copa": 1632, "talhao": "T9" }, "geometry": { "type": "Point", "coordinates": [ -39.3072666, -13.3299572 ] } },
{ "type": "Feature", "properties": { "id_copa": 1641, "talhao": "T9" }, "geometry": { "type": "Point", "coordinates": [ -39.3074187, -13.3307924 ] } },
{ "type": "Feature", "properties": { "id_copa": 1649, "talhao": "T9" }, "geometry": { "type": "Point", "coordinates": [ -39.3076343, -13.3282731 ] } },
{ "type": "Feature", "properties": { "id_copa": 1653, "talhao": "T9" }, "geometry": { "type": "Point", "coordinates": [ -39.3079123, -13.328719 ] } },
{ "type": "Feature", "properties": { "id_copa": 1668, "talhao": "T9" }, "geometry": { "type": "Point", "coordinates": [ -39.3071695, -13.3304733 ] } },
{ "type": "Feature", "properties": { "id_copa": 1674, "talhao": "T9" }, "geometry": { "type": "Point", "coordinates": [ -39.3069281, -13.3298906 ] } },
{ "type": "Feature", "properties": { "id_copa": 1688, "talhao": "T9" }, "geometry": { "type": "Point", "coordinates": [ -39.3077036, -13.3283811 ] } },
{ "type": "Feature", "properties": { "id_copa": 1699, "talhao": "T9" }, "geometry": { "type": "Point", "coordinates": [ -39.3070718, -13.3306546 ] } },
{ "type": "Feature", "properties": { "id_copa": 1703, "talhao": "T9" }, "geometry": { "type": "Point", "coordinates": [ -39.3075319, -13.3292775 ] } },
{ "type": "Feature", "properties": { "id_copa": 1711, "talhao": "T9" }, "geometry": { "type": "Point", "coordinates": [ -39.3072728, -13.3308393 ] } },
{ "type": "Feature", "properties": { "id_copa": 1728, "talhao": "T9" }, "geometry": { "type": "Point", "coordinates": [ -39.3081872, -13.3291094 ] } },
{ "type": "Feature", "properties": { "id_copa": 1739, "talhao": "T9" }, "geometry": { "type": "Point", "coordinates": [ -39.3069596, -13.3295199 ] } },
{ "type": "Feature", "properties": { "id_copa": 1744, "talhao": "T9" }, "geometry": { "type": "Point", "coordinates": [ -39.3076893, -13.3293822 ] } },
{ "type": "Feature", "properties": { "id_copa": 1747, "talhao": "T9" }, "geometry": { "type": "Point", "coordinates": [ -39.3077485, -13.3288146 ] } },
{ "type": "Feature", "properties": { "id_copa": 1750, "talhao": "T9" }, "geometry": { "type": "Point", "coordinates": [ -39.3077043, -13.3281963 ] } },
{ "type": "Feature", "properties": { "id_copa": 1764, "talhao": "T9" }, "geometry": { "type": "Point", "coordinates": [ -39.3072051, -13.3300066 ] } },
{ "type": "Feature", "properties": { "id_copa": 1800, "talhao": "T9" }, "geometry": { "type": "Point", "coordinates": [ -39.3070155, -13.3293286 ] } },
{ "type": "Feature", "properties": { "id_copa": 1806, "talhao": "T9" }, "geometry": { "type": "Point", "coordinates": [ -39.3076105, -13.3294665 ] } },
{ "type": "Feature", "properties": { "id_copa": 1818, "talhao": "T9" }, "geometry": { "type": "Point", "coordinates": [ -39.3075991, -13.3307754 ] } },
{ "type": "Feature", "properties": { "id_copa": 1821, "talhao": "T9" }, "geometry": { "type": "Point", "coordinates": [ -39.3069616, -13.3308388 ] } },
{ "type": "Feature", "properties": { "id_copa": 1828, "talhao": "T9" }, "geometry": { "type": "Point", "coordinates": [ -39.3078995, -13.3288114 ] } },
{ "type": "Feature", "properties": { "id_copa": 1838, "talhao": "T9" }, "geometry": { "type": "Point", "coordinates": [ -39.3074672, -13.3300744 ] } },
{ "type": "Feature", "properties": { "id_copa": 1850, "talhao": "T9" }, "geometry": { "type": "Point", "coordinates": [ -39.3071566, -13.3300566 ] } },
{ "type": "Feature", "properties": { "id_copa": 1877, "talhao": "T9" }, "geometry": { "type": "Point", "coordinates": [ -39.3075502, -13.3308025 ] } },
{ "type": "Feature", "properties": { "id_copa": 1886, "talhao": "T9" }, "geometry": { "type": "Point", "coordinates": [ -39.3068788, -13.3290143 ] } }
]
}
